### LOG KHOI TAO NGAY 29/01/2026  8:26:04.04 ### 
[FAILED] activation-1.0.2.pom 29/01/2026  8:26:06.09 
[FAILED] activation-1.0.2.pom 29/01/2026  8:27:42.90 
[FAILED] antlr-2.7.2.pom 29/01/2026  8:27:45.09 
[FAILED] antlr-2.7.5.pom 29/01/2026  8:27:47.52 
[FAILED] activation-1.0.2.pom 29/01/2026  8:27:52.17 
[FAILED] antlr-2.7.2.pom 29/01/2026  8:27:54.44 
[FAILED] antlr-2.7.5.pom 29/01/2026  8:27:57.26 
[FAILED] antlr-2.7.7.pom 29/01/2026  8:28:00.00 
[FAILED] aopalliance-1.0.pom 29/01/2026  8:28:02.78 
[FAILED] asm-1.4.3.pom 29/01/2026  8:28:05.48 
[FAILED] asm-3.3.1.pom 29/01/2026  8:28:08.25 
[FAILED] asm-parent-3.3.1.pom 29/01/2026  8:28:10.99 
[FAILED] avalon-framework-4.1.3.pom 29/01/2026  8:28:13.65 
[FAILED] activation-1.0.2.pom 29/01/2026  8:28:23.45 
[FAILED] antlr-2.7.2.pom 29/01/2026  8:28:25.74 
[FAILED] antlr-2.7.5.pom 29/01/2026  8:28:28.43 
[FAILED] antlr-2.7.7.pom 29/01/2026  8:28:31.23 
[FAILED] aopalliance-1.0.pom 29/01/2026  8:28:33.85 
[FAILED] asm-1.4.3.pom 29/01/2026  8:28:36.54 
[FAILED] avalon-framework-impl-4.2.0.pom - Vui long kiem tra settings.xml 
[FAILED] backport-util-concurrent-3.1.pom - Vui long kiem tra settings.xml 
[FAILED] bcmail-jdk14-138.pom - Vui long kiem tra settings.xml 
[FAILED] bcprov-jdk14-138.pom - Vui long kiem tra settings.xml 
[FAILED] bctsp-jdk14-138.pom - Vui long kiem tra settings.xml 
[FAILED] cglib-2.0.2.pom - Vui long kiem tra settings.xml 
[FAILED] ganymed-ssh2-build210.pom - Vui long kiem tra settings.xml 
[FAILED] logback-classic-1.1.2.pom - Vui long kiem tra settings.xml 
[FAILED] logback-classic-1.2.11.pom - Vui long kiem tra settings.xml 
[FAILED] logback-classic-1.2.12.pom - Vui long kiem tra settings.xml 
[FAILED] logback-classic-1.2.3.pom - Vui long kiem tra settings.xml 
[FAILED] logback-classic-1.2.6.pom - Vui long kiem tra settings.xml 
[FAILED] logback-classic-1.2.9.pom - Vui long kiem tra settings.xml 
[FAILED] logback-classic-1.4.11.pom - Vui long kiem tra settings.xml 
[FAILED] logback-classic-1.4.14.pom - Vui long kiem tra settings.xml 
[FAILED] logback-classic-1.4.5.pom - Vui long kiem tra settings.xml 
[FAILED] logback-classic-1.4.7.pom - Vui long kiem tra settings.xml 
[FAILED] logback-classic-1.5.18.pom - Vui long kiem tra settings.xml 
[FAILED] logback-classic-1.5.6.pom - Vui long kiem tra settings.xml 
[FAILED] logback-classic-1.5.8.pom - Vui long kiem tra settings.xml 
[FAILED] logback-core-1.1.2.pom - Vui long kiem tra settings.xml 
[FAILED] logback-core-1.2.11.pom - Vui long kiem tra settings.xml 
[FAILED] logback-core-1.2.12.pom - Vui long kiem tra settings.xml 
[FAILED] logback-core-1.2.3.pom - Vui long kiem tra settings.xml 
[FAILED] logback-core-1.2.6.pom - Vui long kiem tra settings.xml 
[FAILED] logback-core-1.2.9.pom - Vui long kiem tra settings.xml 
[FAILED] logback-core-1.4.11.pom - Vui long kiem tra settings.xml 
[FAILED] logback-core-1.4.14.pom - Vui long kiem tra settings.xml 
[FAILED] logback-core-1.4.5.pom - Vui long kiem tra settings.xml 
[FAILED] logback-core-1.4.7.pom - Vui long kiem tra settings.xml 
[FAILED] logback-core-1.5.18.pom - Vui long kiem tra settings.xml 
[FAILED] logback-core-1.5.6.pom - Vui long kiem tra settings.xml 
[FAILED] logback-core-1.5.8.pom - Vui long kiem tra settings.xml 
[FAILED] logback-parent-1.1.2.pom - Vui long kiem tra settings.xml 
[FAILED] logback-parent-1.2.11.pom - Vui long kiem tra settings.xml 
[FAILED] logback-parent-1.2.12.pom - Vui long kiem tra settings.xml 
[FAILED] logback-parent-1.2.3.pom - Vui long kiem tra settings.xml 
[FAILED] logback-parent-1.2.6.pom - Vui long kiem tra settings.xml 
[FAILED] logback-parent-1.2.9.pom - Vui long kiem tra settings.xml 
[FAILED] logback-parent-1.4.11.pom - Vui long kiem tra settings.xml 
[FAILED] logback-parent-1.4.14.pom - Vui long kiem tra settings.xml 
[FAILED] logback-parent-1.4.5.pom - Vui long kiem tra settings.xml 
[FAILED] logback-parent-1.4.7.pom - Vui long kiem tra settings.xml 
[FAILED] logback-parent-1.5.18.pom - Vui long kiem tra settings.xml 
[FAILED] logback-parent-1.5.6.pom - Vui long kiem tra settings.xml 
[FAILED] logback-parent-1.5.8.pom - Vui long kiem tra settings.xml 
[FAILED] classworlds-1.1.pom - Vui long kiem tra settings.xml 
[FAILED] classworlds-1.1-alpha-2.pom - Vui long kiem tra settings.xml 
[FAILED] xmpcore-6.1.11.pom - Vui long kiem tra settings.xml 
[FAILED] aws-java-sdk-autoscaling-1.11.277.pom - Vui long kiem tra settings.xml 
[FAILED] aws-java-sdk-bom-1.11.415.pom - Vui long kiem tra settings.xml 
[FAILED] aws-java-sdk-bom-1.11.792.pom - Vui long kiem tra settings.xml 
[FAILED] aws-java-sdk-core-1.11.277.pom - Vui long kiem tra settings.xml 
[FAILED] aws-java-sdk-core-1.11.52.pom - Vui long kiem tra settings.xml 
[FAILED] aws-java-sdk-ec2-1.11.277.pom - Vui long kiem tra settings.xml 
[FAILED] aws-java-sdk-kms-1.11.52.pom - Vui long kiem tra settings.xml 
[FAILED] aws-java-sdk-pom-1.11.277.pom - Vui long kiem tra settings.xml 
[FAILED] aws-java-sdk-pom-1.11.415.pom - Vui long kiem tra settings.xml 
[FAILED] aws-java-sdk-pom-1.11.52.pom - Vui long kiem tra settings.xml 
[FAILED] aws-java-sdk-pom-1.11.792.pom - Vui long kiem tra settings.xml 
[FAILED] aws-java-sdk-route53-1.11.277.pom - Vui long kiem tra settings.xml 
[FAILED] aws-java-sdk-s3-1.11.52.pom - Vui long kiem tra settings.xml 
[FAILED] aws-java-sdk-sts-1.11.277.pom - Vui long kiem tra settings.xml 
[FAILED] jmespath-java-1.0.pom - Vui long kiem tra settings.xml 
[FAILED] jmespath-java-1.11.277.pom - Vui long kiem tra settings.xml 
[FAILED] jcommander-1.72.pom - Vui long kiem tra settings.xml 
[FAILED] jcommander-1.78.pom - Vui long kiem tra settings.xml 
[FAILED] java-driver-bom-4.11.2.pom - Vui long kiem tra settings.xml 
[FAILED] java-driver-bom-4.11.3.pom - Vui long kiem tra settings.xml 
[FAILED] java-driver-bom-4.13.0.pom - Vui long kiem tra settings.xml 
[FAILED] java-driver-bom-4.14.1.pom - Vui long kiem tra settings.xml 
[FAILED] java-driver-bom-4.15.0.pom - Vui long kiem tra settings.xml 
[FAILED] java-driver-bom-4.17.0.pom - Vui long kiem tra settings.xml 
[FAILED] java-driver-bom-4.6.1.pom - Vui long kiem tra settings.xml 
[FAILED] java-driver-bom-4.9.0.pom - Vui long kiem tra settings.xml 
[FAILED] metadata-extractor-2.18.0.pom - Vui long kiem tra settings.xml 
[FAILED] nfs-client-1.0.3.pom - Vui long kiem tra settings.xml 
[FAILED] classmate-1.3.4.pom - Vui long kiem tra settings.xml 
[FAILED] classmate-1.4.0.pom - Vui long kiem tra settings.xml 
[FAILED] classmate-1.5.1.pom - Vui long kiem tra settings.xml 
[FAILED] classmate-1.6.0.pom - Vui long kiem tra settings.xml 
[FAILED] classmate-1.7.0.pom - Vui long kiem tra settings.xml 
[FAILED] jackson-annotations-2.10.2.pom - Vui long kiem tra settings.xml 
[FAILED] jackson-annotations-2.11.2.pom - Vui long kiem tra settings.xml 
[FAILED] jackson-annotations-2.11.3.pom - Vui long kiem tra settings.xml 
[FAILED] jackson-annotations-2.11.4.pom - Vui long kiem tra settings.xml 
[FAILED] jackson-annotations-2.12.3.pom - Vui long kiem tra settings.xml 
[FAILED] jackson-annotations-2.12.5.pom - Vui long kiem tra settings.xml 
[FAILED] jackson-annotations-2.12.6.pom - Vui long kiem tra settings.xml 
[FAILED] jackson-annotations-2.13.1.pom - Vui long kiem tra settings.xml 
[FAILED] jackson-annotations-2.13.3.pom - Vui long kiem tra settings.xml 
[FAILED] jackson-annotations-2.13.4.pom - Vui long kiem tra settings.xml 
[FAILED] jackson-annotations-2.13.5.pom - Vui long kiem tra settings.xml 
[FAILED] jackson-annotations-2.14.2.pom - Vui long kiem tra settings.xml 
[FAILED] jackson-annotations-2.14.3.pom - Vui long kiem tra settings.xml 
[FAILED] jackson-annotations-2.15.2.pom - Vui long kiem tra settings.xml 
[FAILED] jackson-annotations-2.15.3.pom - Vui long kiem tra settings.xml 
[FAILED] jackson-annotations-2.15.4.pom - Vui long kiem tra settings.xml 
[FAILED] jackson-annotations-2.17.1.pom - Vui long kiem tra settings.xml 
[FAILED] jackson-annotations-2.17.2.pom - Vui long kiem tra settings.xml 
[FAILED] jackson-annotations-2.17.3.pom - Vui long kiem tra settings.xml 
[FAILED] jackson-annotations-2.19.1.pom - Vui long kiem tra settings.xml 
[FAILED] jackson-annotations-2.3.0.pom - Vui long kiem tra settings.xml 
[FAILED] jackson-annotations-2.3.1.pom - Vui long kiem tra settings.xml 
[FAILED] jackson-annotations-2.9.0.pom - Vui long kiem tra settings.xml 
[FAILED] jackson-core-2.10.2.pom - Vui long kiem tra settings.xml 
[FAILED] jackson-core-2.11.2.pom - Vui long kiem tra settings.xml 
[FAILED] jackson-core-2.11.3.pom - Vui long kiem tra settings.xml 
[FAILED] jackson-core-2.11.4.pom - Vui long kiem tra settings.xml 
[FAILED] jackson-core-2.12.3.pom - Vui long kiem tra settings.xml 
[FAILED] jackson-core-2.12.5.pom - Vui long kiem tra settings.xml 
[FAILED] jackson-core-2.12.6.pom - Vui long kiem tra settings.xml 
[FAILED] jackson-core-2.13.1.pom - Vui long kiem tra settings.xml 
[FAILED] jackson-core-2.13.3.pom - Vui long kiem tra settings.xml 
[FAILED] jackson-core-2.13.4.pom - Vui long kiem tra settings.xml 
[FAILED] jackson-core-2.13.5.pom - Vui long kiem tra settings.xml 
[FAILED] jackson-core-2.14.2.pom - Vui long kiem tra settings.xml 
[FAILED] jackson-core-2.14.3.pom - Vui long kiem tra settings.xml 
[FAILED] jackson-core-2.15.2.pom - Vui long kiem tra settings.xml 
[FAILED] jackson-core-2.15.3.pom - Vui long kiem tra settings.xml 
[FAILED] jackson-core-2.15.4.pom - Vui long kiem tra settings.xml 
[FAILED] jackson-core-2.17.1.pom - Vui long kiem tra settings.xml 
[FAILED] jackson-core-2.17.2.pom - Vui long kiem tra settings.xml 
[FAILED] jackson-core-2.17.3.pom - Vui long kiem tra settings.xml 
[FAILED] jackson-core-2.19.1.pom - Vui long kiem tra settings.xml 
[FAILED] jackson-core-2.3.1.pom - Vui long kiem tra settings.xml 
[FAILED] jackson-core-2.9.6.pom - Vui long kiem tra settings.xml 
[FAILED] jackson-core-2.9.7.pom - Vui long kiem tra settings.xml 
[FAILED] jackson-core-2.9.8.pom - Vui long kiem tra settings.xml 
[FAILED] jackson-core-2.9.9.pom - Vui long kiem tra settings.xml 
[FAILED] jackson-databind-2.10.2.pom - Vui long kiem tra settings.xml 
[FAILED] jackson-databind-2.11.2.pom - Vui long kiem tra settings.xml 
[FAILED] jackson-databind-2.11.3.pom - Vui long kiem tra settings.xml 
[FAILED] jackson-databind-2.11.4.pom - Vui long kiem tra settings.xml 
[FAILED] jackson-databind-2.12.3.pom - Vui long kiem tra settings.xml 
[FAILED] jackson-databind-2.12.5.pom - Vui long kiem tra settings.xml 
[FAILED] jackson-databind-2.12.6.1.pom - Vui long kiem tra settings.xml 
[FAILED] jackson-databind-2.13.1.pom - Vui long kiem tra settings.xml 
[FAILED] jackson-databind-2.13.3.pom - Vui long kiem tra settings.xml 
[FAILED] jackson-databind-2.13.4.pom - Vui long kiem tra settings.xml 
[FAILED] jackson-databind-2.13.4.2.pom - Vui long kiem tra settings.xml 
[FAILED] jackson-databind-2.13.5.pom - Vui long kiem tra settings.xml 
[FAILED] jackson-databind-2.14.2.pom - Vui long kiem tra settings.xml 
[FAILED] jackson-databind-2.14.3.pom - Vui long kiem tra settings.xml 
[FAILED] jackson-databind-2.15.2.pom - Vui long kiem tra settings.xml 
[FAILED] jackson-databind-2.15.3.pom - Vui long kiem tra settings.xml 
[FAILED] jackson-databind-2.15.4.pom - Vui long kiem tra settings.xml 
[FAILED] jackson-databind-2.17.1.pom - Vui long kiem tra settings.xml 
[FAILED] jackson-databind-2.17.2.pom - Vui long kiem tra settings.xml 
[FAILED] jackson-databind-2.17.3.pom - Vui long kiem tra settings.xml 
[FAILED] jackson-databind-2.19.1.pom - Vui long kiem tra settings.xml 
[FAILED] jackson-databind-2.3.1.pom - Vui long kiem tra settings.xml 
[FAILED] jackson-databind-2.9.6.pom - Vui long kiem tra settings.xml 
[FAILED] jackson-databind-2.9.7.pom - Vui long kiem tra settings.xml 
[FAILED] jackson-databind-2.9.8.pom - Vui long kiem tra settings.xml 
[FAILED] jackson-databind-2.9.9.3.pom - Vui long kiem tra settings.xml 
[FAILED] jackson-dataformat-cbor-2.11.4.pom - Vui long kiem tra settings.xml 
[FAILED] jackson-dataformat-cbor-2.17.3.pom - Vui long kiem tra settings.xml 
[FAILED] jackson-dataformat-xml-2.11.4.pom - Vui long kiem tra settings.xml 
[FAILED] jackson-dataformat-xml-2.15.3.pom - Vui long kiem tra settings.xml 
[FAILED] jackson-dataformat-xml-2.15.4.pom - Vui long kiem tra settings.xml 
[FAILED] jackson-dataformat-xml-2.17.3.pom - Vui long kiem tra settings.xml 
[FAILED] jackson-dataformat-xml-2.9.7.pom - Vui long kiem tra settings.xml 
[FAILED] jackson-dataformat-yaml-2.11.4.pom - Vui long kiem tra settings.xml 
[FAILED] jackson-dataformat-yaml-2.12.5.pom - Vui long kiem tra settings.xml 
[FAILED] jackson-dataformat-yaml-2.13.3.pom - Vui long kiem tra settings.xml 
[FAILED] jackson-dataformat-yaml-2.13.5.pom - Vui long kiem tra settings.xml 
[FAILED] jackson-dataformat-yaml-2.14.2.pom - Vui long kiem tra settings.xml 
[FAILED] jackson-dataformat-yaml-2.15.3.pom - Vui long kiem tra settings.xml 
[FAILED] jackson-dataformat-yaml-2.15.4.pom - Vui long kiem tra settings.xml 
[FAILED] jackson-dataformat-yaml-2.17.1.pom - Vui long kiem tra settings.xml 
[FAILED] jackson-dataformat-yaml-2.17.3.pom - Vui long kiem tra settings.xml 
[FAILED] jackson-dataformat-yaml-2.19.1.pom - Vui long kiem tra settings.xml 
[FAILED] jackson-dataformats-binary-2.11.4.pom - Vui long kiem tra settings.xml 
[FAILED] jackson-dataformats-binary-2.17.3.pom - Vui long kiem tra settings.xml 
[FAILED] jackson-dataformats-text-2.11.4.pom - Vui long kiem tra settings.xml 
[FAILED] jackson-dataformats-text-2.12.5.pom - Vui long kiem tra settings.xml 
[FAILED] jackson-dataformats-text-2.13.3.pom - Vui long kiem tra settings.xml 
[FAILED] jackson-dataformats-text-2.13.5.pom - Vui long kiem tra settings.xml 
[FAILED] jackson-dataformats-text-2.14.2.pom - Vui long kiem tra settings.xml 
[FAILED] jackson-dataformats-text-2.15.3.pom - Vui long kiem tra settings.xml 
[FAILED] jackson-dataformats-text-2.15.4.pom - Vui long kiem tra settings.xml 
[FAILED] jackson-dataformats-text-2.17.1.pom - Vui long kiem tra settings.xml 
[FAILED] jackson-dataformats-text-2.17.3.pom - Vui long kiem tra settings.xml 
[FAILED] jackson-dataformats-text-2.19.1.pom - Vui long kiem tra settings.xml 
[FAILED] jackson-datatype-jdk8-2.10.2.pom - Vui long kiem tra settings.xml 
[FAILED] jackson-datatype-jdk8-2.11.2.pom - Vui long kiem tra settings.xml 
[FAILED] jackson-datatype-jdk8-2.11.4.pom - Vui long kiem tra settings.xml 
[FAILED] jackson-datatype-jdk8-2.12.3.pom - Vui long kiem tra settings.xml 
[FAILED] jackson-datatype-jdk8-2.12.5.pom - Vui long kiem tra settings.xml 
[FAILED] jackson-datatype-jdk8-2.13.1.pom - Vui long kiem tra settings.xml 
[FAILED] jackson-datatype-jdk8-2.13.3.pom - Vui long kiem tra settings.xml 
[FAILED] jackson-datatype-jdk8-2.13.4.pom - Vui long kiem tra settings.xml 
[FAILED] jackson-datatype-jdk8-2.13.5.pom - Vui long kiem tra settings.xml 
[FAILED] jackson-datatype-jdk8-2.14.2.pom - Vui long kiem tra settings.xml 
[FAILED] jackson-datatype-jdk8-2.14.3.pom - Vui long kiem tra settings.xml 
[FAILED] jackson-datatype-jdk8-2.15.2.pom - Vui long kiem tra settings.xml 
[FAILED] jackson-datatype-jdk8-2.15.3.pom - Vui long kiem tra settings.xml 
[FAILED] jackson-datatype-jdk8-2.15.4.pom - Vui long kiem tra settings.xml 
[FAILED] jackson-datatype-jdk8-2.17.1.pom - Vui long kiem tra settings.xml 
[FAILED] jackson-datatype-jdk8-2.17.2.pom - Vui long kiem tra settings.xml 
[FAILED] jackson-datatype-jdk8-2.17.3.pom - Vui long kiem tra settings.xml 
[FAILED] jackson-datatype-jdk8-2.19.1.pom - Vui long kiem tra settings.xml 
[FAILED] jackson-datatype-jdk8-2.9.7.pom - Vui long kiem tra settings.xml 
[FAILED] jackson-datatype-jdk8-2.9.8.pom - Vui long kiem tra settings.xml 
[FAILED] jackson-datatype-jdk8-2.9.9.pom - Vui long kiem tra settings.xml 
[FAILED] jackson-datatype-joda-2.15.4.pom - Vui long kiem tra settings.xml 
[FAILED] jackson-datatype-joda-2.17.3.pom - Vui long kiem tra settings.xml 
[FAILED] jackson-datatype-jsr310-2.11.2.pom - Vui long kiem tra settings.xml 
[FAILED] jackson-datatype-jsr310-2.11.4.pom - Vui long kiem tra settings.xml 
[FAILED] jackson-datatype-jsr310-2.12.3.pom - Vui long kiem tra settings.xml 
[FAILED] jackson-datatype-jsr310-2.12.5.pom - Vui long kiem tra settings.xml 
[FAILED] jackson-datatype-jsr310-2.13.1.pom - Vui long kiem tra settings.xml 
[FAILED] jackson-datatype-jsr310-2.13.3.pom - Vui long kiem tra settings.xml 
[FAILED] jackson-datatype-jsr310-2.13.4.pom - Vui long kiem tra settings.xml 
[FAILED] jackson-datatype-jsr310-2.13.5.pom - Vui long kiem tra settings.xml 
[FAILED] jackson-datatype-jsr310-2.14.2.pom - Vui long kiem tra settings.xml 
[FAILED] jackson-datatype-jsr310-2.14.3.pom - Vui long kiem tra settings.xml 
[FAILED] jackson-datatype-jsr310-2.15.2.pom - Vui long kiem tra settings.xml 
[FAILED] jackson-datatype-jsr310-2.15.3.pom - Vui long kiem tra settings.xml 
[FAILED] jackson-datatype-jsr310-2.15.4.pom - Vui long kiem tra settings.xml 
[FAILED] jackson-datatype-jsr310-2.17.1.pom - Vui long kiem tra settings.xml 
[FAILED] jackson-datatype-jsr310-2.17.2.pom - Vui long kiem tra settings.xml 
[FAILED] jackson-datatype-jsr310-2.17.3.pom - Vui long kiem tra settings.xml 
[FAILED] jackson-datatype-jsr310-2.19.1.pom - Vui long kiem tra settings.xml 
[FAILED] jackson-datatype-jsr310-2.9.7.pom - Vui long kiem tra settings.xml 
[FAILED] jackson-datatype-jsr310-2.9.8.pom - Vui long kiem tra settings.xml 
[FAILED] jackson-datatype-jsr310-2.9.9.pom - Vui long kiem tra settings.xml 
[FAILED] jackson-base-2.10.2.pom - Vui long kiem tra settings.xml 
[FAILED] jackson-base-2.11.2.pom - Vui long kiem tra settings.xml 
[FAILED] jackson-base-2.11.3.pom - Vui long kiem tra settings.xml 
[FAILED] jackson-base-2.11.4.pom - Vui long kiem tra settings.xml 
[FAILED] jackson-base-2.12.3.pom - Vui long kiem tra settings.xml 
[FAILED] jackson-base-2.12.5.pom - Vui long kiem tra settings.xml 
[FAILED] jackson-base-2.12.6.pom - Vui long kiem tra settings.xml 
[FAILED] jackson-base-2.13.1.pom - Vui long kiem tra settings.xml 
[FAILED] jackson-base-2.13.3.pom - Vui long kiem tra settings.xml 
[FAILED] jackson-base-2.13.4.pom - Vui long kiem tra settings.xml 
[FAILED] jackson-base-2.13.5.pom - Vui long kiem tra settings.xml 
[FAILED] jackson-base-2.14.2.pom - Vui long kiem tra settings.xml 
[FAILED] jackson-base-2.14.3.pom - Vui long kiem tra settings.xml 
[FAILED] jackson-base-2.15.2.pom - Vui long kiem tra settings.xml 
[FAILED] jackson-base-2.15.3.pom - Vui long kiem tra settings.xml 
[FAILED] jackson-base-2.15.4.pom - Vui long kiem tra settings.xml 
[FAILED] jackson-base-2.17.1.pom - Vui long kiem tra settings.xml 
[FAILED] jackson-base-2.17.2.pom - Vui long kiem tra settings.xml 
[FAILED] jackson-base-2.17.3.pom - Vui long kiem tra settings.xml 
[FAILED] jackson-base-2.19.1.pom - Vui long kiem tra settings.xml 
[FAILED] jackson-base-2.9.6.pom - Vui long kiem tra settings.xml 
[FAILED] jackson-base-2.9.7.pom - Vui long kiem tra settings.xml 
[FAILED] jackson-base-2.9.8.pom - Vui long kiem tra settings.xml 
[FAILED] jackson-base-2.9.9.pom - Vui long kiem tra settings.xml 
[FAILED] jackson-bom-2.10.2.pom - Vui long kiem tra settings.xml 
[FAILED] jackson-bom-2.11.2.pom - Vui long kiem tra settings.xml 
[FAILED] jackson-bom-2.11.3.pom - Vui long kiem tra settings.xml 
[FAILED] jackson-bom-2.11.4.pom - Vui long kiem tra settings.xml 
[FAILED] jackson-bom-2.12.3.pom - Vui long kiem tra settings.xml 
[FAILED] jackson-bom-2.12.5.pom - Vui long kiem tra settings.xml 
[FAILED] jackson-bom-2.12.6.pom - Vui long kiem tra settings.xml 
[FAILED] jackson-bom-2.13.0.pom - Vui long kiem tra settings.xml 
[FAILED] jackson-bom-2.13.1.pom - Vui long kiem tra settings.xml 
[FAILED] jackson-bom-2.13.2.1.pom - Vui long kiem tra settings.xml 
[FAILED] jackson-bom-2.13.3.pom - Vui long kiem tra settings.xml 
[FAILED] jackson-bom-2.13.4.pom - Vui long kiem tra settings.xml 
[FAILED] jackson-bom-2.13.4.20221013.pom - Vui long kiem tra settings.xml 
[FAILED] jackson-bom-2.13.5.pom - Vui long kiem tra settings.xml 
[FAILED] jackson-bom-2.14.1.pom - Vui long kiem tra settings.xml 
[FAILED] jackson-bom-2.14.2.pom - Vui long kiem tra settings.xml 
[FAILED] jackson-bom-2.14.3.pom - Vui long kiem tra settings.xml 
[FAILED] jackson-bom-2.15.2.pom - Vui long kiem tra settings.xml 
[FAILED] jackson-bom-2.15.3.pom - Vui long kiem tra settings.xml 
[FAILED] jackson-bom-2.15.4.pom - Vui long kiem tra settings.xml 
[FAILED] jackson-bom-2.16.1.pom - Vui long kiem tra settings.xml 
[FAILED] jackson-bom-2.17.1.pom - Vui long kiem tra settings.xml 
[FAILED] jackson-bom-2.17.2.pom - Vui long kiem tra settings.xml 
[FAILED] jackson-bom-2.17.3.pom - Vui long kiem tra settings.xml 
[FAILED] jackson-bom-2.19.1.pom - Vui long kiem tra settings.xml 
[FAILED] jackson-bom-2.9.6.pom - Vui long kiem tra settings.xml 
[FAILED] jackson-bom-2.9.7.pom - Vui long kiem tra settings.xml 
[FAILED] jackson-bom-2.9.8.pom - Vui long kiem tra settings.xml 
[FAILED] jackson-bom-2.9.9.pom - Vui long kiem tra settings.xml 
[FAILED] jackson-bom-2.9.9.20190807.pom - Vui long kiem tra settings.xml 
[FAILED] jackson-parent-2.10.pom - Vui long kiem tra settings.xml 
[FAILED] jackson-parent-2.11.pom - Vui long kiem tra settings.xml 
[FAILED] jackson-parent-2.12.pom - Vui long kiem tra settings.xml 
[FAILED] jackson-parent-2.13.pom - Vui long kiem tra settings.xml 
[FAILED] jackson-parent-2.14.pom - Vui long kiem tra settings.xml 
[FAILED] jackson-parent-2.15.pom - Vui long kiem tra settings.xml 
[FAILED] jackson-parent-2.16.pom - Vui long kiem tra settings.xml 
[FAILED] jackson-parent-2.17.pom - Vui long kiem tra settings.xml 
[FAILED] jackson-parent-2.19.2.pom - Vui long kiem tra settings.xml 
[FAILED] jackson-parent-2.9.0.pom - Vui long kiem tra settings.xml 
[FAILED] jackson-parent-2.9.1.1.pom - Vui long kiem tra settings.xml 
[FAILED] jackson-parent-2.9.1.2.pom - Vui long kiem tra settings.xml 
[FAILED] jackson-jaxrs-base-2.13.4.pom - Vui long kiem tra settings.xml 
[FAILED] jackson-jaxrs-base-2.3.1.pom - Vui long kiem tra settings.xml 
[FAILED] jackson-jaxrs-json-provider-2.13.4.pom - Vui long kiem tra settings.xml 
[FAILED] jackson-jaxrs-json-provider-2.3.1.pom - Vui long kiem tra settings.xml 
[FAILED] jackson-jaxrs-providers-2.13.4.pom - Vui long kiem tra settings.xml 
[FAILED] jackson-jaxrs-providers-2.3.1.pom - Vui long kiem tra settings.xml 
[FAILED] jackson-module-afterburner-2.11.4.pom - Vui long kiem tra settings.xml 
[FAILED] jackson-module-afterburner-2.15.3.pom - Vui long kiem tra settings.xml 
[FAILED] jackson-module-afterburner-2.15.4.pom - Vui long kiem tra settings.xml 
[FAILED] jackson-module-afterburner-2.9.7.pom - Vui long kiem tra settings.xml 
[FAILED] jackson-module-jaxb-annotations-2.11.4.pom - Vui long kiem tra settings.xml 
[FAILED] jackson-module-jaxb-annotations-2.13.4.pom - Vui long kiem tra settings.xml 
[FAILED] jackson-module-jaxb-annotations-2.15.3.pom - Vui long kiem tra settings.xml 
[FAILED] jackson-module-jaxb-annotations-2.3.1.pom - Vui long kiem tra settings.xml 
[FAILED] jackson-module-jaxb-annotations-2.9.7.pom - Vui long kiem tra settings.xml 
[FAILED] jackson-module-kotlin-2.15.4.pom - Vui long kiem tra settings.xml 
[FAILED] jackson-module-parameter-names-2.11.2.pom - Vui long kiem tra settings.xml 
[FAILED] jackson-module-parameter-names-2.11.4.pom - Vui long kiem tra settings.xml 
[FAILED] jackson-module-parameter-names-2.12.3.pom - Vui long kiem tra settings.xml 
[FAILED] jackson-module-parameter-names-2.12.5.pom - Vui long kiem tra settings.xml 
[FAILED] jackson-module-parameter-names-2.13.1.pom - Vui long kiem tra settings.xml 
[FAILED] jackson-module-parameter-names-2.13.3.pom - Vui long kiem tra settings.xml 
[FAILED] jackson-module-parameter-names-2.13.4.pom - Vui long kiem tra settings.xml 
[FAILED] jackson-module-parameter-names-2.13.5.pom - Vui long kiem tra settings.xml 
[FAILED] jackson-module-parameter-names-2.14.2.pom - Vui long kiem tra settings.xml 
[FAILED] jackson-module-parameter-names-2.14.3.pom - Vui long kiem tra settings.xml 
[FAILED] jackson-module-parameter-names-2.15.2.pom - Vui long kiem tra settings.xml 
[FAILED] jackson-module-parameter-names-2.15.3.pom - Vui long kiem tra settings.xml 
[FAILED] jackson-module-parameter-names-2.15.4.pom - Vui long kiem tra settings.xml 
[FAILED] jackson-module-parameter-names-2.17.1.pom - Vui long kiem tra settings.xml 
[FAILED] jackson-module-parameter-names-2.17.2.pom - Vui long kiem tra settings.xml 
[FAILED] jackson-module-parameter-names-2.17.3.pom - Vui long kiem tra settings.xml 
[FAILED] jackson-module-parameter-names-2.19.1.pom - Vui long kiem tra settings.xml 
[FAILED] jackson-module-parameter-names-2.9.7.pom - Vui long kiem tra settings.xml 
[FAILED] jackson-module-parameter-names-2.9.8.pom - Vui long kiem tra settings.xml 
[FAILED] jackson-module-parameter-names-2.9.9.pom - Vui long kiem tra settings.xml 
[FAILED] jackson-modules-base-2.11.4.pom - Vui long kiem tra settings.xml 
[FAILED] jackson-modules-base-2.13.4.pom - Vui long kiem tra settings.xml 
[FAILED] jackson-modules-base-2.15.3.pom - Vui long kiem tra settings.xml 
[FAILED] jackson-modules-base-2.15.4.pom - Vui long kiem tra settings.xml 
[FAILED] jackson-modules-base-2.9.7.pom - Vui long kiem tra settings.xml 
[FAILED] jackson-modules-java8-2.10.2.pom - Vui long kiem tra settings.xml 
[FAILED] jackson-modules-java8-2.11.2.pom - Vui long kiem tra settings.xml 
[FAILED] jackson-modules-java8-2.11.4.pom - Vui long kiem tra settings.xml 
[FAILED] jackson-modules-java8-2.12.3.pom - Vui long kiem tra settings.xml 
[FAILED] jackson-modules-java8-2.12.5.pom - Vui long kiem tra settings.xml 
[FAILED] jackson-modules-java8-2.13.1.pom - Vui long kiem tra settings.xml 
[FAILED] jackson-modules-java8-2.13.3.pom - Vui long kiem tra settings.xml 
[FAILED] jackson-modules-java8-2.13.4.pom - Vui long kiem tra settings.xml 
[FAILED] jackson-modules-java8-2.13.5.pom - Vui long kiem tra settings.xml 
[FAILED] jackson-modules-java8-2.14.2.pom - Vui long kiem tra settings.xml 
[FAILED] jackson-modules-java8-2.14.3.pom - Vui long kiem tra settings.xml 
[FAILED] jackson-modules-java8-2.15.2.pom - Vui long kiem tra settings.xml 
[FAILED] jackson-modules-java8-2.15.3.pom - Vui long kiem tra settings.xml 
[FAILED] jackson-modules-java8-2.15.4.pom - Vui long kiem tra settings.xml 
[FAILED] jackson-modules-java8-2.17.1.pom - Vui long kiem tra settings.xml 
[FAILED] jackson-modules-java8-2.17.2.pom - Vui long kiem tra settings.xml 
[FAILED] jackson-modules-java8-2.17.3.pom - Vui long kiem tra settings.xml 
[FAILED] jackson-modules-java8-2.19.1.pom - Vui long kiem tra settings.xml 
[FAILED] jackson-modules-java8-2.9.7.pom - Vui long kiem tra settings.xml 
[FAILED] jackson-modules-java8-2.9.8.pom - Vui long kiem tra settings.xml 
[FAILED] jackson-modules-java8-2.9.9.pom - Vui long kiem tra settings.xml 
[FAILED] oss-parent-11.pom - Vui long kiem tra settings.xml 
[FAILED] oss-parent-12.pom - Vui long kiem tra settings.xml 
[FAILED] oss-parent-24.pom - Vui long kiem tra settings.xml 
[FAILED] oss-parent-28.pom - Vui long kiem tra settings.xml 
[FAILED] oss-parent-33.pom - Vui long kiem tra settings.xml 
[FAILED] oss-parent-34.pom - Vui long kiem tra settings.xml 
[FAILED] oss-parent-35.pom - Vui long kiem tra settings.xml 
[FAILED] oss-parent-38.pom - Vui long kiem tra settings.xml 
[FAILED] oss-parent-41.pom - Vui long kiem tra settings.xml 
[FAILED] oss-parent-43.pom - Vui long kiem tra settings.xml 
[FAILED] oss-parent-45.pom - Vui long kiem tra settings.xml 
[FAILED] oss-parent-48.pom - Vui long kiem tra settings.xml 
[FAILED] oss-parent-50.pom - Vui long kiem tra settings.xml 
[FAILED] oss-parent-55.pom - Vui long kiem tra settings.xml 
[FAILED] oss-parent-56.pom - Vui long kiem tra settings.xml 
[FAILED] oss-parent-58.pom - Vui long kiem tra settings.xml 
[FAILED] oss-parent-68.pom - Vui long kiem tra settings.xml 
[FAILED] woodstox-core-5.0.3.pom - Vui long kiem tra settings.xml 
[FAILED] woodstox-core-6.2.1.pom - Vui long kiem tra settings.xml 
[FAILED] woodstox-core-6.2.3.pom - Vui long kiem tra settings.xml 
[FAILED] woodstox-core-6.4.0.pom - Vui long kiem tra settings.xml 
[FAILED] woodstox-core-6.5.1.pom - Vui long kiem tra settings.xml 
[FAILED] woodstox-core-6.7.0.pom - Vui long kiem tra settings.xml 
[FAILED] dexx-collections-0.2.pom - Vui long kiem tra settings.xml 
[FAILED] dexx-parent-0.2.pom - Vui long kiem tra settings.xml 
[FAILED] caffeine-2.6.2.pom - Vui long kiem tra settings.xml 
[FAILED] caffeine-2.8.8.pom - Vui long kiem tra settings.xml 
[FAILED] caffeine-2.9.3.pom - Vui long kiem tra settings.xml 
[FAILED] caffeine-3.1.8.pom - Vui long kiem tra settings.xml 
[FAILED] docker-java-api-3.2.12.pom - Vui long kiem tra settings.xml 
[FAILED] docker-java-api-3.2.13.pom - Vui long kiem tra settings.xml 
[FAILED] docker-java-parent-3.2.12.pom - Vui long kiem tra settings.xml 
[FAILED] docker-java-parent-3.2.13.pom - Vui long kiem tra settings.xml 
[FAILED] docker-java-transport-3.2.12.pom - Vui long kiem tra settings.xml 
[FAILED] docker-java-transport-3.2.13.pom - Vui long kiem tra settings.xml 
[FAILED] docker-java-transport-zerodep-3.2.12.pom - Vui long kiem tra settings.xml 
[FAILED] docker-java-transport-zerodep-3.2.13.pom - Vui long kiem tra settings.xml 
[FAILED] btf-1.3.pom - Vui long kiem tra settings.xml 
[FAILED] jackson-coreutils-2.0.pom - Vui long kiem tra settings.xml 
[FAILED] json-patch-1.13.pom - Vui long kiem tra settings.xml 
[FAILED] msg-simple-1.2.pom - Vui long kiem tra settings.xml 
[FAILED] javaparser-core-3.23.0.pom - Vui long kiem tra settings.xml 
[FAILED] javaparser-parent-3.23.0.pom - Vui long kiem tra settings.xml 
[FAILED] jffi-1.3.1.pom - Vui long kiem tra settings.xml 
[FAILED] jnr-constants-0.10.1.pom - Vui long kiem tra settings.xml 
[FAILED] jnr-enxio-0.32.3.pom - Vui long kiem tra settings.xml 
[FAILED] jnr-netdb-1.2.0.pom - Vui long kiem tra settings.xml 
[FAILED] jnr-posix-3.1.4.pom - Vui long kiem tra settings.xml 
[FAILED] jnr-unixsocket-0.38.5.pom - Vui long kiem tra settings.xml 
[FAILED] cdt-java-client-4.0.0.pom - Vui long kiem tra settings.xml 
[FAILED] openpdf-1.3.30.jaspersoft.3.pom - Vui long kiem tra settings.xml 
[FAILED] openpdf-parent-1.3.30.jaspersoft.3.pom - Vui long kiem tra settings.xml 
[FAILED] zstd-jni-1.4.4-7.pom - Vui long kiem tra settings.xml 
[FAILED] zstd-jni-1.5.0-4.pom - Vui long kiem tra settings.xml 
[FAILED] zstd-jni-1.5.5-1.pom - Vui long kiem tra settings.xml 
[FAILED] zstd-jni-1.5.5-11.pom - Vui long kiem tra settings.xml 
[FAILED] zstd-jni-1.5.5-2.pom - Vui long kiem tra settings.xml 
[FAILED] zstd-jni-1.5.5-5.pom - Vui long kiem tra settings.xml 
[FAILED] zstd-jni-1.5.6-4.pom - Vui long kiem tra settings.xml 
[FAILED] timeago-4.0.1.pom - Vui long kiem tra settings.xml 
[FAILED] timeago-4.0.3.pom - Vui long kiem tra settings.xml 
[FAILED] jcip-annotations-1.0-1.pom - Vui long kiem tra settings.xml 
[FAILED] jasypt-spring-boot-3.0.5.pom - Vui long kiem tra settings.xml 
[FAILED] jasypt-spring-boot-parent-3.0.5.pom - Vui long kiem tra settings.xml 
[FAILED] jasypt-spring-boot-starter-3.0.5.pom - Vui long kiem tra settings.xml 
[FAILED] curvesapi-1.03.pom - Vui long kiem tra settings.xml 
[FAILED] curvesapi-1.04.pom - Vui long kiem tra settings.xml 
[FAILED] curvesapi-1.06.pom - Vui long kiem tra settings.xml 
[FAILED] curvesapi-1.07.pom - Vui long kiem tra settings.xml 
[FAILED] compactmap-1.2.1.pom - Vui long kiem tra settings.xml 
[FAILED] compactmap-2.0.pom - Vui long kiem tra settings.xml 
[FAILED] parent-1.2.1.pom - Vui long kiem tra settings.xml 
[FAILED] parent-2.0.pom - Vui long kiem tra settings.xml 
[FAILED] waffle-jna-1.9.1.pom - Vui long kiem tra settings.xml 
[FAILED] waffle-parent-1.9.1.pom - Vui long kiem tra settings.xml 
[FAILED] annotations-4.1.1.4.pom - Vui long kiem tra settings.xml 
[FAILED] api-common-1.8.1.pom - Vui long kiem tra settings.xml 
[FAILED] api-common-1.9.0.pom - Vui long kiem tra settings.xml 
[FAILED] gax-1.56.0.pom - Vui long kiem tra settings.xml 
[FAILED] gax-bom-1.35.0.pom - Vui long kiem tra settings.xml 
[FAILED] gax-bom-1.35.1.pom - Vui long kiem tra settings.xml 
[FAILED] gax-bom-1.49.1.pom - Vui long kiem tra settings.xml 
[FAILED] gax-bom-1.56.0.pom - Vui long kiem tra settings.xml 
[FAILED] gax-grpc-1.56.0.pom - Vui long kiem tra settings.xml 
[FAILED] proto-google-cloud-secretmanager-v1-1.0.1.pom - Vui long kiem tra settings.xml 
[FAILED] proto-google-cloud-secretmanager-v1beta1-1.0.1.pom - Vui long kiem tra settings.xml 
[FAILED] proto-google-common-protos-1.16.0.pom - Vui long kiem tra settings.xml 
[FAILED] proto-google-common-protos-1.17.0.pom - Vui long kiem tra settings.xml 
[FAILED] proto-google-iam-v1-0.13.0.pom - Vui long kiem tra settings.xml 
[FAILED] google-api-client-1.30.10.pom - Vui long kiem tra settings.xml 
[FAILED] google-api-client-1.30.3.pom - Vui long kiem tra settings.xml 
[FAILED] google-api-client-1.30.9.pom - Vui long kiem tra settings.xml 
[FAILED] google-api-client-parent-1.30.10.pom - Vui long kiem tra settings.xml 
[FAILED] google-api-client-parent-1.30.3.pom - Vui long kiem tra settings.xml 
[FAILED] google-api-client-parent-1.30.9.pom - Vui long kiem tra settings.xml 
[FAILED] google-api-services-cloudresourcemanager-v1-rev20200210-1.30.9.pom - Vui long kiem tra settings.xml 
[FAILED] google-api-services-iam-v1-rev20191010-1.30.3.pom - Vui long kiem tra settings.xml 
[FAILED] google-api-services-iam-v1-rev20201112-1.30.10.pom - Vui long kiem tra settings.xml 
[FAILED] google-auth-library-bom-0.22.1.pom - Vui long kiem tra settings.xml 
[FAILED] google-auth-library-credentials-0.15.0.pom - Vui long kiem tra settings.xml 
[FAILED] google-auth-library-credentials-0.20.0.pom - Vui long kiem tra settings.xml 
[FAILED] google-auth-library-credentials-0.22.0.pom - Vui long kiem tra settings.xml 
[FAILED] google-auth-library-oauth2-http-0.15.0.pom - Vui long kiem tra settings.xml 
[FAILED] google-auth-library-oauth2-http-0.20.0.pom - Vui long kiem tra settings.xml 
[FAILED] google-auth-library-oauth2-http-0.22.0.pom - Vui long kiem tra settings.xml 
[FAILED] google-auth-library-parent-0.15.0.pom - Vui long kiem tra settings.xml 
[FAILED] google-auth-library-parent-0.20.0.pom - Vui long kiem tra settings.xml 
[FAILED] google-auth-library-parent-0.22.0.pom - Vui long kiem tra settings.xml 
[FAILED] auto-value-annotations-1.7.pom - Vui long kiem tra settings.xml 
[FAILED] auto-value-annotations-1.7.4.pom - Vui long kiem tra settings.xml 
[FAILED] auto-value-parent-1.7.pom - Vui long kiem tra settings.xml 
[FAILED] auto-value-parent-1.7.4.pom - Vui long kiem tra settings.xml 
[FAILED] google-cloud-accessapproval-bom-1.0.7.pom - Vui long kiem tra settings.xml 
[FAILED] google-cloud-asset-bom-0.115.0-beta.pom - Vui long kiem tra settings.xml 
[FAILED] google-cloud-asset-bom-2.2.0.pom - Vui long kiem tra settings.xml 
[FAILED] google-cloud-automl-bom-0.114.1-beta.pom - Vui long kiem tra settings.xml 
[FAILED] google-cloud-automl-bom-1.3.2.pom - Vui long kiem tra settings.xml 
[FAILED] google-cloud-bigqueryconnection-bom-1.0.4.pom - Vui long kiem tra settings.xml 
[FAILED] google-cloud-bigquerydatatransfer-bom-1.0.22.pom - Vui long kiem tra settings.xml 
[FAILED] google-cloud-bigqueryreservation-bom-1.0.4.pom - Vui long kiem tra settings.xml 
[FAILED] google-cloud-bigquerystorage-bom-1.7.0.pom - Vui long kiem tra settings.xml 
[FAILED] google-cloud-bigtable-bom-1.19.0.pom - Vui long kiem tra settings.xml 
[FAILED] google-cloud-billing-bom-1.1.9.pom - Vui long kiem tra settings.xml 
[FAILED] google-cloud-billingbudgets-bom-1.0.1.pom - Vui long kiem tra settings.xml 
[FAILED] google-cloud-bom-0.119.0-alpha.pom - Vui long kiem tra settings.xml 
[FAILED] google-cloud-bom-0.146.0.pom - Vui long kiem tra settings.xml 
[FAILED] google-cloud-bom-0.72.0-alpha.pom - Vui long kiem tra settings.xml 
[FAILED] google-cloud-bom-0.77.0-alpha.pom - Vui long kiem tra settings.xml 
[FAILED] google-cloud-build-bom-2.1.7.pom - Vui long kiem tra settings.xml 
[FAILED] google-cloud-container-bom-1.2.1.pom - Vui long kiem tra settings.xml 
[FAILED] google-cloud-containeranalysis-bom-1.2.7.pom - Vui long kiem tra settings.xml 
[FAILED] google-cloud-core-bom-1.91.3.pom - Vui long kiem tra settings.xml 
[FAILED] google-cloud-core-bom-1.94.0.pom - Vui long kiem tra settings.xml 
[FAILED] google-cloud-datacatalog-bom-0.29.0-alpha.pom - Vui long kiem tra settings.xml 
[FAILED] google-cloud-datacatalog-bom-1.0.10.pom - Vui long kiem tra settings.xml 
[FAILED] google-cloud-datalabeling-bom-0.116.1-alpha.pom - Vui long kiem tra settings.xml 
[FAILED] google-cloud-datalabeling-bom-0.119.7.pom - Vui long kiem tra settings.xml 
[FAILED] google-cloud-dataproc-bom-1.1.8.pom - Vui long kiem tra settings.xml 
[FAILED] google-cloud-datastore-bom-1.105.3.pom - Vui long kiem tra settings.xml 
[FAILED] google-cloud-dialogflow-bom-2.4.3.pom - Vui long kiem tra settings.xml 
[FAILED] google-cloud-dlp-bom-0.116.0-beta.pom - Vui long kiem tra settings.xml 
[FAILED] google-cloud-dlp-bom-2.2.3.pom - Vui long kiem tra settings.xml 
[FAILED] google-cloud-document-ai-bom-0.3.6.pom - Vui long kiem tra settings.xml 
[FAILED] google-cloud-errorreporting-bom-0.120.9-beta.pom - Vui long kiem tra settings.xml 
[FAILED] google-cloud-firestore-bom-2.1.0.pom - Vui long kiem tra settings.xml 
[FAILED] google-cloud-functions-bom-1.0.3.pom - Vui long kiem tra settings.xml 
[FAILED] google-cloud-game-servers-bom-1.0.3.pom - Vui long kiem tra settings.xml 
[FAILED] google-cloud-gameservices-bom-0.17.0.pom - Vui long kiem tra settings.xml 
[FAILED] google-cloud-iamcredentials-bom-0.43.0-alpha.pom - Vui long kiem tra settings.xml 
[FAILED] google-cloud-iamcredentials-bom-1.1.7.pom - Vui long kiem tra settings.xml 
[FAILED] google-cloud-iot-bom-0.116.0-beta.pom - Vui long kiem tra settings.xml 
[FAILED] google-cloud-iot-bom-1.1.8.pom - Vui long kiem tra settings.xml 
[FAILED] google-cloud-kms-bom-1.40.3.pom - Vui long kiem tra settings.xml 
[FAILED] google-cloud-language-bom-1.101.7.pom - Vui long kiem tra settings.xml 
[FAILED] google-cloud-logging-bom-2.1.0.pom - Vui long kiem tra settings.xml 
[FAILED] google-cloud-mediatranslation-bom-0.2.7.pom - Vui long kiem tra settings.xml 
[FAILED] google-cloud-memcache-bom-0.2.8.pom - Vui long kiem tra settings.xml 
[FAILED] google-cloud-monitoring-bom-2.0.9.pom - Vui long kiem tra settings.xml 
[FAILED] google-cloud-monitoring-dashboard-bom-1.0.5.pom - Vui long kiem tra settings.xml 
[FAILED] google-cloud-os-config-bom-1.1.1.pom - Vui long kiem tra settings.xml 
[FAILED] google-cloud-os-login-bom-1.1.4.pom - Vui long kiem tra settings.xml 
[FAILED] google-cloud-phishingprotection-bom-0.28.0.pom - Vui long kiem tra settings.xml 
[FAILED] google-cloud-phishingprotection-bom-0.29.9.pom - Vui long kiem tra settings.xml 
[FAILED] google-cloud-pubsub-bom-1.110.1.pom - Vui long kiem tra settings.xml 
[FAILED] google-cloud-recaptchaenterprise-bom-1.0.7.pom - Vui long kiem tra settings.xml 
[FAILED] google-cloud-recommender-bom-1.2.7.pom - Vui long kiem tra settings.xml 
[FAILED] google-cloud-redis-bom-1.1.6.pom - Vui long kiem tra settings.xml 
[FAILED] google-cloud-scheduler-bom-1.23.4.pom - Vui long kiem tra settings.xml 
[FAILED] google-cloud-secretmanager-1.0.1.pom - Vui long kiem tra settings.xml 
[FAILED] google-cloud-secretmanager-bom-1.2.6.pom - Vui long kiem tra settings.xml 
[FAILED] google-cloud-secretmanager-parent-1.0.1.pom - Vui long kiem tra settings.xml 
[FAILED] google-cloud-securitycenter-bom-1.3.3.pom - Vui long kiem tra settings.xml 
[FAILED] google-cloud-servicedirectory-bom-1.0.0.pom - Vui long kiem tra settings.xml 
[FAILED] google-cloud-shared-config-0.2.1.pom - Vui long kiem tra settings.xml 
[FAILED] google-cloud-shared-config-0.4.0.pom - Vui long kiem tra settings.xml 
[FAILED] google-cloud-shared-config-0.9.2.pom - Vui long kiem tra settings.xml 
[FAILED] google-cloud-shared-config-0.9.4.pom - Vui long kiem tra settings.xml 
[FAILED] google-cloud-spanner-bom-3.1.1.pom - Vui long kiem tra settings.xml 
[FAILED] google-cloud-speech-bom-1.21.0.pom - Vui long kiem tra settings.xml 
[FAILED] google-cloud-speech-bom-1.24.8.pom - Vui long kiem tra settings.xml 
[FAILED] google-cloud-talent-bom-0.34.0-beta.pom - Vui long kiem tra settings.xml 
[FAILED] google-cloud-talent-bom-1.0.3.pom - Vui long kiem tra settings.xml 
[FAILED] google-cloud-tasks-bom-1.26.0.pom - Vui long kiem tra settings.xml 
[FAILED] google-cloud-tasks-bom-1.30.9.pom - Vui long kiem tra settings.xml 
[FAILED] google-cloud-texttospeech-bom-0.117.0-beta.pom - Vui long kiem tra settings.xml 
[FAILED] google-cloud-texttospeech-bom-1.2.5.pom - Vui long kiem tra settings.xml 
[FAILED] google-cloud-trace-bom-0.109.0-beta.pom - Vui long kiem tra settings.xml 
[FAILED] google-cloud-trace-bom-1.2.8.pom - Vui long kiem tra settings.xml 
[FAILED] google-cloud-translate-bom-1.94.0.pom - Vui long kiem tra settings.xml 
[FAILED] google-cloud-translate-bom-1.95.5.pom - Vui long kiem tra settings.xml 
[FAILED] google-cloud-video-intelligence-bom-1.5.6.pom - Vui long kiem tra settings.xml 
[FAILED] google-cloud-vision-bom-1.100.8.pom - Vui long kiem tra settings.xml 
[FAILED] google-cloud-vision-bom-1.98.0.pom - Vui long kiem tra settings.xml 
[FAILED] google-cloud-webrisk-bom-1.1.5.pom - Vui long kiem tra settings.xml 
[FAILED] google-cloud-websecurityscanner-bom-0.116.0.pom - Vui long kiem tra settings.xml 
[FAILED] google-cloud-websecurityscanner-bom-1.0.7.pom - Vui long kiem tra settings.xml 
[FAILED] libraries-bom-16.2.0.pom - Vui long kiem tra settings.xml 
[FAILED] annotations-2.0.0.pom - Vui long kiem tra settings.xml 
[FAILED] jsr305-1.3.9.pom - Vui long kiem tra settings.xml 
[FAILED] jsr305-2.0.1.pom - Vui long kiem tra settings.xml 
[FAILED] jsr305-3.0.1.pom - Vui long kiem tra settings.xml 
[FAILED] jsr305-3.0.2.pom - Vui long kiem tra settings.xml 
[FAILED] gson-2.10.1.pom - Vui long kiem tra settings.xml 
[FAILED] gson-2.13.1.pom - Vui long kiem tra settings.xml 
[FAILED] gson-2.8.5.pom - Vui long kiem tra settings.xml 
[FAILED] gson-2.8.6.pom - Vui long kiem tra settings.xml 
[FAILED] gson-2.8.7.pom - Vui long kiem tra settings.xml 
[FAILED] gson-parent-2.10.1.pom - Vui long kiem tra settings.xml 
[FAILED] gson-parent-2.13.1.pom - Vui long kiem tra settings.xml 
[FAILED] gson-parent-2.8.5.pom - Vui long kiem tra settings.xml 
[FAILED] gson-parent-2.8.6.pom - Vui long kiem tra settings.xml 
[FAILED] gson-parent-2.8.7.pom - Vui long kiem tra settings.xml 
[FAILED] replacer-1.5.2.pom - Vui long kiem tra settings.xml 
[FAILED] google-collections-1.0.pom - Vui long kiem tra settings.xml 
[FAILED] error_prone_annotations-2.0.2.pom - Vui long kiem tra settings.xml 
[FAILED] error_prone_annotations-2.1.3.pom - Vui long kiem tra settings.xml 
[FAILED] error_prone_annotations-2.10.0.pom - Vui long kiem tra settings.xml 
[FAILED] error_prone_annotations-2.2.0.pom - Vui long kiem tra settings.xml 
[FAILED] error_prone_annotations-2.21.1.pom - Vui long kiem tra settings.xml 
[FAILED] error_prone_annotations-2.23.0.pom - Vui long kiem tra settings.xml 
[FAILED] error_prone_annotations-2.3.2.pom - Vui long kiem tra settings.xml 
[FAILED] error_prone_annotations-2.3.3.pom - Vui long kiem tra settings.xml 
[FAILED] error_prone_annotations-2.3.4.pom - Vui long kiem tra settings.xml 
[FAILED] error_prone_annotations-2.38.0.pom - Vui long kiem tra settings.xml 
[FAILED] error_prone_annotations-2.4.0.pom - Vui long kiem tra settings.xml 
[FAILED] error_prone_parent-2.0.2.pom - Vui long kiem tra settings.xml 
[FAILED] error_prone_parent-2.1.3.pom - Vui long kiem tra settings.xml 
[FAILED] error_prone_parent-2.10.0.pom - Vui long kiem tra settings.xml 
[FAILED] error_prone_parent-2.2.0.pom - Vui long kiem tra settings.xml 
[FAILED] error_prone_parent-2.21.1.pom - Vui long kiem tra settings.xml 
[FAILED] error_prone_parent-2.23.0.pom - Vui long kiem tra settings.xml 
[FAILED] error_prone_parent-2.3.2.pom - Vui long kiem tra settings.xml 
[FAILED] error_prone_parent-2.3.3.pom - Vui long kiem tra settings.xml 
[FAILED] error_prone_parent-2.3.4.pom - Vui long kiem tra settings.xml 
[FAILED] error_prone_parent-2.38.0.pom - Vui long kiem tra settings.xml 
[FAILED] error_prone_parent-2.4.0.pom - Vui long kiem tra settings.xml 
[FAILED] google-1.pom - Vui long kiem tra settings.xml 
[FAILED] google-5.pom - Vui long kiem tra settings.xml 
[FAILED] failureaccess-1.0.1.pom - Vui long kiem tra settings.xml 
[FAILED] failureaccess-1.0.2.pom - Vui long kiem tra settings.xml 
[FAILED] guava-10.0.1.pom - Vui long kiem tra settings.xml 
[FAILED] guava-11.0.2.pom - Vui long kiem tra settings.xml 
[FAILED] guava-14.0.1.pom - Vui long kiem tra settings.xml 
[FAILED] guava-15.0.pom - Vui long kiem tra settings.xml 
[FAILED] guava-16.0.pom - Vui long kiem tra settings.xml 
[FAILED] guava-16.0.1.pom - Vui long kiem tra settings.xml 
[FAILED] guava-18.0.pom - Vui long kiem tra settings.xml 
[FAILED] guava-19.0.pom - Vui long kiem tra settings.xml 
[FAILED] guava-20.0.pom - Vui long kiem tra settings.xml 
[FAILED] guava-25.1-android.pom - Vui long kiem tra settings.xml 
[FAILED] guava-26.0-android.pom - Vui long kiem tra settings.xml 
[FAILED] guava-26.0-jre.pom - Vui long kiem tra settings.xml 
[FAILED] guava-27.1-android.pom - Vui long kiem tra settings.xml 
[FAILED] guava-28.0-android.pom - Vui long kiem tra settings.xml 
[FAILED] guava-28.1-android.pom - Vui long kiem tra settings.xml 
[FAILED] guava-28.2-android.pom - Vui long kiem tra settings.xml 
[FAILED] guava-29.0-android.pom - Vui long kiem tra settings.xml 
[FAILED] guava-30.0-jre.pom - Vui long kiem tra settings.xml 
[FAILED] guava-33.0.0-jre.pom - Vui long kiem tra settings.xml 
[FAILED] guava-bom-28.2-android.pom - Vui long kiem tra settings.xml 
[FAILED] guava-bom-30.0-jre.pom - Vui long kiem tra settings.xml 
[FAILED] guava-bom-30.1-android.pom - Vui long kiem tra settings.xml 
[FAILED] guava-parent-10.0.1.pom - Vui long kiem tra settings.xml 
[FAILED] guava-parent-11.0.2.pom - Vui long kiem tra settings.xml 
[FAILED] guava-parent-14.0.1.pom - Vui long kiem tra settings.xml 
[FAILED] guava-parent-15.0.pom - Vui long kiem tra settings.xml 
[FAILED] guava-parent-16.0.pom - Vui long kiem tra settings.xml 
[FAILED] guava-parent-16.0.1.pom - Vui long kiem tra settings.xml 
[FAILED] guava-parent-18.0.pom - Vui long kiem tra settings.xml 
[FAILED] guava-parent-19.0.pom - Vui long kiem tra settings.xml 
[FAILED] guava-parent-20.0.pom - Vui long kiem tra settings.xml 
[FAILED] guava-parent-25.1-android.pom - Vui long kiem tra settings.xml 
[FAILED] guava-parent-26.0-android.pom - Vui long kiem tra settings.xml 
[FAILED] guava-parent-26.0-jre.pom - Vui long kiem tra settings.xml 
[FAILED] guava-parent-27.1-android.pom - Vui long kiem tra settings.xml 
[FAILED] guava-parent-28.0-android.pom - Vui long kiem tra settings.xml 
[FAILED] guava-parent-28.1-android.pom - Vui long kiem tra settings.xml 
[FAILED] guava-parent-28.2-android.pom - Vui long kiem tra settings.xml 
[FAILED] guava-parent-29.0-android.pom - Vui long kiem tra settings.xml 
[FAILED] guava-parent-30.0-jre.pom - Vui long kiem tra settings.xml 
[FAILED] guava-parent-33.0.0-jre.pom - Vui long kiem tra settings.xml 
[FAILED] listenablefuture-9999.0-empty-to-avoid-conflict-with-guava.pom - Vui long kiem tra settings.xml 
[FAILED] google-http-client-1.29.0.pom - Vui long kiem tra settings.xml 
[FAILED] google-http-client-1.32.0.pom - Vui long kiem tra settings.xml 
[FAILED] google-http-client-1.34.0.pom - Vui long kiem tra settings.xml 
[FAILED] google-http-client-1.34.2.pom - Vui long kiem tra settings.xml 
[FAILED] google-http-client-1.35.0.pom - Vui long kiem tra settings.xml 
[FAILED] google-http-client-1.36.0.pom - Vui long kiem tra settings.xml 
[FAILED] google-http-client-1.37.0.pom - Vui long kiem tra settings.xml 
[FAILED] google-http-client-bom-1.32.0.pom - Vui long kiem tra settings.xml 
[FAILED] google-http-client-bom-1.34.0.pom - Vui long kiem tra settings.xml 
[FAILED] google-http-client-bom-1.34.2.pom - Vui long kiem tra settings.xml 
[FAILED] google-http-client-bom-1.35.0.pom - Vui long kiem tra settings.xml 
[FAILED] google-http-client-bom-1.36.0.pom - Vui long kiem tra settings.xml 
[FAILED] google-http-client-bom-1.37.0.pom - Vui long kiem tra settings.xml 
[FAILED] google-http-client-jackson2-1.29.0.pom - Vui long kiem tra settings.xml 
[FAILED] google-http-client-jackson2-1.32.0.pom - Vui long kiem tra settings.xml 
[FAILED] google-http-client-jackson2-1.34.0.pom - Vui long kiem tra settings.xml 
[FAILED] google-http-client-jackson2-1.34.2.pom - Vui long kiem tra settings.xml 
[FAILED] google-http-client-jackson2-1.36.0.pom - Vui long kiem tra settings.xml 
[FAILED] google-http-client-jackson2-1.37.0.pom - Vui long kiem tra settings.xml 
[FAILED] google-http-client-parent-1.29.0.pom - Vui long kiem tra settings.xml 
[FAILED] google-http-client-parent-1.32.0.pom - Vui long kiem tra settings.xml 
[FAILED] google-http-client-parent-1.34.0.pom - Vui long kiem tra settings.xml 
[FAILED] google-http-client-parent-1.34.2.pom - Vui long kiem tra settings.xml 
[FAILED] google-http-client-parent-1.35.0.pom - Vui long kiem tra settings.xml 
[FAILED] google-http-client-parent-1.36.0.pom - Vui long kiem tra settings.xml 
[FAILED] google-http-client-parent-1.37.0.pom - Vui long kiem tra settings.xml 
[FAILED] extensions-parent-4.0.pom - Vui long kiem tra settings.xml 
[FAILED] extensions-parent-4.1.0.pom - Vui long kiem tra settings.xml 
[FAILED] guice-assistedinject-4.1.0.pom - Vui long kiem tra settings.xml 
[FAILED] guice-grapher-4.1.0.pom - Vui long kiem tra settings.xml 
[FAILED] guice-multibindings-4.1.0.pom - Vui long kiem tra settings.xml 
[FAILED] guice-servlet-4.0.pom - Vui long kiem tra settings.xml 
[FAILED] guice-throwingproviders-4.0.pom - Vui long kiem tra settings.xml 
[FAILED] guice-4.0.pom - Vui long kiem tra settings.xml 
[FAILED] guice-4.1.0.pom - Vui long kiem tra settings.xml 
[FAILED] guice-4.2.1.pom - Vui long kiem tra settings.xml 
[FAILED] guice-parent-4.0.pom - Vui long kiem tra settings.xml 
[FAILED] guice-parent-4.1.0.pom - Vui long kiem tra settings.xml 
[FAILED] guice-parent-4.2.1.pom - Vui long kiem tra settings.xml 
[FAILED] j2objc-annotations-0.1.pom - Vui long kiem tra settings.xml 
[FAILED] j2objc-annotations-1.1.pom - Vui long kiem tra settings.xml 
[FAILED] j2objc-annotations-1.3.pom - Vui long kiem tra settings.xml 
[FAILED] j2objc-annotations-2.8.pom - Vui long kiem tra settings.xml 
[FAILED] google-oauth-client-1.30.2.pom - Vui long kiem tra settings.xml 
[FAILED] google-oauth-client-1.30.5.pom - Vui long kiem tra settings.xml 
[FAILED] google-oauth-client-1.31.0.pom - Vui long kiem tra settings.xml 
[FAILED] google-oauth-client-bom-1.30.2.pom - Vui long kiem tra settings.xml 
[FAILED] google-oauth-client-bom-1.30.5.pom - Vui long kiem tra settings.xml 
[FAILED] google-oauth-client-bom-1.31.0.pom - Vui long kiem tra settings.xml 
[FAILED] google-oauth-client-parent-1.30.2.pom - Vui long kiem tra settings.xml 
[FAILED] google-oauth-client-parent-1.30.5.pom - Vui long kiem tra settings.xml 
[FAILED] google-oauth-client-parent-1.31.0.pom - Vui long kiem tra settings.xml 
[FAILED] protobuf-bom-3.11.0.pom - Vui long kiem tra settings.xml 
[FAILED] protobuf-bom-3.11.4.pom - Vui long kiem tra settings.xml 
[FAILED] protobuf-bom-3.14.0.pom - Vui long kiem tra settings.xml 
[FAILED] protobuf-bom-3.7.1.pom - Vui long kiem tra settings.xml 
[FAILED] protobuf-java-3.11.0.pom - Vui long kiem tra settings.xml 
[FAILED] protobuf-java-3.11.4.pom - Vui long kiem tra settings.xml 
[FAILED] protobuf-java-3.7.1.pom - Vui long kiem tra settings.xml 
[FAILED] protobuf-java-util-3.11.0.pom - Vui long kiem tra settings.xml 
[FAILED] protobuf-parent-3.11.0.pom - Vui long kiem tra settings.xml 
[FAILED] protobuf-parent-3.11.4.pom - Vui long kiem tra settings.xml 
[FAILED] protobuf-parent-3.7.1.pom - Vui long kiem tra settings.xml 
[FAILED] core-3.4.0.pom - Vui long kiem tra settings.xml 
[FAILED] zxing-parent-3.4.0.pom - Vui long kiem tra settings.xml 
[FAILED] addjars-maven-plugin-1.0.5.pom - Vui long kiem tra settings.xml 
[FAILED] JavaEWAH-1.1.6.pom - Vui long kiem tra settings.xml 
[FAILED] JavaEWAH-1.2.3.pom - Vui long kiem tra settings.xml 
[FAILED] json-simple-1.1.pom - Vui long kiem tra settings.xml 
[FAILED] json-simple-1.1.1.pom - Vui long kiem tra settings.xml 
[FAILED] h2-1.4.200.pom - Vui long kiem tra settings.xml 
[FAILED] h2-2.1.210.pom - Vui long kiem tra settings.xml 
[FAILED] h2-2.1.214.pom - Vui long kiem tra settings.xml 
[FAILED] h2-2.2.224.pom - Vui long kiem tra settings.xml 
[FAILED] backport9-1.8.pom - Vui long kiem tra settings.xml 
[FAILED] invokebinder-1.11.pom - Vui long kiem tra settings.xml 
[FAILED] options-1.4.pom - Vui long kiem tra settings.xml 
[FAILED] asn-one-0.6.0.pom - Vui long kiem tra settings.xml 
[FAILED] sshj-0.38.0.pom - Vui long kiem tra settings.xml 
[FAILED] asyncutil-0.1.0.pom - Vui long kiem tra settings.xml 
[FAILED] asyncutil-aggregator-0.1.0.pom - Vui long kiem tra settings.xml 
[FAILED] icu4j-2.6.1.pom - Vui long kiem tra settings.xml 
[FAILED] icu4j-58.1.pom - Vui long kiem tra settings.xml 
[FAILED] icu4j-70.1.pom - Vui long kiem tra settings.xml 
[FAILED] annotations-9.0.4.pom - Vui long kiem tra settings.xml 
[FAILED] itext-parent-1.0.0.pom - Vui long kiem tra settings.xml 
[FAILED] itextpdf-5.5.13.3.pom - Vui long kiem tra settings.xml 
[FAILED] authorization-core-1.0.0.pom - Vui long kiem tra settings.xml 
[FAILED] ivb-core-entity-1.0.0.pom - Vui long kiem tra settings.xml 
[FAILED] portal-core-1.0.0.pom - Vui long kiem tra settings.xml 
[FAILED] system-1.0.0.pom - Vui long kiem tra settings.xml 
[FAILED] json-path-2.4.0.pom - Vui long kiem tra settings.xml 
[FAILED] json-path-2.5.0.pom - Vui long kiem tra settings.xml 
[FAILED] json-path-2.6.0.pom - Vui long kiem tra settings.xml 
[FAILED] json-path-2.7.0.pom - Vui long kiem tra settings.xml 
[FAILED] json-path-2.8.0.pom - Vui long kiem tra settings.xml 
[FAILED] json-path-2.9.0.pom - Vui long kiem tra settings.xml 
[FAILED] jsch-0.1.54.pom - Vui long kiem tra settings.xml 
[FAILED] jsch-0.1.55.pom - Vui long kiem tra settings.xml 
[FAILED] jsch.agentproxy-0.0.7.pom - Vui long kiem tra settings.xml 
[FAILED] jsch.agentproxy-0.0.9.pom - Vui long kiem tra settings.xml 
[FAILED] jsch.agentproxy.connector-factory-0.0.7.pom - Vui long kiem tra settings.xml 
[FAILED] jsch.agentproxy.connector-factory-0.0.9.pom - Vui long kiem tra settings.xml 
[FAILED] jsch.agentproxy.core-0.0.7.pom - Vui long kiem tra settings.xml 
[FAILED] jsch.agentproxy.core-0.0.9.pom - Vui long kiem tra settings.xml 
[FAILED] jsch.agentproxy.pageant-0.0.7.pom - Vui long kiem tra settings.xml 
[FAILED] jsch.agentproxy.pageant-0.0.9.pom - Vui long kiem tra settings.xml 
[FAILED] jsch.agentproxy.sshagent-0.0.7.pom - Vui long kiem tra settings.xml 
[FAILED] jsch.agentproxy.sshagent-0.0.9.pom - Vui long kiem tra settings.xml 
[FAILED] jsch.agentproxy.svnkit-trilead-ssh2-0.0.7.pom - Vui long kiem tra settings.xml 
[FAILED] jsch.agentproxy.svnkit-trilead-ssh2-0.0.9.pom - Vui long kiem tra settings.xml 
[FAILED] jsch.agentproxy.usocket-jna-0.0.7.pom - Vui long kiem tra settings.xml 
[FAILED] jsch.agentproxy.usocket-jna-0.0.9.pom - Vui long kiem tra settings.xml 
[FAILED] jsch.agentproxy.usocket-nc-0.0.7.pom - Vui long kiem tra settings.xml 
[FAILED] jsch.agentproxy.usocket-nc-0.0.9.pom - Vui long kiem tra settings.xml 
[FAILED] jzlib-1.1.1.pom - Vui long kiem tra settings.xml 
[FAILED] jzlib-1.1.3.pom - Vui long kiem tra settings.xml 
[FAILED] hickory-1.0.0.pom - Vui long kiem tra settings.xml 
[FAILED] png-encoder-1.5.pom - Vui long kiem tra settings.xml 
[FAILED] msa-2.0.0.pom - Vui long kiem tra settings.xml 
[FAILED] auth-service-2.0.0.pom - Vui long kiem tra settings.xml 
[FAILED] board-service-2.0.0.pom - Vui long kiem tra settings.xml 
[FAILED] common-pack-1.0.pom - Vui long kiem tra settings.xml 
[FAILED] common-pack-2.0.0.pom - Vui long kiem tra settings.xml 
[FAILED] config-service-2.0.0.pom - Vui long kiem tra settings.xml 
[FAILED] core-service-2.0.0.pom - Vui long kiem tra settings.xml 
[FAILED] eureka-service-2.0.0.pom - Vui long kiem tra settings.xml 
[FAILED] gateway-service-2.0.0.pom - Vui long kiem tra settings.xml 
[FAILED] log-service-2.0.0.pom - Vui long kiem tra settings.xml 
[FAILED] notification-service-2.0.0.pom - Vui long kiem tra settings.xml 
[FAILED] portal-service-2.0.0.pom - Vui long kiem tra settings.xml 
[FAILED] kns-app-0.0.1-SNAPSHOT.pom - Vui long kiem tra settings.xml 
[FAILED] itext-2.1.7.pom - Vui long kiem tra settings.xml 
[FAILED] spring-cloud-zuul-ratelimit-2.3.0.RELEASE.pom - Vui long kiem tra settings.xml 
[FAILED] spring-cloud-zuul-ratelimit-core-2.3.0.RELEASE.pom - Vui long kiem tra settings.xml 
[FAILED] spring-cloud-zuul-ratelimit-dependencies-2.3.0.RELEASE.pom - Vui long kiem tra settings.xml 
[FAILED] spring-cloud-zuul-ratelimit-parent-2.3.0.RELEASE.pom - Vui long kiem tra settings.xml 
[FAILED] nailgun-all-0.9.1.pom - Vui long kiem tra settings.xml 
[FAILED] nailgun-server-0.9.1.pom - Vui long kiem tra settings.xml 
[FAILED] c3p0-0.9.5.4.pom - Vui long kiem tra settings.xml 
[FAILED] mchange-commons-java-0.2.15.pom - Vui long kiem tra settings.xml 
[FAILED] mksapi-jar-4.10.9049.pom - Vui long kiem tra settings.xml 
[FAILED] mysql-connector-j-8.0.32.pom - Vui long kiem tra settings.xml 
[FAILED] archaius-core-0.3.3.pom - Vui long kiem tra settings.xml 
[FAILED] archaius-core-0.4.1.pom - Vui long kiem tra settings.xml 
[FAILED] archaius-core-0.6.0.pom - Vui long kiem tra settings.xml 
[FAILED] archaius-core-0.7.5.pom - Vui long kiem tra settings.xml 
[FAILED] archaius-core-0.7.6.pom - Vui long kiem tra settings.xml 
[FAILED] archaius-core-0.7.7.pom - Vui long kiem tra settings.xml 
[FAILED] eureka-client-1.10.14.pom - Vui long kiem tra settings.xml 
[FAILED] eureka-client-1.7.2.pom - Vui long kiem tra settings.xml 
[FAILED] eureka-client-1.9.8.pom - Vui long kiem tra settings.xml 
[FAILED] eureka-client-2.0.2.pom - Vui long kiem tra settings.xml 
[FAILED] eureka-client-2.0.5.pom - Vui long kiem tra settings.xml 
[FAILED] eureka-client-jersey3-2.0.2.pom - Vui long kiem tra settings.xml 
[FAILED] eureka-client-jersey3-2.0.5.pom - Vui long kiem tra settings.xml 
[FAILED] eureka-core-1.10.14.pom - Vui long kiem tra settings.xml 
[FAILED] eureka-core-1.9.8.pom - Vui long kiem tra settings.xml 
[FAILED] eureka-core-2.0.2.pom - Vui long kiem tra settings.xml 
[FAILED] eureka-core-2.0.5.pom - Vui long kiem tra settings.xml 
[FAILED] eureka-core-jersey3-2.0.2.pom - Vui long kiem tra settings.xml 
[FAILED] eureka-core-jersey3-2.0.5.pom - Vui long kiem tra settings.xml 
[FAILED] governator-1.17.9.pom - Vui long kiem tra settings.xml 
[FAILED] governator-api-1.17.9.pom - Vui long kiem tra settings.xml 
[FAILED] governator-archaius-1.17.9.pom - Vui long kiem tra settings.xml 
[FAILED] governator-core-1.17.9.pom - Vui long kiem tra settings.xml 
[FAILED] hystrix-core-1.4.3.pom - Vui long kiem tra settings.xml 
[FAILED] hystrix-core-1.5.18.pom - Vui long kiem tra settings.xml 
[FAILED] hystrix-javanica-1.5.18.pom - Vui long kiem tra settings.xml 
[FAILED] hystrix-metrics-event-stream-1.5.18.pom - Vui long kiem tra settings.xml 
[FAILED] hystrix-serialization-1.5.18.pom - Vui long kiem tra settings.xml 
[FAILED] netflix-commons-util-0.1.1.pom - Vui long kiem tra settings.xml 
[FAILED] netflix-commons-util-0.3.0.pom - Vui long kiem tra settings.xml 
[FAILED] netflix-eventbus-0.3.0.pom - Vui long kiem tra settings.xml 
[FAILED] netflix-infix-0.3.0.pom - Vui long kiem tra settings.xml 
[FAILED] netflix-statistics-0.1.1.pom - Vui long kiem tra settings.xml 
[FAILED] ribbon-2.3.0.pom - Vui long kiem tra settings.xml 
[FAILED] ribbon-core-2.3.0.pom - Vui long kiem tra settings.xml 
[FAILED] ribbon-eureka-2.3.0.pom - Vui long kiem tra settings.xml 
[FAILED] ribbon-httpclient-2.3.0.pom - Vui long kiem tra settings.xml 
[FAILED] ribbon-loadbalancer-2.3.0.pom - Vui long kiem tra settings.xml 
[FAILED] ribbon-transport-2.3.0.pom - Vui long kiem tra settings.xml 
[FAILED] rx-netty-0.3.18.pom - Vui long kiem tra settings.xml 
[FAILED] servo-core-0.10.1.pom - Vui long kiem tra settings.xml 
[FAILED] servo-core-0.12.21.pom - Vui long kiem tra settings.xml 
[FAILED] servo-core-0.5.3.pom - Vui long kiem tra settings.xml 
[FAILED] servo-core-0.7.2.pom - Vui long kiem tra settings.xml 
[FAILED] servo-core-0.7.5.pom - Vui long kiem tra settings.xml 
[FAILED] servo-internal-0.10.1.pom - Vui long kiem tra settings.xml 
[FAILED] spectator-api-0.59.0.pom - Vui long kiem tra settings.xml 
[FAILED] spectator-api-1.7.3.pom - Vui long kiem tra settings.xml 
[FAILED] turbine-core-2.0.0-DP.2.pom - Vui long kiem tra settings.xml 
[FAILED] zuul-core-1.3.1.pom - Vui long kiem tra settings.xml 
[FAILED] zuul-core-2.1.6.pom - Vui long kiem tra settings.xml 
[FAILED] zuul-groovy-2.5.14.pom - Vui long kiem tra settings.xml 
[FAILED] content-type-2.0.pom - Vui long kiem tra settings.xml 
[FAILED] content-type-2.2.pom - Vui long kiem tra settings.xml 
[FAILED] lang-tag-1.4.4.pom - Vui long kiem tra settings.xml 
[FAILED] lang-tag-1.7.pom - Vui long kiem tra settings.xml 
[FAILED] nimbus-jose-jwt-8.19.pom - Vui long kiem tra settings.xml 
[FAILED] nimbus-jose-jwt-9.14.pom - Vui long kiem tra settings.xml 
[FAILED] nimbus-jose-jwt-9.22.pom - Vui long kiem tra settings.xml 
[FAILED] nimbus-jose-jwt-9.24.4.pom - Vui long kiem tra settings.xml 
[FAILED] nimbus-jose-jwt-9.31.pom - Vui long kiem tra settings.xml 
[FAILED] nimbus-jose-jwt-9.37.3.pom - Vui long kiem tra settings.xml 
[FAILED] oauth2-oidc-sdk-7.1.3.pom - Vui long kiem tra settings.xml 
[FAILED] oauth2-oidc-sdk-9.43.4.pom - Vui long kiem tra settings.xml 
[FAILED] oauth2-oidc-sdk-9.43.6.pom - Vui long kiem tra settings.xml 
[FAILED] openhtmltopdf-core-0.0.1-RC9.pom - Vui long kiem tra settings.xml 
[FAILED] openhtmltopdf-jsoup-dom-converter-0.0.1-RC9.pom - Vui long kiem tra settings.xml 
[FAILED] openhtmltopdf-parent-0.0.1-RC9.pom - Vui long kiem tra settings.xml 
[FAILED] openhtmltopdf-pdfbox-0.0.1-RC9.pom - Vui long kiem tra settings.xml 
[FAILED] openhtmltopdf-rtl-support-0.0.1-RC9.pom - Vui long kiem tra settings.xml 
[FAILED] ons-12.2.0.1.pom - Vui long kiem tra settings.xml 
[FAILED] ons-19.3.0.0.pom - Vui long kiem tra settings.xml 
[FAILED] ons-21.9.0.0.pom - Vui long kiem tra settings.xml 
[FAILED] simplefan-12.2.0.1.pom - Vui long kiem tra settings.xml 
[FAILED] simplefan-19.3.0.0.pom - Vui long kiem tra settings.xml 
[FAILED] simplefan-21.9.0.0.pom - Vui long kiem tra settings.xml 
[FAILED] ojdbc-bom-19.8.0.0.pom - Vui long kiem tra settings.xml 
[FAILED] ojdbc-bom-21.1.0.0.pom - Vui long kiem tra settings.xml 
[FAILED] ojdbc-bom-21.3.0.0.pom - Vui long kiem tra settings.xml 
[FAILED] ojdbc-bom-21.5.0.0.pom - Vui long kiem tra settings.xml 
[FAILED] ojdbc-bom-21.7.0.0.pom - Vui long kiem tra settings.xml 
[FAILED] ojdbc-bom-21.9.0.0.pom - Vui long kiem tra settings.xml 
[FAILED] ojdbc11-23.3.0.23.09.pom - Vui long kiem tra settings.xml 
[FAILED] ojdbc8-12.2.0.1.pom - Vui long kiem tra settings.xml 
[FAILED] ojdbc8-19.8.0.0.pom - Vui long kiem tra settings.xml 
[FAILED] ojdbc8-21.1.0.0.pom - Vui long kiem tra settings.xml 
[FAILED] ojdbc8-21.3.0.0.pom - Vui long kiem tra settings.xml 
[FAILED] ojdbc8-21.5.0.0.pom - Vui long kiem tra settings.xml 
[FAILED] ojdbc8-21.7.0.0.pom - Vui long kiem tra settings.xml 
[FAILED] ojdbc8-21.9.0.0.pom - Vui long kiem tra settings.xml 
[FAILED] ucp-12.2.0.1.pom - Vui long kiem tra settings.xml 
[FAILED] ucp-19.3.0.0.pom - Vui long kiem tra settings.xml 
[FAILED] ucp-21.9.0.0.pom - Vui long kiem tra settings.xml 
[FAILED] orai18n-12.2.0.1.pom - Vui long kiem tra settings.xml 
[FAILED] oraclepki-12.2.0.1.pom - Vui long kiem tra settings.xml 
[FAILED] oraclepki-19.3.0.0.pom - Vui long kiem tra settings.xml 
[FAILED] oraclepki-21.9.0.0.pom - Vui long kiem tra settings.xml 
[FAILED] osdt_cert-12.2.0.1.pom - Vui long kiem tra settings.xml 
[FAILED] osdt_cert-19.3.0.0.pom - Vui long kiem tra settings.xml 
[FAILED] osdt_cert-21.9.0.0.pom - Vui long kiem tra settings.xml 
[FAILED] osdt_core-12.2.0.1.pom - Vui long kiem tra settings.xml 
[FAILED] osdt_core-19.3.0.0.pom - Vui long kiem tra settings.xml 
[FAILED] osdt_core-21.9.0.0.pom - Vui long kiem tra settings.xml 
[FAILED] xdb6-12.2.0.1.pom - Vui long kiem tra settings.xml 
[FAILED] xmlparserv2-12.2.0.1.pom - Vui long kiem tra settings.xml 
[FAILED] spring-ng-blog-0.0.1-SNAPSHOT.pom - Vui long kiem tra settings.xml 
[FAILED] checkstyle-8.14.pom - Vui long kiem tra settings.xml 
[FAILED] querydsl-bom-5.0.0.pom - Vui long kiem tra settings.xml 
[FAILED] querydsl-bom-5.1.0.pom - Vui long kiem tra settings.xml 
[FAILED] amqp-client-5.4.3.pom - Vui long kiem tra settings.xml 
[FAILED] je-18.3.12.pom - Vui long kiem tra settings.xml 
[FAILED] okhttp-4.12.0.pom - Vui long kiem tra settings.xml 
[FAILED] okhttp-4.9.3.pom - Vui long kiem tra settings.xml 
[FAILED] okhttp-bom-4.10.0.pom - Vui long kiem tra settings.xml 
[FAILED] okhttp-bom-4.12.0.pom - Vui long kiem tra settings.xml 
[FAILED] okhttp-bom-4.9.3.pom - Vui long kiem tra settings.xml 
[FAILED] okhttp-jvm-5.0.0-alpha.12.pom - Vui long kiem tra settings.xml 
[FAILED] okio-2.8.0.pom - Vui long kiem tra settings.xml 
[FAILED] okio-3.6.0.pom - Vui long kiem tra settings.xml 
[FAILED] okio-jvm-3.6.0.pom - Vui long kiem tra settings.xml 
[FAILED] okio-jvm-3.7.0.pom - Vui long kiem tra settings.xml 
[FAILED] evictor-1.0.0.pom - Vui long kiem tra settings.xml 
[FAILED] all-1.2.0.pom - Vui long kiem tra settings.xml 
[FAILED] all-1.2.1.pom - Vui long kiem tra settings.xml 
[FAILED] all-1.2.2.pom - Vui long kiem tra settings.xml 
[FAILED] all-2.0.1.pom - Vui long kiem tra settings.xml 
[FAILED] jakarta.activation-1.2.1.pom - Vui long kiem tra settings.xml 
[FAILED] jakarta.activation-1.2.2.pom - Vui long kiem tra settings.xml 
[FAILED] jakarta.activation-2.0.1.pom - Vui long kiem tra settings.xml 
[FAILED] jsf-api-2.2.14.pom - Vui long kiem tra settings.xml 
[FAILED] jsf-impl-2.2.13.pom - Vui long kiem tra settings.xml 
[FAILED] istack-commons-3.0.11.pom - Vui long kiem tra settings.xml 
[FAILED] istack-commons-3.0.12.pom - Vui long kiem tra settings.xml 
[FAILED] istack-commons-3.0.7.pom - Vui long kiem tra settings.xml 
[FAILED] istack-commons-4.1.1.pom - Vui long kiem tra settings.xml 
[FAILED] istack-commons-4.1.2.pom - Vui long kiem tra settings.xml 
[FAILED] istack-commons-runtime-3.0.11.pom - Vui long kiem tra settings.xml 
[FAILED] istack-commons-runtime-3.0.12.pom - Vui long kiem tra settings.xml 
[FAILED] istack-commons-runtime-3.0.7.pom - Vui long kiem tra settings.xml 
[FAILED] istack-commons-runtime-4.1.1.pom - Vui long kiem tra settings.xml 
[FAILED] istack-commons-runtime-4.1.2.pom - Vui long kiem tra settings.xml 
[FAILED] jersey-apache-client4-1.17.1.pom - Vui long kiem tra settings.xml 
[FAILED] jersey-apache-client4-1.19.1.pom - Vui long kiem tra settings.xml 
[FAILED] jersey-contribs-1.17.1.pom - Vui long kiem tra settings.xml 
[FAILED] jersey-contribs-1.19.1.pom - Vui long kiem tra settings.xml 
[FAILED] jersey-client-1.17.1.pom - Vui long kiem tra settings.xml 
[FAILED] jersey-client-1.19.1.pom - Vui long kiem tra settings.xml 
[FAILED] jersey-client-1.19.4.pom - Vui long kiem tra settings.xml 
[FAILED] jersey-core-1.17.1.pom - Vui long kiem tra settings.xml 
[FAILED] jersey-core-1.19.1.pom - Vui long kiem tra settings.xml 
[FAILED] jersey-core-1.19.4.pom - Vui long kiem tra settings.xml 
[FAILED] jersey-project-1.17.1.pom - Vui long kiem tra settings.xml 
[FAILED] jersey-project-1.19.1.pom - Vui long kiem tra settings.xml 
[FAILED] jersey-project-1.19.4.pom - Vui long kiem tra settings.xml 
[FAILED] jersey-server-1.19.1.pom - Vui long kiem tra settings.xml 
[FAILED] jersey-server-1.19.4.pom - Vui long kiem tra settings.xml 
[FAILED] jersey-servlet-1.19.1.pom - Vui long kiem tra settings.xml 
[FAILED] jersey-servlet-1.19.4.pom - Vui long kiem tra settings.xml 
[FAILED] all-1.6.1.pom - Vui long kiem tra settings.xml 
[FAILED] all-1.6.2.pom - Vui long kiem tra settings.xml 
[FAILED] all-1.6.7.pom - Vui long kiem tra settings.xml 
[FAILED] jakarta.mail-1.6.7.pom - Vui long kiem tra settings.xml 
[FAILED] javax.mail-1.6.1.pom - Vui long kiem tra settings.xml 
[FAILED] javax.mail-1.6.2.pom - Vui long kiem tra settings.xml 
[FAILED] jaxb-bom-ext-2.3.1.pom - Vui long kiem tra settings.xml 
[FAILED] jaxb-bom-ext-2.3.3.pom - Vui long kiem tra settings.xml 
[FAILED] jaxb-bom-ext-2.3.4.pom - Vui long kiem tra settings.xml 
[FAILED] jaxb-bom-ext-2.3.5.pom - Vui long kiem tra settings.xml 
[FAILED] jaxb-bom-ext-2.3.6.pom - Vui long kiem tra settings.xml 
[FAILED] jaxb-bom-ext-2.3.7.pom - Vui long kiem tra settings.xml 
[FAILED] jaxb-bom-ext-2.3.8.pom - Vui long kiem tra settings.xml 
[FAILED] jaxb-bom-ext-2.3.9.pom - Vui long kiem tra settings.xml 
[FAILED] jaxb-bom-ext-4.0.2.pom - Vui long kiem tra settings.xml 
[FAILED] jaxb-bom-ext-4.0.4.pom - Vui long kiem tra settings.xml 
[FAILED] jaxb-bom-ext-4.0.5.pom - Vui long kiem tra settings.xml 
[FAILED] jaxb-impl-2.3.3.pom - Vui long kiem tra settings.xml 
[FAILED] jaxb-bundles-2.3.3.pom - Vui long kiem tra settings.xml 
[FAILED] jaxb-parent-2.3.1.pom - Vui long kiem tra settings.xml 
[FAILED] jaxb-parent-2.3.3.pom - Vui long kiem tra settings.xml 
[FAILED] jaxb-parent-2.3.4.pom - Vui long kiem tra settings.xml 
[FAILED] jaxb-parent-2.3.5.pom - Vui long kiem tra settings.xml 
[FAILED] jaxb-parent-2.3.6.pom - Vui long kiem tra settings.xml 
[FAILED] jaxb-parent-2.3.7.pom - Vui long kiem tra settings.xml 
[FAILED] jaxb-parent-2.3.8.pom - Vui long kiem tra settings.xml 
[FAILED] jaxb-parent-2.3.9.pom - Vui long kiem tra settings.xml 
[FAILED] jaxb-parent-4.0.2.pom - Vui long kiem tra settings.xml 
[FAILED] jaxb-parent-4.0.4.pom - Vui long kiem tra settings.xml 
[FAILED] jaxb-parent-4.0.5.pom - Vui long kiem tra settings.xml 
[FAILED] jaxb-runtime-parent-2.3.1.pom - Vui long kiem tra settings.xml 
[FAILED] jaxb-runtime-parent-2.3.3.pom - Vui long kiem tra settings.xml 
[FAILED] jaxb-runtime-parent-2.3.4.pom - Vui long kiem tra settings.xml 
[FAILED] jaxb-runtime-parent-2.3.5.pom - Vui long kiem tra settings.xml 
[FAILED] jaxb-runtime-parent-2.3.6.pom - Vui long kiem tra settings.xml 
[FAILED] jaxb-runtime-parent-2.3.7.pom - Vui long kiem tra settings.xml 
[FAILED] jaxb-runtime-parent-2.3.8.pom - Vui long kiem tra settings.xml 
[FAILED] jaxb-runtime-parent-2.3.9.pom - Vui long kiem tra settings.xml 
[FAILED] jaxb-runtime-parent-4.0.2.pom - Vui long kiem tra settings.xml 
[FAILED] jaxb-runtime-parent-4.0.4.pom - Vui long kiem tra settings.xml 
[FAILED] jaxb-runtime-parent-4.0.5.pom - Vui long kiem tra settings.xml 
[FAILED] jaxb-txw-parent-2.3.1.pom - Vui long kiem tra settings.xml 
[FAILED] jaxb-txw-parent-2.3.3.pom - Vui long kiem tra settings.xml 
[FAILED] jaxb-txw-parent-2.3.4.pom - Vui long kiem tra settings.xml 
[FAILED] jaxb-txw-parent-2.3.5.pom - Vui long kiem tra settings.xml 
[FAILED] jaxb-txw-parent-2.3.6.pom - Vui long kiem tra settings.xml 
[FAILED] jaxb-txw-parent-2.3.7.pom - Vui long kiem tra settings.xml 
[FAILED] jaxb-txw-parent-2.3.8.pom - Vui long kiem tra settings.xml 
[FAILED] jaxb-txw-parent-2.3.9.pom - Vui long kiem tra settings.xml 
[FAILED] jaxb-txw-parent-4.0.2.pom - Vui long kiem tra settings.xml 
[FAILED] jaxb-txw-parent-4.0.4.pom - Vui long kiem tra settings.xml 
[FAILED] jaxb-txw-parent-4.0.5.pom - Vui long kiem tra settings.xml 
[FAILED] FastInfoset-1.2.15.pom - Vui long kiem tra settings.xml 
[FAILED] FastInfoset-2.1.1.pom - Vui long kiem tra settings.xml 
[FAILED] fastinfoset-project-1.2.15.pom - Vui long kiem tra settings.xml 
[FAILED] fastinfoset-project-2.1.1.pom - Vui long kiem tra settings.xml 
[FAILED] yanfs-1.4.pom - Vui long kiem tra settings.xml 
[FAILED] qdox-1.12.1.pom - Vui long kiem tra settings.xml 
[FAILED] qdox-2.0-M7.pom - Vui long kiem tra settings.xml 
[FAILED] qdox-2.0-M8.pom - Vui long kiem tra settings.xml 
[FAILED] qdox-2.0-M9.pom - Vui long kiem tra settings.xml 
[FAILED] qdox-2.0.0.pom - Vui long kiem tra settings.xml 
[FAILED] qdox-2.0.1.pom - Vui long kiem tra settings.xml 
[FAILED] qdox-2.0.3.pom - Vui long kiem tra settings.xml 
[FAILED] qdox-2.2.0.pom - Vui long kiem tra settings.xml 
[FAILED] xstream-1.4.10.pom - Vui long kiem tra settings.xml 
[FAILED] xstream-1.4.16.pom - Vui long kiem tra settings.xml 
[FAILED] xstream-1.4.19.pom - Vui long kiem tra settings.xml 
[FAILED] xstream-1.4.20.pom - Vui long kiem tra settings.xml 
[FAILED] xstream-1.4.21.pom - Vui long kiem tra settings.xml 
[FAILED] xstream-1.4.7.pom - Vui long kiem tra settings.xml 
[FAILED] xstream-1.4.9.pom - Vui long kiem tra settings.xml 
[FAILED] xstream-parent-1.4.10.pom - Vui long kiem tra settings.xml 
[FAILED] xstream-parent-1.4.16.pom - Vui long kiem tra settings.xml 
[FAILED] xstream-parent-1.4.19.pom - Vui long kiem tra settings.xml 
[FAILED] xstream-parent-1.4.20.pom - Vui long kiem tra settings.xml 
[FAILED] xstream-parent-1.4.21.pom - Vui long kiem tra settings.xml 
[FAILED] xstream-parent-1.4.7.pom - Vui long kiem tra settings.xml 
[FAILED] xstream-parent-1.4.9.pom - Vui long kiem tra settings.xml 
[FAILED] trilead-ssh2-1.0.0-build217.pom - Vui long kiem tra settings.xml 
[FAILED] trilead-ssh2-1.0.0-build220.pom - Vui long kiem tra settings.xml 
[FAILED] trilead-ssh2-1.0.0-build222.pom - Vui long kiem tra settings.xml 
[FAILED] android-json-0.0.20131108.vaadin1.pom - Vui long kiem tra settings.xml 
[FAILED] flexmark-0.18.4.pom - Vui long kiem tra settings.xml 
[FAILED] flexmark-0.42.14.pom - Vui long kiem tra settings.xml 
[FAILED] flexmark-all-0.18.4.pom - Vui long kiem tra settings.xml 
[FAILED] flexmark-all-0.42.14.pom - Vui long kiem tra settings.xml 
[FAILED] flexmark-ext-abbreviation-0.18.4.pom - Vui long kiem tra settings.xml 
[FAILED] flexmark-ext-abbreviation-0.42.14.pom - Vui long kiem tra settings.xml 
[FAILED] flexmark-ext-admonition-0.42.14.pom - Vui long kiem tra settings.xml 
[FAILED] flexmark-ext-anchorlink-0.18.4.pom - Vui long kiem tra settings.xml 
[FAILED] flexmark-ext-anchorlink-0.42.14.pom - Vui long kiem tra settings.xml 
[FAILED] flexmark-ext-aside-0.18.4.pom - Vui long kiem tra settings.xml 
[FAILED] flexmark-ext-aside-0.42.14.pom - Vui long kiem tra settings.xml 
[FAILED] flexmark-ext-attributes-0.42.14.pom - Vui long kiem tra settings.xml 
[FAILED] flexmark-ext-autolink-0.18.4.pom - Vui long kiem tra settings.xml 
[FAILED] flexmark-ext-autolink-0.42.14.pom - Vui long kiem tra settings.xml 
[FAILED] flexmark-ext-definition-0.18.4.pom - Vui long kiem tra settings.xml 
[FAILED] flexmark-ext-definition-0.42.14.pom - Vui long kiem tra settings.xml 
[FAILED] flexmark-ext-emoji-0.18.4.pom - Vui long kiem tra settings.xml 
[FAILED] flexmark-ext-emoji-0.42.14.pom - Vui long kiem tra settings.xml 
[FAILED] flexmark-ext-enumerated-reference-0.42.14.pom - Vui long kiem tra settings.xml 
[FAILED] flexmark-ext-escaped-character-0.18.4.pom - Vui long kiem tra settings.xml 
[FAILED] flexmark-ext-escaped-character-0.42.14.pom - Vui long kiem tra settings.xml 
[FAILED] flexmark-ext-footnotes-0.18.4.pom - Vui long kiem tra settings.xml 
[FAILED] flexmark-ext-footnotes-0.42.14.pom - Vui long kiem tra settings.xml 
[FAILED] flexmark-ext-gfm-issues-0.42.14.pom - Vui long kiem tra settings.xml 
[FAILED] flexmark-ext-gfm-strikethrough-0.18.4.pom - Vui long kiem tra settings.xml 
[FAILED] flexmark-ext-gfm-strikethrough-0.42.14.pom - Vui long kiem tra settings.xml 
[FAILED] flexmark-ext-gfm-tables-0.18.4.pom - Vui long kiem tra settings.xml 
[FAILED] flexmark-ext-gfm-tables-0.42.14.pom - Vui long kiem tra settings.xml 
[FAILED] flexmark-ext-gfm-tasklist-0.18.4.pom - Vui long kiem tra settings.xml 
[FAILED] flexmark-ext-gfm-tasklist-0.42.14.pom - Vui long kiem tra settings.xml 
[FAILED] flexmark-ext-gfm-users-0.42.14.pom - Vui long kiem tra settings.xml 
[FAILED] flexmark-ext-gitlab-0.42.14.pom - Vui long kiem tra settings.xml 
[FAILED] flexmark-ext-ins-0.18.4.pom - Vui long kiem tra settings.xml 
[FAILED] flexmark-ext-ins-0.42.14.pom - Vui long kiem tra settings.xml 
[FAILED] flexmark-ext-jekyll-front-matter-0.18.4.pom - Vui long kiem tra settings.xml 
[FAILED] flexmark-ext-jekyll-front-matter-0.42.14.pom - Vui long kiem tra settings.xml 
[FAILED] flexmark-ext-jekyll-tag-0.18.4.pom - Vui long kiem tra settings.xml 
[FAILED] flexmark-ext-jekyll-tag-0.42.14.pom - Vui long kiem tra settings.xml 
[FAILED] flexmark-ext-macros-0.42.14.pom - Vui long kiem tra settings.xml 
[FAILED] flexmark-ext-media-tags-0.42.14.pom - Vui long kiem tra settings.xml 
[FAILED] flexmark-ext-spec-example-0.18.4.pom - Vui long kiem tra settings.xml 
[FAILED] flexmark-ext-superscript-0.18.4.pom - Vui long kiem tra settings.xml 
[FAILED] flexmark-ext-superscript-0.42.14.pom - Vui long kiem tra settings.xml 
[FAILED] flexmark-ext-tables-0.18.4.pom - Vui long kiem tra settings.xml 
[FAILED] flexmark-ext-tables-0.42.14.pom - Vui long kiem tra settings.xml 
[FAILED] flexmark-ext-toc-0.18.4.pom - Vui long kiem tra settings.xml 
[FAILED] flexmark-ext-toc-0.42.14.pom - Vui long kiem tra settings.xml 
[FAILED] flexmark-ext-typographic-0.18.4.pom - Vui long kiem tra settings.xml 
[FAILED] flexmark-ext-typographic-0.42.14.pom - Vui long kiem tra settings.xml 
[FAILED] flexmark-ext-wikilink-0.18.4.pom - Vui long kiem tra settings.xml 
[FAILED] flexmark-ext-wikilink-0.42.14.pom - Vui long kiem tra settings.xml 
[FAILED] flexmark-ext-xwiki-macros-0.18.4.pom - Vui long kiem tra settings.xml 
[FAILED] flexmark-ext-xwiki-macros-0.42.14.pom - Vui long kiem tra settings.xml 
[FAILED] flexmark-ext-yaml-front-matter-0.18.4.pom - Vui long kiem tra settings.xml 
[FAILED] flexmark-ext-yaml-front-matter-0.42.14.pom - Vui long kiem tra settings.xml 
[FAILED] flexmark-ext-youtube-embedded-0.42.14.pom - Vui long kiem tra settings.xml 
[FAILED] flexmark-formatter-0.18.4.pom - Vui long kiem tra settings.xml 
[FAILED] flexmark-formatter-0.42.14.pom - Vui long kiem tra settings.xml 
[FAILED] flexmark-html-parser-0.18.4.pom - Vui long kiem tra settings.xml 
[FAILED] flexmark-html-parser-0.42.14.pom - Vui long kiem tra settings.xml 
[FAILED] flexmark-java-0.18.4.pom - Vui long kiem tra settings.xml 
[FAILED] flexmark-java-0.42.14.pom - Vui long kiem tra settings.xml 
[FAILED] flexmark-jira-converter-0.18.4.pom - Vui long kiem tra settings.xml 
[FAILED] flexmark-jira-converter-0.42.14.pom - Vui long kiem tra settings.xml 
[FAILED] flexmark-pdf-converter-0.18.4.pom - Vui long kiem tra settings.xml 
[FAILED] flexmark-profile-pegdown-0.18.4.pom - Vui long kiem tra settings.xml 
[FAILED] flexmark-profile-pegdown-0.42.14.pom - Vui long kiem tra settings.xml 
[FAILED] flexmark-test-util-0.18.4.pom - Vui long kiem tra settings.xml 
[FAILED] flexmark-util-0.18.4.pom - Vui long kiem tra settings.xml 
[FAILED] flexmark-util-0.42.14.pom - Vui long kiem tra settings.xml 
[FAILED] flexmark-youtrack-converter-0.18.4.pom - Vui long kiem tra settings.xml 
[FAILED] flexmark-youtrack-converter-0.42.14.pom - Vui long kiem tra settings.xml 
[FAILED] HikariCP-2.6.0.pom - Vui long kiem tra settings.xml 
[FAILED] HikariCP-3.2.0.pom - Vui long kiem tra settings.xml 
[FAILED] HikariCP-3.4.5.pom - Vui long kiem tra settings.xml 
[FAILED] HikariCP-4.0.3.pom - Vui long kiem tra settings.xml 
[FAILED] HikariCP-5.0.1.pom - Vui long kiem tra settings.xml 
[FAILED] HikariCP-5.1.0.pom - Vui long kiem tra settings.xml 
[FAILED] HikariCP-java7-2.4.13.pom - Vui long kiem tra settings.xml 
[FAILED] SparseBitSet-1.2.pom - Vui long kiem tra settings.xml 
[FAILED] commons-beanutils-1.6.pom - Vui long kiem tra settings.xml 
[FAILED] commons-beanutils-1.7.0.pom - Vui long kiem tra settings.xml 
[FAILED] commons-beanutils-1.8.0.pom - Vui long kiem tra settings.xml 
[FAILED] commons-beanutils-1.8.2.pom - Vui long kiem tra settings.xml 
[FAILED] commons-beanutils-1.8.3.pom - Vui long kiem tra settings.xml 
[FAILED] commons-beanutils-1.9.4.pom - Vui long kiem tra settings.xml 
[FAILED] commons-beanutils-core-1.8.3.pom - Vui long kiem tra settings.xml 
[FAILED] commons-chain-1.1.pom - Vui long kiem tra settings.xml 
[FAILED] commons-cli-1.0.pom - Vui long kiem tra settings.xml 
[FAILED] commons-cli-1.2.pom - Vui long kiem tra settings.xml 
[FAILED] commons-cli-1.4.pom - Vui long kiem tra settings.xml 
[FAILED] commons-codec-1.10.pom - Vui long kiem tra settings.xml 
[FAILED] commons-codec-1.11.pom - Vui long kiem tra settings.xml 
[FAILED] commons-codec-1.13.pom - Vui long kiem tra settings.xml 
[FAILED] commons-codec-1.14.pom - Vui long kiem tra settings.xml 
[FAILED] commons-codec-1.15.pom - Vui long kiem tra settings.xml 
[FAILED] commons-codec-1.16.0.pom - Vui long kiem tra settings.xml 
[FAILED] commons-codec-1.16.1.pom - Vui long kiem tra settings.xml 
[FAILED] commons-codec-1.18.0.pom - Vui long kiem tra settings.xml 
[FAILED] commons-codec-1.2.pom - Vui long kiem tra settings.xml 
[FAILED] commons-codec-1.3.pom - Vui long kiem tra settings.xml 
[FAILED] commons-codec-1.5.pom - Vui long kiem tra settings.xml 
[FAILED] commons-codec-1.6.pom - Vui long kiem tra settings.xml 
[FAILED] commons-codec-1.9.pom - Vui long kiem tra settings.xml 
[FAILED] commons-collections-2.0.pom - Vui long kiem tra settings.xml 
[FAILED] commons-collections-2.1.pom - Vui long kiem tra settings.xml 
[FAILED] commons-collections-2.1.1.pom - Vui long kiem tra settings.xml 
[FAILED] commons-collections-3.1.pom - Vui long kiem tra settings.xml 
[FAILED] commons-collections-3.2.pom - Vui long kiem tra settings.xml 
[FAILED] commons-collections-3.2.1.pom - Vui long kiem tra settings.xml 
[FAILED] commons-collections-3.2.2.pom - Vui long kiem tra settings.xml 
[FAILED] commons-configuration-1.10.pom - Vui long kiem tra settings.xml 
[FAILED] commons-configuration-1.8.pom - Vui long kiem tra settings.xml 
[FAILED] commons-dbcp-1.2.pom - Vui long kiem tra settings.xml 
[FAILED] commons-digester-1.6.pom - Vui long kiem tra settings.xml 
[FAILED] commons-digester-1.8.pom - Vui long kiem tra settings.xml 
[FAILED] commons-digester-2.0.pom - Vui long kiem tra settings.xml 
[FAILED] commons-digester-2.1.pom - Vui long kiem tra settings.xml 
[FAILED] commons-discovery-0.2.pom - Vui long kiem tra settings.xml 
[FAILED] commons-fileupload-1.3.pom - Vui long kiem tra settings.xml 
[FAILED] commons-fileupload-1.4.pom - Vui long kiem tra settings.xml 
[FAILED] commons-httpclient-3.0.pom - Vui long kiem tra settings.xml 
[FAILED] commons-httpclient-3.1.pom - Vui long kiem tra settings.xml 
[FAILED] commons-io-1.3.2.pom - Vui long kiem tra settings.xml 
[FAILED] commons-io-1.4.pom - Vui long kiem tra settings.xml 
[FAILED] commons-io-2.1.pom - Vui long kiem tra settings.xml 
[FAILED] commons-io-2.11.0.pom - Vui long kiem tra settings.xml 
[FAILED] commons-io-2.12.0.pom - Vui long kiem tra settings.xml 
[FAILED] commons-io-2.13.0.pom - Vui long kiem tra settings.xml 
[FAILED] commons-io-2.15.1.pom - Vui long kiem tra settings.xml 
[FAILED] commons-io-2.16.1.pom - Vui long kiem tra settings.xml 
[FAILED] commons-io-2.2.pom - Vui long kiem tra settings.xml 
[FAILED] commons-io-2.4.pom - Vui long kiem tra settings.xml 
[FAILED] commons-io-2.5.pom - Vui long kiem tra settings.xml 
[FAILED] commons-io-2.6.pom - Vui long kiem tra settings.xml 
[FAILED] commons-io-2.8.0.pom - Vui long kiem tra settings.xml 
[FAILED] commons-io-2.9.0.pom - Vui long kiem tra settings.xml 
[FAILED] commons-jxpath-1.3.pom - Vui long kiem tra settings.xml 
[FAILED] commons-lang-1.0.pom - Vui long kiem tra settings.xml 
[FAILED] commons-lang-2.1.pom - Vui long kiem tra settings.xml 
[FAILED] commons-lang-2.4.pom - Vui long kiem tra settings.xml 
[FAILED] commons-lang-2.5.pom - Vui long kiem tra settings.xml 
[FAILED] commons-lang-2.6.pom - Vui long kiem tra settings.xml 
[FAILED] commons-logging-1.0.pom - Vui long kiem tra settings.xml 
[FAILED] commons-logging-1.0.3.pom - Vui long kiem tra settings.xml 
[FAILED] commons-logging-1.0.4.pom - Vui long kiem tra settings.xml 
[FAILED] commons-logging-1.1.pom - Vui long kiem tra settings.xml 
[FAILED] commons-logging-1.1.1.pom - Vui long kiem tra settings.xml 
[FAILED] commons-logging-1.1.3.pom - Vui long kiem tra settings.xml 
[FAILED] commons-logging-1.2.pom - Vui long kiem tra settings.xml 
[FAILED] commons-logging-1.3.1.pom - Vui long kiem tra settings.xml 
[FAILED] commons-logging-1.3.3.pom - Vui long kiem tra settings.xml 
[FAILED] commons-logging-1.3.4.pom - Vui long kiem tra settings.xml 
[FAILED] commons-logging-api-1.1.pom - Vui long kiem tra settings.xml 
[FAILED] commons-math-1.0.pom - Vui long kiem tra settings.xml 
[FAILED] commons-net-3.6.pom - Vui long kiem tra settings.xml 
[FAILED] commons-pool-1.2.pom - Vui long kiem tra settings.xml 
[FAILED] commons-pool-1.3.pom - Vui long kiem tra settings.xml 
[FAILED] commons-validator-1.3.1.pom - Vui long kiem tra settings.xml 
[FAILED] commons-vfs-1.0.pom - Vui long kiem tra settings.xml 
[FAILED] spring-boot-admin-build-2.3.1.pom - Vui long kiem tra settings.xml 
[FAILED] spring-boot-admin-build-3.2.3.pom - Vui long kiem tra settings.xml 
[FAILED] spring-boot-admin-build-3.3.2.pom - Vui long kiem tra settings.xml 
[FAILED] spring-boot-admin-client-2.3.1.pom - Vui long kiem tra settings.xml 
[FAILED] spring-boot-admin-client-3.2.3.pom - Vui long kiem tra settings.xml 
[FAILED] spring-boot-admin-client-3.3.2.pom - Vui long kiem tra settings.xml 
[FAILED] spring-boot-admin-dependencies-2.3.1.pom - Vui long kiem tra settings.xml 
[FAILED] spring-boot-admin-dependencies-3.2.3.pom - Vui long kiem tra settings.xml 
[FAILED] spring-boot-admin-dependencies-3.3.2.pom - Vui long kiem tra settings.xml 
[FAILED] spring-boot-admin-server-2.3.1.pom - Vui long kiem tra settings.xml 
[FAILED] spring-boot-admin-server-3.2.3.pom - Vui long kiem tra settings.xml 
[FAILED] spring-boot-admin-server-cloud-2.3.1.pom - Vui long kiem tra settings.xml 
[FAILED] spring-boot-admin-server-cloud-3.2.3.pom - Vui long kiem tra settings.xml 
[FAILED] spring-boot-admin-server-ui-2.3.1.pom - Vui long kiem tra settings.xml 
[FAILED] spring-boot-admin-server-ui-3.2.3.pom - Vui long kiem tra settings.xml 
[FAILED] spring-boot-admin-starter-client-2.3.1.pom - Vui long kiem tra settings.xml 
[FAILED] spring-boot-admin-starter-client-3.2.3.pom - Vui long kiem tra settings.xml 
[FAILED] spring-boot-admin-starter-client-3.3.2.pom - Vui long kiem tra settings.xml 
[FAILED] spring-boot-admin-starter-server-2.3.1.pom - Vui long kiem tra settings.xml 
[FAILED] spring-boot-admin-starter-server-3.2.3.pom - Vui long kiem tra settings.xml 
[FAILED] sequence-library-1.0.3.pom - Vui long kiem tra settings.xml 
[FAILED] sequence-library-1.0.4.pom - Vui long kiem tra settings.xml 
[FAILED] DemoSpringMVC-0.0.1-SNAPSHOT.pom - Vui long kiem tra settings.xml 
[FAILED] dom4j-1.1.pom - Vui long kiem tra settings.xml 
[FAILED] dom4j-1.6.pom - Vui long kiem tra settings.xml 
[FAILED] dom4j-1.6.1.pom - Vui long kiem tra settings.xml 
[FAILED] jdtcore-3.1.0.pom - Vui long kiem tra settings.xml 
[FAILED] ehcache-1.1.pom - Vui long kiem tra settings.xml 
[FAILED] eigenbase-properties-1.1.0.10924.pom - Vui long kiem tra settings.xml 
[FAILED] eigenbase-resgen-1.3.0.11873.pom - Vui long kiem tra settings.xml 
[FAILED] eigenbase-xom-1.3.0.11999.pom - Vui long kiem tra settings.xml 
[FAILED] antlr-2.7.5H3.pom - Vui long kiem tra settings.xml 
[FAILED] picocli-4.3.2.pom - Vui long kiem tra settings.xml 
[FAILED] picocli-4.6.1.pom - Vui long kiem tra settings.xml 
[FAILED] metrics-bom-4.1.17.pom - Vui long kiem tra settings.xml 
[FAILED] metrics-bom-4.1.19.pom - Vui long kiem tra settings.xml 
[FAILED] metrics-bom-4.1.22.pom - Vui long kiem tra settings.xml 
[FAILED] metrics-bom-4.1.24.pom - Vui long kiem tra settings.xml 
[FAILED] metrics-bom-4.1.25.pom - Vui long kiem tra settings.xml 
[FAILED] metrics-bom-4.1.26.pom - Vui long kiem tra settings.xml 
[FAILED] metrics-bom-4.2.10.pom - Vui long kiem tra settings.xml 
[FAILED] metrics-bom-4.2.13.pom - Vui long kiem tra settings.xml 
[FAILED] metrics-bom-4.2.16.pom - Vui long kiem tra settings.xml 
[FAILED] metrics-bom-4.2.18.pom - Vui long kiem tra settings.xml 
[FAILED] metrics-bom-4.2.19.pom - Vui long kiem tra settings.xml 
[FAILED] metrics-bom-4.2.21.pom - Vui long kiem tra settings.xml 
[FAILED] metrics-bom-4.2.22.pom - Vui long kiem tra settings.xml 
[FAILED] metrics-bom-4.2.23.pom - Vui long kiem tra settings.xml 
[FAILED] metrics-bom-4.2.25.pom - Vui long kiem tra settings.xml 
[FAILED] metrics-bom-4.2.26.pom - Vui long kiem tra settings.xml 
[FAILED] metrics-bom-4.2.27.pom - Vui long kiem tra settings.xml 
[FAILED] metrics-bom-4.2.28.pom - Vui long kiem tra settings.xml 
[FAILED] metrics-bom-4.2.7.pom - Vui long kiem tra settings.xml 
[FAILED] metrics-bom-4.2.9.pom - Vui long kiem tra settings.xml 
[FAILED] metrics-parent-4.1.17.pom - Vui long kiem tra settings.xml 
[FAILED] metrics-parent-4.1.19.pom - Vui long kiem tra settings.xml 
[FAILED] metrics-parent-4.1.22.pom - Vui long kiem tra settings.xml 
[FAILED] metrics-parent-4.1.24.pom - Vui long kiem tra settings.xml 
[FAILED] metrics-parent-4.1.25.pom - Vui long kiem tra settings.xml 
[FAILED] metrics-parent-4.1.26.pom - Vui long kiem tra settings.xml 
[FAILED] metrics-parent-4.2.10.pom - Vui long kiem tra settings.xml 
[FAILED] metrics-parent-4.2.13.pom - Vui long kiem tra settings.xml 
[FAILED] metrics-parent-4.2.16.pom - Vui long kiem tra settings.xml 
[FAILED] metrics-parent-4.2.18.pom - Vui long kiem tra settings.xml 
[FAILED] metrics-parent-4.2.19.pom - Vui long kiem tra settings.xml 
[FAILED] metrics-parent-4.2.21.pom - Vui long kiem tra settings.xml 
[FAILED] metrics-parent-4.2.22.pom - Vui long kiem tra settings.xml 
[FAILED] metrics-parent-4.2.23.pom - Vui long kiem tra settings.xml 
[FAILED] metrics-parent-4.2.25.pom - Vui long kiem tra settings.xml 
[FAILED] metrics-parent-4.2.26.pom - Vui long kiem tra settings.xml 
[FAILED] metrics-parent-4.2.27.pom - Vui long kiem tra settings.xml 
[FAILED] metrics-parent-4.2.28.pom - Vui long kiem tra settings.xml 
[FAILED] metrics-parent-4.2.7.pom - Vui long kiem tra settings.xml 
[FAILED] metrics-parent-4.2.9.pom - Vui long kiem tra settings.xml 
[FAILED] kubernetes-client-bom-3.1.10.pom - Vui long kiem tra settings.xml 
[FAILED] kubernetes-client-bom-4.1.0.pom - Vui long kiem tra settings.xml 
[FAILED] kubernetes-client-bom-4.13.2.pom - Vui long kiem tra settings.xml 
[FAILED] kubernetes-client-bom-4.4.1.pom - Vui long kiem tra settings.xml 
[FAILED] kubernetes-client-bom-5.10.2.pom - Vui long kiem tra settings.xml 
[FAILED] kubernetes-client-bom-5.12.2.pom - Vui long kiem tra settings.xml 
[FAILED] kubernetes-client-bom-5.12.4.pom - Vui long kiem tra settings.xml 
[FAILED] kubernetes-client-bom-6.9.2.pom - Vui long kiem tra settings.xml 
[FAILED] classgraph-4.8.116.pom - Vui long kiem tra settings.xml 
[FAILED] classgraph-4.8.147.pom - Vui long kiem tra settings.xml 
[FAILED] classgraph-4.8.149.pom - Vui long kiem tra settings.xml 
[FAILED] classgraph-4.8.83.pom - Vui long kiem tra settings.xml 
[FAILED] git-commit-id-maven-plugin-6.0.0.pom - Vui long kiem tra settings.xml 
[FAILED] git-commit-id-maven-plugin-8.0.2.pom - Vui long kiem tra settings.xml 
[FAILED] feign-bom-10.12.pom - Vui long kiem tra settings.xml 
[FAILED] feign-bom-11.10.pom - Vui long kiem tra settings.xml 
[FAILED] feign-bom-13.2.1.pom - Vui long kiem tra settings.xml 
[FAILED] feign-bom-13.3.pom - Vui long kiem tra settings.xml 
[FAILED] feign-bom-13.5.pom - Vui long kiem tra settings.xml 
[FAILED] resilience4j-annotations-1.7.0.pom - Vui long kiem tra settings.xml 
[FAILED] resilience4j-annotations-2.2.0.pom - Vui long kiem tra settings.xml 
[FAILED] resilience4j-bom-1.7.0.pom - Vui long kiem tra settings.xml 
[FAILED] resilience4j-bom-2.1.0.pom - Vui long kiem tra settings.xml 
[FAILED] resilience4j-bom-2.2.0.pom - Vui long kiem tra settings.xml 
[FAILED] resilience4j-bulkhead-2.2.0.pom - Vui long kiem tra settings.xml 
[FAILED] resilience4j-circuitbreaker-1.7.0.pom - Vui long kiem tra settings.xml 
[FAILED] resilience4j-circuitbreaker-2.2.0.pom - Vui long kiem tra settings.xml 
[FAILED] resilience4j-circularbuffer-1.7.0.pom - Vui long kiem tra settings.xml 
[FAILED] resilience4j-circularbuffer-2.2.0.pom - Vui long kiem tra settings.xml 
[FAILED] resilience4j-consumer-1.7.0.pom - Vui long kiem tra settings.xml 
[FAILED] resilience4j-consumer-2.2.0.pom - Vui long kiem tra settings.xml 
[FAILED] resilience4j-core-1.7.0.pom - Vui long kiem tra settings.xml 
[FAILED] resilience4j-core-2.2.0.pom - Vui long kiem tra settings.xml 
[FAILED] resilience4j-framework-common-1.7.0.pom - Vui long kiem tra settings.xml 
[FAILED] resilience4j-framework-common-2.2.0.pom - Vui long kiem tra settings.xml 
[FAILED] resilience4j-micrometer-1.7.0.pom - Vui long kiem tra settings.xml 
[FAILED] resilience4j-micrometer-2.2.0.pom - Vui long kiem tra settings.xml 
[FAILED] resilience4j-ratelimiter-1.7.0.pom - Vui long kiem tra settings.xml 
[FAILED] resilience4j-ratelimiter-2.2.0.pom - Vui long kiem tra settings.xml 
[FAILED] resilience4j-retry-1.7.0.pom - Vui long kiem tra settings.xml 
[FAILED] resilience4j-retry-2.2.0.pom - Vui long kiem tra settings.xml 
[FAILED] resilience4j-spring-1.7.0.pom - Vui long kiem tra settings.xml 
[FAILED] resilience4j-spring-boot2-1.7.0.pom - Vui long kiem tra settings.xml 
[FAILED] resilience4j-spring-boot3-2.2.0.pom - Vui long kiem tra settings.xml 
[FAILED] resilience4j-spring6-2.2.0.pom - Vui long kiem tra settings.xml 
[FAILED] resilience4j-timelimiter-1.7.0.pom - Vui long kiem tra settings.xml 
[FAILED] resilience4j-timelimiter-2.2.0.pom - Vui long kiem tra settings.xml 
[FAILED] mxparser-1.2.1.pom - Vui long kiem tra settings.xml 
[FAILED] mxparser-1.2.2.pom - Vui long kiem tra settings.xml 
[FAILED] grpc-alts-1.28.1.pom - Vui long kiem tra settings.xml 
[FAILED] grpc-api-1.28.1.pom - Vui long kiem tra settings.xml 
[FAILED] grpc-auth-1.28.1.pom - Vui long kiem tra settings.xml 
[FAILED] grpc-bom-1.28.1.pom - Vui long kiem tra settings.xml 
[FAILED] grpc-context-1.14.0.pom - Vui long kiem tra settings.xml 
[FAILED] grpc-context-1.22.1.pom - Vui long kiem tra settings.xml 
[FAILED] grpc-context-1.28.1.pom - Vui long kiem tra settings.xml 
[FAILED] grpc-core-1.28.1.pom - Vui long kiem tra settings.xml 
[FAILED] grpc-grpclb-1.28.1.pom - Vui long kiem tra settings.xml 
[FAILED] grpc-netty-shaded-1.28.1.pom - Vui long kiem tra settings.xml 
[FAILED] grpc-protobuf-1.28.1.pom - Vui long kiem tra settings.xml 
[FAILED] grpc-protobuf-lite-1.28.1.pom - Vui long kiem tra settings.xml 
[FAILED] grpc-stub-1.28.1.pom - Vui long kiem tra settings.xml 
[FAILED] jjwt-0.7.0.pom - Vui long kiem tra settings.xml 
[FAILED] jjwt-0.9.0.pom - Vui long kiem tra settings.xml 
[FAILED] jjwt-api-0.10.5.pom - Vui long kiem tra settings.xml 
[FAILED] jjwt-api-0.11.5.pom - Vui long kiem tra settings.xml 
[FAILED] jjwt-api-0.12.5.pom - Vui long kiem tra settings.xml 
[FAILED] jjwt-impl-0.10.5.pom - Vui long kiem tra settings.xml 
[FAILED] jjwt-impl-0.11.5.pom - Vui long kiem tra settings.xml 
[FAILED] jjwt-impl-0.12.5.pom - Vui long kiem tra settings.xml 
[FAILED] jjwt-jackson-0.10.5.pom - Vui long kiem tra settings.xml 
[FAILED] jjwt-jackson-0.11.5.pom - Vui long kiem tra settings.xml 
[FAILED] jjwt-jackson-0.12.5.pom - Vui long kiem tra settings.xml 
[FAILED] jjwt-root-0.10.5.pom - Vui long kiem tra settings.xml 
[FAILED] jjwt-root-0.11.5.pom - Vui long kiem tra settings.xml 
[FAILED] jjwt-root-0.12.5.pom - Vui long kiem tra settings.xml 
[FAILED] lettuce-core-5.3.7.RELEASE.pom - Vui long kiem tra settings.xml 
[FAILED] lettuce-core-6.3.2.RELEASE.pom - Vui long kiem tra settings.xml 
[FAILED] context-propagation-1.1.2.pom - Vui long kiem tra settings.xml 
[FAILED] context-propagation-1.1.3.pom - Vui long kiem tra settings.xml 
[FAILED] micrometer-bom-1.10.0.pom - Vui long kiem tra settings.xml 
[FAILED] micrometer-bom-1.10.2.pom - Vui long kiem tra settings.xml 
[FAILED] micrometer-bom-1.10.4.pom - Vui long kiem tra settings.xml 
[FAILED] micrometer-bom-1.11.3.pom - Vui long kiem tra settings.xml 
[FAILED] micrometer-bom-1.11.4.pom - Vui long kiem tra settings.xml 
[FAILED] micrometer-bom-1.12.10.pom - Vui long kiem tra settings.xml 
[FAILED] micrometer-bom-1.12.12.pom - Vui long kiem tra settings.xml 
[FAILED] micrometer-bom-1.12.13.pom - Vui long kiem tra settings.xml 
[FAILED] micrometer-bom-1.12.2.pom - Vui long kiem tra settings.xml 
[FAILED] micrometer-bom-1.12.4.pom - Vui long kiem tra settings.xml 
[FAILED] micrometer-bom-1.12.5.pom - Vui long kiem tra settings.xml 
[FAILED] micrometer-bom-1.12.7.pom - Vui long kiem tra settings.xml 
[FAILED] micrometer-bom-1.13.0.pom - Vui long kiem tra settings.xml 
[FAILED] micrometer-bom-1.13.1.pom - Vui long kiem tra settings.xml 
[FAILED] micrometer-bom-1.13.15.pom - Vui long kiem tra settings.xml 
[FAILED] micrometer-bom-1.13.4.pom - Vui long kiem tra settings.xml 
[FAILED] micrometer-bom-1.15.1.pom - Vui long kiem tra settings.xml 
[FAILED] micrometer-bom-1.3.2.pom - Vui long kiem tra settings.xml 
[FAILED] micrometer-bom-1.5.13.pom - Vui long kiem tra settings.xml 
[FAILED] micrometer-bom-1.5.14.pom - Vui long kiem tra settings.xml 
[FAILED] micrometer-bom-1.6.4.pom - Vui long kiem tra settings.xml 
[FAILED] micrometer-bom-1.7.1.pom - Vui long kiem tra settings.xml 
[FAILED] micrometer-bom-1.7.4.pom - Vui long kiem tra settings.xml 
[FAILED] micrometer-bom-1.7.5.pom - Vui long kiem tra settings.xml 
[FAILED] micrometer-bom-1.8.1.pom - Vui long kiem tra settings.xml 
[FAILED] micrometer-bom-1.9.0.pom - Vui long kiem tra settings.xml 
[FAILED] micrometer-bom-1.9.1.pom - Vui long kiem tra settings.xml 
[FAILED] micrometer-bom-1.9.10.pom - Vui long kiem tra settings.xml 
[FAILED] micrometer-bom-1.9.11.pom - Vui long kiem tra settings.xml 
[FAILED] micrometer-bom-1.9.14.pom - Vui long kiem tra settings.xml 
[FAILED] micrometer-bom-1.9.15.pom - Vui long kiem tra settings.xml 
[FAILED] micrometer-bom-1.9.16.pom - Vui long kiem tra settings.xml 
[FAILED] micrometer-bom-1.9.17.pom - Vui long kiem tra settings.xml 
[FAILED] micrometer-bom-1.9.6.pom - Vui long kiem tra settings.xml 
[FAILED] micrometer-bom-1.9.8.pom - Vui long kiem tra settings.xml 
[FAILED] micrometer-bom-1.9.9.pom - Vui long kiem tra settings.xml 
[FAILED] micrometer-commons-1.10.0.pom - Vui long kiem tra settings.xml 
[FAILED] micrometer-commons-1.10.10.pom - Vui long kiem tra settings.xml 
[FAILED] micrometer-commons-1.10.13.pom - Vui long kiem tra settings.xml 
[FAILED] micrometer-commons-1.10.4.pom - Vui long kiem tra settings.xml 
[FAILED] micrometer-commons-1.10.7.pom - Vui long kiem tra settings.xml 
[FAILED] micrometer-commons-1.11.3.pom - Vui long kiem tra settings.xml 
[FAILED] micrometer-commons-1.11.4.pom - Vui long kiem tra settings.xml 
[FAILED] micrometer-commons-1.12.10.pom - Vui long kiem tra settings.xml 
[FAILED] micrometer-commons-1.12.12.pom - Vui long kiem tra settings.xml 
[FAILED] micrometer-commons-1.12.13.pom - Vui long kiem tra settings.xml 
[FAILED] micrometer-commons-1.12.2.pom - Vui long kiem tra settings.xml 
[FAILED] micrometer-commons-1.12.4.pom - Vui long kiem tra settings.xml 
[FAILED] micrometer-commons-1.12.5.pom - Vui long kiem tra settings.xml 
[FAILED] micrometer-commons-1.12.7.pom - Vui long kiem tra settings.xml 
[FAILED] micrometer-commons-1.13.1.pom - Vui long kiem tra settings.xml 
[FAILED] micrometer-commons-1.13.15.pom - Vui long kiem tra settings.xml 
[FAILED] micrometer-commons-1.13.4.pom - Vui long kiem tra settings.xml 
[FAILED] micrometer-commons-1.15.1.pom - Vui long kiem tra settings.xml 
[FAILED] micrometer-core-1.1.1.pom - Vui long kiem tra settings.xml 
[FAILED] micrometer-core-1.10.0.pom - Vui long kiem tra settings.xml 
[FAILED] micrometer-core-1.10.13.pom - Vui long kiem tra settings.xml 
[FAILED] micrometer-core-1.12.12.pom - Vui long kiem tra settings.xml 
[FAILED] micrometer-core-1.12.13.pom - Vui long kiem tra settings.xml 
[FAILED] micrometer-core-1.12.2.pom - Vui long kiem tra settings.xml 
[FAILED] micrometer-core-1.12.4.pom - Vui long kiem tra settings.xml 
[FAILED] micrometer-core-1.12.5.pom - Vui long kiem tra settings.xml 
[FAILED] micrometer-core-1.12.7.pom - Vui long kiem tra settings.xml 
[FAILED] micrometer-core-1.13.1.pom - Vui long kiem tra settings.xml 
[FAILED] micrometer-core-1.13.15.pom - Vui long kiem tra settings.xml 
[FAILED] micrometer-core-1.15.1.pom - Vui long kiem tra settings.xml 
[FAILED] micrometer-core-1.5.13.pom - Vui long kiem tra settings.xml 
[FAILED] micrometer-core-1.5.14.pom - Vui long kiem tra settings.xml 
[FAILED] micrometer-core-1.5.5.pom - Vui long kiem tra settings.xml 
[FAILED] micrometer-core-1.6.4.pom - Vui long kiem tra settings.xml 
[FAILED] micrometer-core-1.9.0.pom - Vui long kiem tra settings.xml 
[FAILED] micrometer-core-1.9.9.pom - Vui long kiem tra settings.xml 
[FAILED] micrometer-jakarta9-1.12.13.pom - Vui long kiem tra settings.xml 
[FAILED] micrometer-jakarta9-1.12.2.pom - Vui long kiem tra settings.xml 
[FAILED] micrometer-jakarta9-1.12.4.pom - Vui long kiem tra settings.xml 
[FAILED] micrometer-jakarta9-1.12.5.pom - Vui long kiem tra settings.xml 
[FAILED] micrometer-jakarta9-1.12.7.pom - Vui long kiem tra settings.xml 
[FAILED] micrometer-jakarta9-1.13.1.pom - Vui long kiem tra settings.xml 
[FAILED] micrometer-jakarta9-1.13.15.pom - Vui long kiem tra settings.xml 
[FAILED] micrometer-jakarta9-1.15.1.pom - Vui long kiem tra settings.xml 
[FAILED] micrometer-observation-1.10.0.pom - Vui long kiem tra settings.xml 
[FAILED] micrometer-observation-1.10.10.pom - Vui long kiem tra settings.xml 
[FAILED] micrometer-observation-1.10.13.pom - Vui long kiem tra settings.xml 
[FAILED] micrometer-observation-1.10.4.pom - Vui long kiem tra settings.xml 
[FAILED] micrometer-observation-1.10.7.pom - Vui long kiem tra settings.xml 
[FAILED] micrometer-observation-1.11.3.pom - Vui long kiem tra settings.xml 
[FAILED] micrometer-observation-1.11.4.pom - Vui long kiem tra settings.xml 
[FAILED] micrometer-observation-1.12.10.pom - Vui long kiem tra settings.xml 
[FAILED] micrometer-observation-1.12.12.pom - Vui long kiem tra settings.xml 
[FAILED] micrometer-observation-1.12.13.pom - Vui long kiem tra settings.xml 
[FAILED] micrometer-observation-1.12.2.pom - Vui long kiem tra settings.xml 
[FAILED] micrometer-observation-1.12.4.pom - Vui long kiem tra settings.xml 
[FAILED] micrometer-observation-1.12.5.pom - Vui long kiem tra settings.xml 
[FAILED] micrometer-observation-1.12.7.pom - Vui long kiem tra settings.xml 
[FAILED] micrometer-observation-1.13.1.pom - Vui long kiem tra settings.xml 
[FAILED] micrometer-observation-1.13.15.pom - Vui long kiem tra settings.xml 
[FAILED] micrometer-observation-1.13.4.pom - Vui long kiem tra settings.xml 
[FAILED] micrometer-observation-1.15.1.pom - Vui long kiem tra settings.xml 
[FAILED] micrometer-registry-prometheus-1.12.13.pom - Vui long kiem tra settings.xml 
[FAILED] micrometer-tracing-1.2.12.pom - Vui long kiem tra settings.xml 
[FAILED] micrometer-tracing-1.5.1.pom - Vui long kiem tra settings.xml 
[FAILED] micrometer-tracing-bom-1.0.0.pom - Vui long kiem tra settings.xml 
[FAILED] micrometer-tracing-bom-1.0.2.pom - Vui long kiem tra settings.xml 
[FAILED] micrometer-tracing-bom-1.1.4.pom - Vui long kiem tra settings.xml 
[FAILED] micrometer-tracing-bom-1.1.5.pom - Vui long kiem tra settings.xml 
[FAILED] micrometer-tracing-bom-1.2.10.pom - Vui long kiem tra settings.xml 
[FAILED] micrometer-tracing-bom-1.2.12.pom - Vui long kiem tra settings.xml 
[FAILED] micrometer-tracing-bom-1.2.2.pom - Vui long kiem tra settings.xml 
[FAILED] micrometer-tracing-bom-1.2.4.pom - Vui long kiem tra settings.xml 
[FAILED] micrometer-tracing-bom-1.2.5.pom - Vui long kiem tra settings.xml 
[FAILED] micrometer-tracing-bom-1.2.7.pom - Vui long kiem tra settings.xml 
[FAILED] micrometer-tracing-bom-1.3.0.pom - Vui long kiem tra settings.xml 
[FAILED] micrometer-tracing-bom-1.3.1.pom - Vui long kiem tra settings.xml 
[FAILED] micrometer-tracing-bom-1.3.13.pom - Vui long kiem tra settings.xml 
[FAILED] micrometer-tracing-bom-1.3.4.pom - Vui long kiem tra settings.xml 
[FAILED] micrometer-tracing-bom-1.5.1.pom - Vui long kiem tra settings.xml 
[FAILED] micrometer-tracing-bridge-brave-1.2.12.pom - Vui long kiem tra settings.xml 
[FAILED] micrometer-tracing-bridge-brave-1.5.1.pom - Vui long kiem tra settings.xml 
[FAILED] netty-bom-4.1.100.Final.pom - Vui long kiem tra settings.xml 
[FAILED] netty-bom-4.1.101.Final.pom - Vui long kiem tra settings.xml 
[FAILED] netty-bom-4.1.105.Final.pom - Vui long kiem tra settings.xml 
[FAILED] netty-bom-4.1.107.Final.pom - Vui long kiem tra settings.xml 
[FAILED] netty-bom-4.1.109.Final.pom - Vui long kiem tra settings.xml 
[FAILED] netty-bom-4.1.110.Final.pom - Vui long kiem tra settings.xml 
[FAILED] netty-bom-4.1.111.Final.pom - Vui long kiem tra settings.xml 
[FAILED] netty-bom-4.1.113.Final.pom - Vui long kiem tra settings.xml 
[FAILED] netty-bom-4.1.115.Final.pom - Vui long kiem tra settings.xml 
[FAILED] netty-bom-4.1.122.Final.pom - Vui long kiem tra settings.xml 
[FAILED] netty-bom-4.1.31.Final.pom - Vui long kiem tra settings.xml 
[FAILED] netty-bom-4.1.39.Final.pom - Vui long kiem tra settings.xml 
[FAILED] netty-bom-4.1.45.Final.pom - Vui long kiem tra settings.xml 
[FAILED] netty-bom-4.1.51.Final.pom - Vui long kiem tra settings.xml 
[FAILED] netty-bom-4.1.59.Final.pom - Vui long kiem tra settings.xml 
[FAILED] netty-bom-4.1.63.Final.pom - Vui long kiem tra settings.xml 
[FAILED] netty-bom-4.1.65.Final.pom - Vui long kiem tra settings.xml 
[FAILED] netty-bom-4.1.68.Final.pom - Vui long kiem tra settings.xml 
[FAILED] netty-bom-4.1.69.Final.pom - Vui long kiem tra settings.xml 
[FAILED] netty-bom-4.1.72.Final.pom - Vui long kiem tra settings.xml 
[FAILED] netty-bom-4.1.77.Final.pom - Vui long kiem tra settings.xml 
[FAILED] netty-bom-4.1.78.Final.pom - Vui long kiem tra settings.xml 
[FAILED] netty-bom-4.1.85.Final.pom - Vui long kiem tra settings.xml 
[FAILED] netty-bom-4.1.86.Final.pom - Vui long kiem tra settings.xml 
[FAILED] netty-bom-4.1.89.Final.pom - Vui long kiem tra settings.xml 
[FAILED] netty-bom-4.1.90.Final.pom - Vui long kiem tra settings.xml 
[FAILED] netty-bom-4.1.91.Final.pom - Vui long kiem tra settings.xml 
[FAILED] netty-bom-4.1.92.Final.pom - Vui long kiem tra settings.xml 
[FAILED] netty-bom-4.1.97.Final.pom - Vui long kiem tra settings.xml 
[FAILED] netty-buffer-4.1.107.Final.pom - Vui long kiem tra settings.xml 
[FAILED] netty-buffer-4.1.111.Final.pom - Vui long kiem tra settings.xml 
[FAILED] netty-buffer-4.1.114.Final.pom - Vui long kiem tra settings.xml 
[FAILED] netty-buffer-4.1.115.Final.pom - Vui long kiem tra settings.xml 
[FAILED] netty-buffer-4.1.122.Final.pom - Vui long kiem tra settings.xml 
[FAILED] netty-buffer-4.1.52.Final.pom - Vui long kiem tra settings.xml 
[FAILED] netty-buffer-4.1.59.Final.pom - Vui long kiem tra settings.xml 
[FAILED] netty-buffer-4.1.63.Final.pom - Vui long kiem tra settings.xml 
[FAILED] netty-buffer-4.1.65.Final.pom - Vui long kiem tra settings.xml 
[FAILED] netty-codec-4.1.107.Final.pom - Vui long kiem tra settings.xml 
[FAILED] netty-codec-4.1.111.Final.pom - Vui long kiem tra settings.xml 
[FAILED] netty-codec-4.1.114.Final.pom - Vui long kiem tra settings.xml 
[FAILED] netty-codec-4.1.115.Final.pom - Vui long kiem tra settings.xml 
[FAILED] netty-codec-4.1.122.Final.pom - Vui long kiem tra settings.xml 
[FAILED] netty-codec-4.1.52.Final.pom - Vui long kiem tra settings.xml 
[FAILED] netty-codec-4.1.59.Final.pom - Vui long kiem tra settings.xml 
[FAILED] netty-codec-4.1.63.Final.pom - Vui long kiem tra settings.xml 
[FAILED] netty-codec-4.1.65.Final.pom - Vui long kiem tra settings.xml 
[FAILED] netty-codec-dns-4.1.107.Final.pom - Vui long kiem tra settings.xml 
[FAILED] netty-codec-dns-4.1.111.Final.pom - Vui long kiem tra settings.xml 
[FAILED] netty-codec-dns-4.1.114.Final.pom - Vui long kiem tra settings.xml 
[FAILED] netty-codec-dns-4.1.115.Final.pom - Vui long kiem tra settings.xml 
[FAILED] netty-codec-dns-4.1.122.Final.pom - Vui long kiem tra settings.xml 
[FAILED] netty-codec-haproxy-4.1.65.Final.pom - Vui long kiem tra settings.xml 
[FAILED] netty-codec-http-4.1.107.Final.pom - Vui long kiem tra settings.xml 
[FAILED] netty-codec-http-4.1.111.Final.pom - Vui long kiem tra settings.xml 
[FAILED] netty-codec-http-4.1.114.Final.pom - Vui long kiem tra settings.xml 
[FAILED] netty-codec-http-4.1.115.Final.pom - Vui long kiem tra settings.xml 
[FAILED] netty-codec-http-4.1.122.Final.pom - Vui long kiem tra settings.xml 
[FAILED] netty-codec-http-4.1.52.Final.pom - Vui long kiem tra settings.xml 
[FAILED] netty-codec-http-4.1.59.Final.pom - Vui long kiem tra settings.xml 
[FAILED] netty-codec-http-4.1.65.Final.pom - Vui long kiem tra settings.xml 
[FAILED] netty-codec-http2-4.1.107.Final.pom - Vui long kiem tra settings.xml 
[FAILED] netty-codec-http2-4.1.111.Final.pom - Vui long kiem tra settings.xml 
[FAILED] netty-codec-http2-4.1.114.Final.pom - Vui long kiem tra settings.xml 
[FAILED] netty-codec-http2-4.1.115.Final.pom - Vui long kiem tra settings.xml 
[FAILED] netty-codec-http2-4.1.122.Final.pom - Vui long kiem tra settings.xml 
[FAILED] netty-codec-http2-4.1.52.Final.pom - Vui long kiem tra settings.xml 
[FAILED] netty-codec-http2-4.1.65.Final.pom - Vui long kiem tra settings.xml 
[FAILED] netty-codec-socks-4.1.107.Final.pom - Vui long kiem tra settings.xml 
[FAILED] netty-codec-socks-4.1.111.Final.pom - Vui long kiem tra settings.xml 
[FAILED] netty-codec-socks-4.1.114.Final.pom - Vui long kiem tra settings.xml 
[FAILED] netty-codec-socks-4.1.115.Final.pom - Vui long kiem tra settings.xml 
[FAILED] netty-codec-socks-4.1.122.Final.pom - Vui long kiem tra settings.xml 
[FAILED] netty-codec-socks-4.1.52.Final.pom - Vui long kiem tra settings.xml 
[FAILED] netty-codec-socks-4.1.65.Final.pom - Vui long kiem tra settings.xml 
[FAILED] netty-common-4.1.107.Final.pom - Vui long kiem tra settings.xml 
[FAILED] netty-common-4.1.111.Final.pom - Vui long kiem tra settings.xml 
[FAILED] netty-common-4.1.114.Final.pom - Vui long kiem tra settings.xml 
[FAILED] netty-common-4.1.115.Final.pom - Vui long kiem tra settings.xml 
[FAILED] netty-common-4.1.122.Final.pom - Vui long kiem tra settings.xml 
[FAILED] netty-common-4.1.52.Final.pom - Vui long kiem tra settings.xml 
[FAILED] netty-common-4.1.59.Final.pom - Vui long kiem tra settings.xml 
[FAILED] netty-common-4.1.63.Final.pom - Vui long kiem tra settings.xml 
[FAILED] netty-common-4.1.65.Final.pom - Vui long kiem tra settings.xml 
[FAILED] netty-handler-4.1.107.Final.pom - Vui long kiem tra settings.xml 
[FAILED] netty-handler-4.1.111.Final.pom - Vui long kiem tra settings.xml 
[FAILED] netty-handler-4.1.114.Final.pom - Vui long kiem tra settings.xml 
[FAILED] netty-handler-4.1.115.Final.pom - Vui long kiem tra settings.xml 
[FAILED] netty-handler-4.1.122.Final.pom - Vui long kiem tra settings.xml 
[FAILED] netty-handler-4.1.52.Final.pom - Vui long kiem tra settings.xml 
[FAILED] netty-handler-4.1.59.Final.pom - Vui long kiem tra settings.xml 
[FAILED] netty-handler-4.1.63.Final.pom - Vui long kiem tra settings.xml 
[FAILED] netty-handler-4.1.65.Final.pom - Vui long kiem tra settings.xml 
[FAILED] netty-handler-proxy-4.1.107.Final.pom - Vui long kiem tra settings.xml 
[FAILED] netty-handler-proxy-4.1.111.Final.pom - Vui long kiem tra settings.xml 
[FAILED] netty-handler-proxy-4.1.114.Final.pom - Vui long kiem tra settings.xml 
[FAILED] netty-handler-proxy-4.1.115.Final.pom - Vui long kiem tra settings.xml 
[FAILED] netty-handler-proxy-4.1.122.Final.pom - Vui long kiem tra settings.xml 
[FAILED] netty-handler-proxy-4.1.52.Final.pom - Vui long kiem tra settings.xml 
[FAILED] netty-handler-proxy-4.1.65.Final.pom - Vui long kiem tra settings.xml 
[FAILED] netty-parent-4.1.107.Final.pom - Vui long kiem tra settings.xml 
[FAILED] netty-parent-4.1.111.Final.pom - Vui long kiem tra settings.xml 
[FAILED] netty-parent-4.1.114.Final.pom - Vui long kiem tra settings.xml 
[FAILED] netty-parent-4.1.115.Final.pom - Vui long kiem tra settings.xml 
[FAILED] netty-parent-4.1.122.Final.pom - Vui long kiem tra settings.xml 
[FAILED] netty-parent-4.1.52.Final.pom - Vui long kiem tra settings.xml 
[FAILED] netty-parent-4.1.59.Final.pom - Vui long kiem tra settings.xml 
[FAILED] netty-parent-4.1.63.Final.pom - Vui long kiem tra settings.xml 
[FAILED] netty-parent-4.1.65.Final.pom - Vui long kiem tra settings.xml 
[FAILED] netty-resolver-4.1.107.Final.pom - Vui long kiem tra settings.xml 
[FAILED] netty-resolver-4.1.111.Final.pom - Vui long kiem tra settings.xml 
[FAILED] netty-resolver-4.1.114.Final.pom - Vui long kiem tra settings.xml 
[FAILED] netty-resolver-4.1.115.Final.pom - Vui long kiem tra settings.xml 
[FAILED] netty-resolver-4.1.122.Final.pom - Vui long kiem tra settings.xml 
[FAILED] netty-resolver-4.1.52.Final.pom - Vui long kiem tra settings.xml 
[FAILED] netty-resolver-4.1.59.Final.pom - Vui long kiem tra settings.xml 
[FAILED] netty-resolver-4.1.63.Final.pom - Vui long kiem tra settings.xml 
[FAILED] netty-resolver-4.1.65.Final.pom - Vui long kiem tra settings.xml 
[FAILED] netty-resolver-dns-4.1.107.Final.pom - Vui long kiem tra settings.xml 
[FAILED] netty-resolver-dns-4.1.111.Final.pom - Vui long kiem tra settings.xml 
[FAILED] netty-resolver-dns-4.1.114.Final.pom - Vui long kiem tra settings.xml 
[FAILED] netty-resolver-dns-4.1.115.Final.pom - Vui long kiem tra settings.xml 
[FAILED] netty-resolver-dns-4.1.122.Final.pom - Vui long kiem tra settings.xml 
[FAILED] netty-resolver-dns-classes-macos-4.1.107.Final.pom - Vui long kiem tra settings.xml 
[FAILED] netty-resolver-dns-classes-macos-4.1.111.Final.pom - Vui long kiem tra settings.xml 
[FAILED] netty-resolver-dns-classes-macos-4.1.114.Final.pom - Vui long kiem tra settings.xml 
[FAILED] netty-resolver-dns-classes-macos-4.1.115.Final.pom - Vui long kiem tra settings.xml 
[FAILED] netty-resolver-dns-classes-macos-4.1.122.Final.pom - Vui long kiem tra settings.xml 
[FAILED] netty-resolver-dns-native-macos-4.1.107.Final.pom - Vui long kiem tra settings.xml 
[FAILED] netty-resolver-dns-native-macos-4.1.111.Final.pom - Vui long kiem tra settings.xml 
[FAILED] netty-resolver-dns-native-macos-4.1.114.Final.pom - Vui long kiem tra settings.xml 
[FAILED] netty-resolver-dns-native-macos-4.1.115.Final.pom - Vui long kiem tra settings.xml 
[FAILED] netty-resolver-dns-native-macos-4.1.122.Final.pom - Vui long kiem tra settings.xml 
[FAILED] netty-tcnative-boringssl-static-2.0.39.Final.pom - Vui long kiem tra settings.xml 
[FAILED] netty-tcnative-parent-2.0.39.Final.pom - Vui long kiem tra settings.xml 
[FAILED] netty-transport-4.1.107.Final.pom - Vui long kiem tra settings.xml 
[FAILED] netty-transport-4.1.111.Final.pom - Vui long kiem tra settings.xml 
[FAILED] netty-transport-4.1.114.Final.pom - Vui long kiem tra settings.xml 
[FAILED] netty-transport-4.1.115.Final.pom - Vui long kiem tra settings.xml 
[FAILED] netty-transport-4.1.122.Final.pom - Vui long kiem tra settings.xml 
[FAILED] netty-transport-4.1.52.Final.pom - Vui long kiem tra settings.xml 
[FAILED] netty-transport-4.1.59.Final.pom - Vui long kiem tra settings.xml 
[FAILED] netty-transport-4.1.63.Final.pom - Vui long kiem tra settings.xml 
[FAILED] netty-transport-4.1.65.Final.pom - Vui long kiem tra settings.xml 
[FAILED] netty-transport-classes-epoll-4.1.107.Final.pom - Vui long kiem tra settings.xml 
[FAILED] netty-transport-classes-epoll-4.1.111.Final.pom - Vui long kiem tra settings.xml 
[FAILED] netty-transport-classes-epoll-4.1.114.Final.pom - Vui long kiem tra settings.xml 
[FAILED] netty-transport-classes-epoll-4.1.115.Final.pom - Vui long kiem tra settings.xml 
[FAILED] netty-transport-classes-epoll-4.1.122.Final.pom - Vui long kiem tra settings.xml 
[FAILED] netty-transport-native-epoll-4.1.107.Final.pom - Vui long kiem tra settings.xml 
[FAILED] netty-transport-native-epoll-4.1.111.Final.pom - Vui long kiem tra settings.xml 
[FAILED] netty-transport-native-epoll-4.1.114.Final.pom - Vui long kiem tra settings.xml 
[FAILED] netty-transport-native-epoll-4.1.115.Final.pom - Vui long kiem tra settings.xml 
[FAILED] netty-transport-native-epoll-4.1.122.Final.pom - Vui long kiem tra settings.xml 
[FAILED] netty-transport-native-epoll-4.1.52.Final.pom - Vui long kiem tra settings.xml 
[FAILED] netty-transport-native-epoll-4.1.65.Final.pom - Vui long kiem tra settings.xml 
[FAILED] netty-transport-native-kqueue-4.1.65.Final.pom - Vui long kiem tra settings.xml 
[FAILED] netty-transport-native-unix-common-4.1.107.Final.pom - Vui long kiem tra settings.xml 
[FAILED] netty-transport-native-unix-common-4.1.111.Final.pom - Vui long kiem tra settings.xml 
[FAILED] netty-transport-native-unix-common-4.1.114.Final.pom - Vui long kiem tra settings.xml 
[FAILED] netty-transport-native-unix-common-4.1.115.Final.pom - Vui long kiem tra settings.xml 
[FAILED] netty-transport-native-unix-common-4.1.122.Final.pom - Vui long kiem tra settings.xml 
[FAILED] netty-transport-native-unix-common-4.1.52.Final.pom - Vui long kiem tra settings.xml 
[FAILED] netty-transport-native-unix-common-4.1.65.Final.pom - Vui long kiem tra settings.xml 
[FAILED] opencensus-api-0.18.0.pom - Vui long kiem tra settings.xml 
[FAILED] opencensus-api-0.24.0.pom - Vui long kiem tra settings.xml 
[FAILED] opencensus-contrib-http-util-0.18.0.pom - Vui long kiem tra settings.xml 
[FAILED] opencensus-contrib-http-util-0.24.0.pom - Vui long kiem tra settings.xml 
[FAILED] opentelemetry-bom-1.19.0.pom - Vui long kiem tra settings.xml 
[FAILED] opentelemetry-bom-1.25.0.pom - Vui long kiem tra settings.xml 
[FAILED] opentelemetry-bom-1.31.0.pom - Vui long kiem tra settings.xml 
[FAILED] opentelemetry-bom-1.37.0.pom - Vui long kiem tra settings.xml 
[FAILED] opentelemetry-bom-1.38.0.pom - Vui long kiem tra settings.xml 
[FAILED] opentelemetry-bom-1.49.0.pom - Vui long kiem tra settings.xml 
[FAILED] perfmark-api-0.19.0.pom - Vui long kiem tra settings.xml 
[FAILED] perfmark-api-0.20.0.pom - Vui long kiem tra settings.xml 
[FAILED] reactor-extra-3.3.4.RELEASE.pom - Vui long kiem tra settings.xml 
[FAILED] reactor-extra-3.3.6.RELEASE.pom - Vui long kiem tra settings.xml 
[FAILED] reactor-extra-3.5.1.pom - Vui long kiem tra settings.xml 
[FAILED] reactor-extra-3.5.2.pom - Vui long kiem tra settings.xml 
[FAILED] reactor-kafka-1.2.5.RELEASE.pom - Vui long kiem tra settings.xml 
[FAILED] reactor-kafka-1.3.23.pom - Vui long kiem tra settings.xml 
[FAILED] reactor-netty-0.9.12.RELEASE.pom - Vui long kiem tra settings.xml 
[FAILED] reactor-netty-0.9.20.RELEASE.pom - Vui long kiem tra settings.xml 
[FAILED] reactor-netty-core-1.1.17.pom - Vui long kiem tra settings.xml 
[FAILED] reactor-netty-core-1.1.20.pom - Vui long kiem tra settings.xml 
[FAILED] reactor-netty-core-1.1.24.pom - Vui long kiem tra settings.xml 
[FAILED] reactor-netty-core-1.1.31.pom - Vui long kiem tra settings.xml 
[FAILED] reactor-netty-http-1.1.17.pom - Vui long kiem tra settings.xml 
[FAILED] reactor-netty-http-1.1.20.pom - Vui long kiem tra settings.xml 
[FAILED] reactor-netty-http-1.1.24.pom - Vui long kiem tra settings.xml 
[FAILED] reactor-netty-http-1.1.31.pom - Vui long kiem tra settings.xml 
[FAILED] reactor-bom-2020.0.11.pom - Vui long kiem tra settings.xml 
[FAILED] reactor-bom-2020.0.12.pom - Vui long kiem tra settings.xml 
[FAILED] reactor-bom-2020.0.13.pom - Vui long kiem tra settings.xml 
[FAILED] reactor-bom-2020.0.14.pom - Vui long kiem tra settings.xml 
[FAILED] reactor-bom-2020.0.19.pom - Vui long kiem tra settings.xml 
[FAILED] reactor-bom-2020.0.20.pom - Vui long kiem tra settings.xml 
[FAILED] reactor-bom-2020.0.25.pom - Vui long kiem tra settings.xml 
[FAILED] reactor-bom-2020.0.28.pom - Vui long kiem tra settings.xml 
[FAILED] reactor-bom-2020.0.30.pom - Vui long kiem tra settings.xml 
[FAILED] reactor-bom-2020.0.31.pom - Vui long kiem tra settings.xml 
[FAILED] reactor-bom-2020.0.32.pom - Vui long kiem tra settings.xml 
[FAILED] reactor-bom-2020.0.35.pom - Vui long kiem tra settings.xml 
[FAILED] reactor-bom-2020.0.36.pom - Vui long kiem tra settings.xml 
[FAILED] reactor-bom-2020.0.37.pom - Vui long kiem tra settings.xml 
[FAILED] reactor-bom-2020.0.38.pom - Vui long kiem tra settings.xml 
[FAILED] reactor-bom-2020.0.4.pom - Vui long kiem tra settings.xml 
[FAILED] reactor-bom-2020.0.8.pom - Vui long kiem tra settings.xml 
[FAILED] reactor-bom-2022.0.0.pom - Vui long kiem tra settings.xml 
[FAILED] reactor-bom-2022.0.10.pom - Vui long kiem tra settings.xml 
[FAILED] reactor-bom-2022.0.11.pom - Vui long kiem tra settings.xml 
[FAILED] reactor-bom-2022.0.3.pom - Vui long kiem tra settings.xml 
[FAILED] reactor-bom-2022.0.9.pom - Vui long kiem tra settings.xml 
[FAILED] reactor-bom-2023.0.10.pom - Vui long kiem tra settings.xml 
[FAILED] reactor-bom-2023.0.12.pom - Vui long kiem tra settings.xml 
[FAILED] reactor-bom-2023.0.19.pom - Vui long kiem tra settings.xml 
[FAILED] reactor-bom-2023.0.2.pom - Vui long kiem tra settings.xml 
[FAILED] reactor-bom-2023.0.4.pom - Vui long kiem tra settings.xml 
[FAILED] reactor-bom-2023.0.5.pom - Vui long kiem tra settings.xml 
[FAILED] reactor-bom-2023.0.6.pom - Vui long kiem tra settings.xml 
[FAILED] reactor-bom-2023.0.7.pom - Vui long kiem tra settings.xml 
[FAILED] reactor-bom-2024.0.7.pom - Vui long kiem tra settings.xml 
[FAILED] reactor-bom-Californium-SR10.pom - Vui long kiem tra settings.xml 
[FAILED] reactor-bom-Californium-SR11.pom - Vui long kiem tra settings.xml 
[FAILED] reactor-bom-Californium-SR2.pom - Vui long kiem tra settings.xml 
[FAILED] reactor-bom-Californium-SR3.pom - Vui long kiem tra settings.xml 
[FAILED] reactor-bom-Californium-SR4.pom - Vui long kiem tra settings.xml 
[FAILED] reactor-bom-Dysprosium-SR19.pom - Vui long kiem tra settings.xml 
[FAILED] reactor-bom-Dysprosium-SR20.pom - Vui long kiem tra settings.xml 
[FAILED] reactor-bom-Dysprosium-SR4.pom - Vui long kiem tra settings.xml 
[FAILED] reactor-bom-Dysprosium-SR6.pom - Vui long kiem tra settings.xml 
[FAILED] reactor-core-3.3.10.RELEASE.pom - Vui long kiem tra settings.xml 
[FAILED] reactor-core-3.3.12.RELEASE.pom - Vui long kiem tra settings.xml 
[FAILED] reactor-core-3.3.16.RELEASE.pom - Vui long kiem tra settings.xml 
[FAILED] reactor-core-3.3.17.RELEASE.pom - Vui long kiem tra settings.xml 
[FAILED] reactor-core-3.4.3.pom - Vui long kiem tra settings.xml 
[FAILED] reactor-core-3.4.34.pom - Vui long kiem tra settings.xml 
[FAILED] reactor-core-3.4.35.pom - Vui long kiem tra settings.xml 
[FAILED] reactor-core-3.5.15.pom - Vui long kiem tra settings.xml 
[FAILED] reactor-core-3.5.20.pom - Vui long kiem tra settings.xml 
[FAILED] reactor-core-3.5.4.pom - Vui long kiem tra settings.xml 
[FAILED] reactor-core-3.6.12.pom - Vui long kiem tra settings.xml 
[FAILED] reactor-core-3.6.18.pom - Vui long kiem tra settings.xml 
[FAILED] reactor-core-3.6.2.pom - Vui long kiem tra settings.xml 
[FAILED] reactor-core-3.6.4.pom - Vui long kiem tra settings.xml 
[FAILED] reactor-core-3.6.5.pom - Vui long kiem tra settings.xml 
[FAILED] reactor-core-3.6.7.pom - Vui long kiem tra settings.xml 
[FAILED] reactor-core-3.7.7.pom - Vui long kiem tra settings.xml 
[FAILED] client_java-1.2.1.pom - Vui long kiem tra settings.xml 
[FAILED] client_java_parent-1.3.8.pom - Vui long kiem tra settings.xml 
[FAILED] parent-0.10.0.pom - Vui long kiem tra settings.xml 
[FAILED] parent-0.12.0.pom - Vui long kiem tra settings.xml 
[FAILED] parent-0.16.0.pom - Vui long kiem tra settings.xml 
[FAILED] prometheus-metrics-bom-1.2.1.pom - Vui long kiem tra settings.xml 
[FAILED] prometheus-metrics-bom-1.3.8.pom - Vui long kiem tra settings.xml 
[FAILED] simpleclient-0.16.0.pom - Vui long kiem tra settings.xml 
[FAILED] simpleclient_bom-0.10.0.pom - Vui long kiem tra settings.xml 
[FAILED] simpleclient_bom-0.12.0.pom - Vui long kiem tra settings.xml 
[FAILED] simpleclient_bom-0.15.0.pom - Vui long kiem tra settings.xml 
[FAILED] simpleclient_bom-0.16.0.pom - Vui long kiem tra settings.xml 
[FAILED] simpleclient_common-0.16.0.pom - Vui long kiem tra settings.xml 
[FAILED] simpleclient_tracer-0.16.0.pom - Vui long kiem tra settings.xml 
[FAILED] simpleclient_tracer_common-0.16.0.pom - Vui long kiem tra settings.xml 
[FAILED] simpleclient_tracer_otel-0.16.0.pom - Vui long kiem tra settings.xml 
[FAILED] simpleclient_tracer_otel_agent-0.16.0.pom - Vui long kiem tra settings.xml 
[FAILED] r2dbc-bom-Arabba-SR10.pom - Vui long kiem tra settings.xml 
[FAILED] r2dbc-bom-Arabba-SR11.pom - Vui long kiem tra settings.xml 
[FAILED] r2dbc-bom-Arabba-SR8.pom - Vui long kiem tra settings.xml 
[FAILED] r2dbc-bom-Arabba-SR9.pom - Vui long kiem tra settings.xml 
[FAILED] r2dbc-bom-Borca-SR1.pom - Vui long kiem tra settings.xml 
[FAILED] r2dbc-bom-Borca-SR2.pom - Vui long kiem tra settings.xml 
[FAILED] rxjava-1.0.0.pom - Vui long kiem tra settings.xml 
[FAILED] rxjava-1.0.0-rc.7.pom - Vui long kiem tra settings.xml 
[FAILED] rxjava-1.0.1.pom - Vui long kiem tra settings.xml 
[FAILED] rxjava-1.0.10.pom - Vui long kiem tra settings.xml 
[FAILED] rxjava-1.0.11.pom - Vui long kiem tra settings.xml 
[FAILED] rxjava-1.0.13.pom - Vui long kiem tra settings.xml 
[FAILED] rxjava-1.0.14.pom - Vui long kiem tra settings.xml 
[FAILED] rxjava-1.0.15.pom - Vui long kiem tra settings.xml 
[FAILED] rxjava-1.0.16.pom - Vui long kiem tra settings.xml 
[FAILED] rxjava-1.0.17.pom - Vui long kiem tra settings.xml 
[FAILED] rxjava-1.0.2.pom - Vui long kiem tra settings.xml 
[FAILED] rxjava-1.0.3.pom - Vui long kiem tra settings.xml 
[FAILED] rxjava-1.0.4.pom - Vui long kiem tra settings.xml 
[FAILED] rxjava-1.0.5.pom - Vui long kiem tra settings.xml 
[FAILED] rxjava-1.0.6.pom - Vui long kiem tra settings.xml 
[FAILED] rxjava-1.0.7.pom - Vui long kiem tra settings.xml 
[FAILED] rxjava-1.0.8.pom - Vui long kiem tra settings.xml 
[FAILED] rxjava-1.0.9.pom - Vui long kiem tra settings.xml 
[FAILED] rxjava-1.2.0.pom - Vui long kiem tra settings.xml 
[FAILED] rxjava-1.2.2.pom - Vui long kiem tra settings.xml 
[FAILED] rxjava-1.3.8.pom - Vui long kiem tra settings.xml 
[FAILED] rxjava-reactive-streams-1.2.1.pom - Vui long kiem tra settings.xml 
[FAILED] rxnetty-0.4.9.pom - Vui long kiem tra settings.xml 
[FAILED] rxnetty-contexts-0.4.9.pom - Vui long kiem tra settings.xml 
[FAILED] rxnetty-servo-0.4.9.pom - Vui long kiem tra settings.xml 
[FAILED] json-path-4.3.3.pom - Vui long kiem tra settings.xml 
[FAILED] modules-4.3.3.pom - Vui long kiem tra settings.xml 
[FAILED] rest-assured-4.3.3.pom - Vui long kiem tra settings.xml 
[FAILED] rest-assured-bom-4.5.1.pom - Vui long kiem tra settings.xml 
[FAILED] rest-assured-bom-5.2.1.pom - Vui long kiem tra settings.xml 
[FAILED] rest-assured-bom-5.3.1.pom - Vui long kiem tra settings.xml 
[FAILED] rest-assured-bom-5.3.2.pom - Vui long kiem tra settings.xml 
[FAILED] rest-assured-bom-5.4.0.pom - Vui long kiem tra settings.xml 
[FAILED] rest-assured-bom-5.5.5.pom - Vui long kiem tra settings.xml 
[FAILED] rest-assured-common-4.3.3.pom - Vui long kiem tra settings.xml 
[FAILED] rest-assured-parent-4.3.3.pom - Vui long kiem tra settings.xml 
[FAILED] spring-commons-4.3.3.pom - Vui long kiem tra settings.xml 
[FAILED] spring-mock-mvc-4.3.3.pom - Vui long kiem tra settings.xml 
[FAILED] xml-path-4.3.3.pom - Vui long kiem tra settings.xml 
[FAILED] rsocket-bom-1.0.0-RC5.pom - Vui long kiem tra settings.xml 
[FAILED] rsocket-bom-1.0.4.pom - Vui long kiem tra settings.xml 
[FAILED] rsocket-bom-1.0.5.pom - Vui long kiem tra settings.xml 
[FAILED] rsocket-bom-1.1.0.pom - Vui long kiem tra settings.xml 
[FAILED] rsocket-bom-1.1.1.pom - Vui long kiem tra settings.xml 
[FAILED] rsocket-bom-1.1.2.pom - Vui long kiem tra settings.xml 
[FAILED] rsocket-bom-1.1.3.pom - Vui long kiem tra settings.xml 
[FAILED] rsocket-bom-1.1.5.pom - Vui long kiem tra settings.xml 
[FAILED] smallrye-common-annotation-1.6.0.pom - Vui long kiem tra settings.xml 
[FAILED] smallrye-common-bom-1.6.0.pom - Vui long kiem tra settings.xml 
[FAILED] smallrye-common-classloader-1.6.0.pom - Vui long kiem tra settings.xml 
[FAILED] smallrye-common-constraint-1.6.0.pom - Vui long kiem tra settings.xml 
[FAILED] smallrye-common-expression-1.6.0.pom - Vui long kiem tra settings.xml 
[FAILED] smallrye-common-function-1.6.0.pom - Vui long kiem tra settings.xml 
[FAILED] smallrye-common-parent-1.6.0.pom - Vui long kiem tra settings.xml 
[FAILED] smallrye-config-2.3.0.pom - Vui long kiem tra settings.xml 
[FAILED] smallrye-config-common-2.3.0.pom - Vui long kiem tra settings.xml 
[FAILED] smallrye-config-core-2.3.0.pom - Vui long kiem tra settings.xml 
[FAILED] smallrye-config-parent-2.3.0.pom - Vui long kiem tra settings.xml 
[FAILED] jandex-3.1.2.pom - Vui long kiem tra settings.xml 
[FAILED] jandex-parent-3.1.2.pom - Vui long kiem tra settings.xml 
[FAILED] smallrye-build-parent-39.pom - Vui long kiem tra settings.xml 
[FAILED] smallrye-parent-26.pom - Vui long kiem tra settings.xml 
[FAILED] springfox-bean-validators-3.0.0.pom - Vui long kiem tra settings.xml 
[FAILED] springfox-boot-starter-3.0.0.pom - Vui long kiem tra settings.xml 
[FAILED] springfox-core-2.9.2.pom - Vui long kiem tra settings.xml 
[FAILED] springfox-core-3.0.0.pom - Vui long kiem tra settings.xml 
[FAILED] springfox-data-rest-3.0.0.pom - Vui long kiem tra settings.xml 
[FAILED] springfox-oas-3.0.0.pom - Vui long kiem tra settings.xml 
[FAILED] springfox-schema-2.9.2.pom - Vui long kiem tra settings.xml 
[FAILED] springfox-schema-3.0.0.pom - Vui long kiem tra settings.xml 
[FAILED] springfox-spi-2.9.2.pom - Vui long kiem tra settings.xml 
[FAILED] springfox-spi-3.0.0.pom - Vui long kiem tra settings.xml 
[FAILED] springfox-spring-web-2.9.2.pom - Vui long kiem tra settings.xml 
[FAILED] springfox-spring-web-3.0.0.pom - Vui long kiem tra settings.xml 
[FAILED] springfox-spring-webflux-3.0.0.pom - Vui long kiem tra settings.xml 
[FAILED] springfox-spring-webmvc-3.0.0.pom - Vui long kiem tra settings.xml 
[FAILED] springfox-swagger-common-2.9.2.pom - Vui long kiem tra settings.xml 
[FAILED] springfox-swagger-common-3.0.0.pom - Vui long kiem tra settings.xml 
[FAILED] springfox-swagger-ui-2.9.2.pom - Vui long kiem tra settings.xml 
[FAILED] springfox-swagger-ui-3.0.0.pom - Vui long kiem tra settings.xml 
[FAILED] springfox-swagger2-2.9.2.pom - Vui long kiem tra settings.xml 
[FAILED] springfox-swagger2-3.0.0.pom - Vui long kiem tra settings.xml 
[FAILED] swagger-annotations-2.1.11.pom - Vui long kiem tra settings.xml 
[FAILED] swagger-annotations-2.1.2.pom - Vui long kiem tra settings.xml 
[FAILED] swagger-annotations-2.2.0.pom - Vui long kiem tra settings.xml 
[FAILED] swagger-annotations-2.2.9.pom - Vui long kiem tra settings.xml 
[FAILED] swagger-annotations-jakarta-2.2.21.pom - Vui long kiem tra settings.xml 
[FAILED] swagger-annotations-jakarta-2.2.22.pom - Vui long kiem tra settings.xml 
[FAILED] swagger-annotations-jakarta-2.2.7.pom - Vui long kiem tra settings.xml 
[FAILED] swagger-core-2.1.11.pom - Vui long kiem tra settings.xml 
[FAILED] swagger-core-2.2.0.pom - Vui long kiem tra settings.xml 
[FAILED] swagger-core-2.2.9.pom - Vui long kiem tra settings.xml 
[FAILED] swagger-core-jakarta-2.2.21.pom - Vui long kiem tra settings.xml 
[FAILED] swagger-core-jakarta-2.2.22.pom - Vui long kiem tra settings.xml 
[FAILED] swagger-core-jakarta-2.2.7.pom - Vui long kiem tra settings.xml 
[FAILED] swagger-integration-2.1.11.pom - Vui long kiem tra settings.xml 
[FAILED] swagger-models-2.1.11.pom - Vui long kiem tra settings.xml 
[FAILED] swagger-models-2.1.2.pom - Vui long kiem tra settings.xml 
[FAILED] swagger-models-2.2.0.pom - Vui long kiem tra settings.xml 
[FAILED] swagger-models-2.2.9.pom - Vui long kiem tra settings.xml 
[FAILED] swagger-models-jakarta-2.2.21.pom - Vui long kiem tra settings.xml 
[FAILED] swagger-models-jakarta-2.2.22.pom - Vui long kiem tra settings.xml 
[FAILED] swagger-models-jakarta-2.2.7.pom - Vui long kiem tra settings.xml 
[FAILED] swagger-project-2.1.11.pom - Vui long kiem tra settings.xml 
[FAILED] swagger-project-2.1.2.pom - Vui long kiem tra settings.xml 
[FAILED] swagger-project-2.2.0.pom - Vui long kiem tra settings.xml 
[FAILED] swagger-project-2.2.9.pom - Vui long kiem tra settings.xml 
[FAILED] swagger-project-jakarta-2.2.21.pom - Vui long kiem tra settings.xml 
[FAILED] swagger-project-jakarta-2.2.22.pom - Vui long kiem tra settings.xml 
[FAILED] swagger-project-jakarta-2.2.7.pom - Vui long kiem tra settings.xml 
[FAILED] swagger-annotations-1.5.20.pom - Vui long kiem tra settings.xml 
[FAILED] swagger-models-1.5.20.pom - Vui long kiem tra settings.xml 
[FAILED] swagger-project-1.5.20.pom - Vui long kiem tra settings.xml 
[FAILED] vavr-0.10.2.pom - Vui long kiem tra settings.xml 
[FAILED] vavr-match-0.10.2.pom - Vui long kiem tra settings.xml 
[FAILED] vavr-parent-0.10.2.pom - Vui long kiem tra settings.xml 
[FAILED] brave-propagation-aws-0.23.5.pom - Vui long kiem tra settings.xml 
[FAILED] brave-propagation-aws-1.3.0.pom - Vui long kiem tra settings.xml 
[FAILED] zipkin-aws-parent-0.23.5.pom - Vui long kiem tra settings.xml 
[FAILED] zipkin-aws-parent-1.3.0.pom - Vui long kiem tra settings.xml 
[FAILED] brave-5.12.7.pom - Vui long kiem tra settings.xml 
[FAILED] brave-5.13.7.pom - Vui long kiem tra settings.xml 
[FAILED] brave-5.16.0.pom - Vui long kiem tra settings.xml 
[FAILED] brave-5.5.2.pom - Vui long kiem tra settings.xml 
[FAILED] brave-5.6.1.pom - Vui long kiem tra settings.xml 
[FAILED] brave-6.1.0.pom - Vui long kiem tra settings.xml 
[FAILED] brave-bom-5.12.7.pom - Vui long kiem tra settings.xml 
[FAILED] brave-bom-5.13.9.pom - Vui long kiem tra settings.xml 
[FAILED] brave-bom-5.14.1.pom - Vui long kiem tra settings.xml 
[FAILED] brave-bom-5.15.1.pom - Vui long kiem tra settings.xml 
[FAILED] brave-bom-5.16.0.pom - Vui long kiem tra settings.xml 
[FAILED] brave-bom-5.5.2.pom - Vui long kiem tra settings.xml 
[FAILED] brave-bom-5.6.1.pom - Vui long kiem tra settings.xml 
[FAILED] brave-bom-5.9.0.pom - Vui long kiem tra settings.xml 
[FAILED] brave-bom-6.0.3.pom - Vui long kiem tra settings.xml 
[FAILED] brave-bom-6.1.0.pom - Vui long kiem tra settings.xml 
[FAILED] brave-context-log4j2-5.5.2.pom - Vui long kiem tra settings.xml 
[FAILED] brave-context-log4j2-5.6.1.pom - Vui long kiem tra settings.xml 
[FAILED] brave-context-parent-5.12.7.pom - Vui long kiem tra settings.xml 
[FAILED] brave-context-parent-5.16.0.pom - Vui long kiem tra settings.xml 
[FAILED] brave-context-parent-5.5.2.pom - Vui long kiem tra settings.xml 
[FAILED] brave-context-parent-5.6.1.pom - Vui long kiem tra settings.xml 
[FAILED] brave-context-parent-6.1.0.pom - Vui long kiem tra settings.xml 
[FAILED] brave-context-slf4j-5.12.7.pom - Vui long kiem tra settings.xml 
[FAILED] brave-context-slf4j-5.16.0.pom - Vui long kiem tra settings.xml 
[FAILED] brave-context-slf4j-6.1.0.pom - Vui long kiem tra settings.xml 
[FAILED] brave-instrumentation-http-5.12.7.pom - Vui long kiem tra settings.xml 
[FAILED] brave-instrumentation-http-5.16.0.pom - Vui long kiem tra settings.xml 
[FAILED] brave-instrumentation-http-5.5.2.pom - Vui long kiem tra settings.xml 
[FAILED] brave-instrumentation-http-5.6.1.pom - Vui long kiem tra settings.xml 
[FAILED] brave-instrumentation-http-6.1.0.pom - Vui long kiem tra settings.xml 
[FAILED] brave-instrumentation-httpasyncclient-5.12.7.pom - Vui long kiem tra settings.xml 
[FAILED] brave-instrumentation-httpasyncclient-5.5.2.pom - Vui long kiem tra settings.xml 
[FAILED] brave-instrumentation-httpasyncclient-5.6.1.pom - Vui long kiem tra settings.xml 
[FAILED] brave-instrumentation-httpclient-5.12.7.pom - Vui long kiem tra settings.xml 
[FAILED] brave-instrumentation-httpclient-5.5.2.pom - Vui long kiem tra settings.xml 
[FAILED] brave-instrumentation-httpclient-5.6.1.pom - Vui long kiem tra settings.xml 
[FAILED] brave-instrumentation-jms-5.12.7.pom - Vui long kiem tra settings.xml 
[FAILED] brave-instrumentation-jms-5.5.2.pom - Vui long kiem tra settings.xml 
[FAILED] brave-instrumentation-jms-5.6.1.pom - Vui long kiem tra settings.xml 
[FAILED] brave-instrumentation-kafka-clients-5.12.7.pom - Vui long kiem tra settings.xml 
[FAILED] brave-instrumentation-kafka-clients-5.5.2.pom - Vui long kiem tra settings.xml 
[FAILED] brave-instrumentation-kafka-clients-5.6.1.pom - Vui long kiem tra settings.xml 
[FAILED] brave-instrumentation-kafka-streams-5.12.7.pom - Vui long kiem tra settings.xml 
[FAILED] brave-instrumentation-messaging-5.12.7.pom - Vui long kiem tra settings.xml 
[FAILED] brave-instrumentation-parent-5.12.7.pom - Vui long kiem tra settings.xml 
[FAILED] brave-instrumentation-parent-5.16.0.pom - Vui long kiem tra settings.xml 
[FAILED] brave-instrumentation-parent-5.5.2.pom - Vui long kiem tra settings.xml 
[FAILED] brave-instrumentation-parent-5.6.1.pom - Vui long kiem tra settings.xml 
[FAILED] brave-instrumentation-parent-6.1.0.pom - Vui long kiem tra settings.xml 
[FAILED] brave-instrumentation-rpc-5.12.7.pom - Vui long kiem tra settings.xml 
[FAILED] brave-instrumentation-servlet-5.12.7.pom - Vui long kiem tra settings.xml 
[FAILED] brave-instrumentation-servlet-5.5.2.pom - Vui long kiem tra settings.xml 
[FAILED] brave-instrumentation-servlet-5.6.1.pom - Vui long kiem tra settings.xml 
[FAILED] brave-instrumentation-spring-rabbit-5.12.7.pom - Vui long kiem tra settings.xml 
[FAILED] brave-instrumentation-spring-rabbit-5.5.2.pom - Vui long kiem tra settings.xml 
[FAILED] brave-instrumentation-spring-rabbit-5.6.1.pom - Vui long kiem tra settings.xml 
[FAILED] brave-instrumentation-spring-web-5.12.7.pom - Vui long kiem tra settings.xml 
[FAILED] brave-instrumentation-spring-web-5.5.2.pom - Vui long kiem tra settings.xml 
[FAILED] brave-instrumentation-spring-web-5.6.1.pom - Vui long kiem tra settings.xml 
[FAILED] brave-instrumentation-spring-webmvc-5.12.7.pom - Vui long kiem tra settings.xml 
[FAILED] brave-instrumentation-spring-webmvc-5.5.2.pom - Vui long kiem tra settings.xml 
[FAILED] brave-instrumentation-spring-webmvc-5.6.1.pom - Vui long kiem tra settings.xml 
[FAILED] brave-parent-5.12.7.pom - Vui long kiem tra settings.xml 
[FAILED] brave-parent-5.13.7.pom - Vui long kiem tra settings.xml 
[FAILED] brave-parent-5.16.0.pom - Vui long kiem tra settings.xml 
[FAILED] brave-parent-5.5.2.pom - Vui long kiem tra settings.xml 
[FAILED] brave-parent-5.6.1.pom - Vui long kiem tra settings.xml 
[FAILED] brave-parent-6.1.0.pom - Vui long kiem tra settings.xml 
[FAILED] brave-propagation-tracecontext-0.2.0.pom - Vui long kiem tra settings.xml 
[FAILED] brave-propagation-w3c-parent-0.2.0.pom - Vui long kiem tra settings.xml 
[FAILED] zipkin-reporter-2.15.2.pom - Vui long kiem tra settings.xml 
[FAILED] zipkin-reporter-2.7.13.pom - Vui long kiem tra settings.xml 
[FAILED] zipkin-reporter-2.7.14.pom - Vui long kiem tra settings.xml 
[FAILED] zipkin-reporter-bom-2.11.0.pom - Vui long kiem tra settings.xml 
[FAILED] zipkin-reporter-bom-2.15.2.pom - Vui long kiem tra settings.xml 
[FAILED] zipkin-reporter-bom-2.16.3.pom - Vui long kiem tra settings.xml 
[FAILED] zipkin-reporter-bom-2.7.13.pom - Vui long kiem tra settings.xml 
[FAILED] zipkin-reporter-bom-2.7.14.pom - Vui long kiem tra settings.xml 
[FAILED] zipkin-reporter-bom-3.4.0.pom - Vui long kiem tra settings.xml 
[FAILED] zipkin-reporter-bom-3.4.2.pom - Vui long kiem tra settings.xml 
[FAILED] zipkin-reporter-bom-3.4.3.pom - Vui long kiem tra settings.xml 
[FAILED] zipkin-reporter-bom-3.5.1.pom - Vui long kiem tra settings.xml 
[FAILED] zipkin-reporter-brave-2.15.2.pom - Vui long kiem tra settings.xml 
[FAILED] zipkin-reporter-metrics-micrometer-2.15.2.pom - Vui long kiem tra settings.xml 
[FAILED] zipkin-reporter-parent-2.15.2.pom - Vui long kiem tra settings.xml 
[FAILED] zipkin-reporter-parent-2.7.13.pom - Vui long kiem tra settings.xml 
[FAILED] zipkin-reporter-parent-2.7.14.pom - Vui long kiem tra settings.xml 
[FAILED] zipkin-parent-2.21.7.pom - Vui long kiem tra settings.xml 
[FAILED] parent-2.11.10.pom - Vui long kiem tra settings.xml 
[FAILED] parent-2.12.0.pom - Vui long kiem tra settings.xml 
[FAILED] zipkin-2.11.10.pom - Vui long kiem tra settings.xml 
[FAILED] zipkin-2.12.0.pom - Vui long kiem tra settings.xml 
[FAILED] zipkin-2.21.7.pom - Vui long kiem tra settings.xml 
[FAILED] metamorphosis-core-3.0.0.pom - Vui long kiem tra settings.xml 
[FAILED] metamorphosis-parent-3.0.0.pom - Vui long kiem tra settings.xml 
[FAILED] metamorphosis-test-3.0.0.pom - Vui long kiem tra settings.xml 
[FAILED] quartz-manager-parent-4.0.9.pom - Vui long kiem tra settings.xml 
[FAILED] jakarta.activation-api-1.2.2.pom - Vui long kiem tra settings.xml 
[FAILED] jakarta.activation-api-2.1.0.pom - Vui long kiem tra settings.xml 
[FAILED] jakarta.activation-api-2.1.1.pom - Vui long kiem tra settings.xml 
[FAILED] jakarta.activation-api-2.1.2.pom - Vui long kiem tra settings.xml 
[FAILED] jakarta.activation-api-2.1.3.pom - Vui long kiem tra settings.xml 
[FAILED] ca-parent-1.3.5.pom - Vui long kiem tra settings.xml 
[FAILED] jakarta.annotation-api-1.3.5.pom - Vui long kiem tra settings.xml 
[FAILED] jakarta.annotation-api-2.0.0.pom - Vui long kiem tra settings.xml 
[FAILED] jakarta.annotation-api-2.1.1.pom - Vui long kiem tra settings.xml 
[FAILED] jakarta.inject-api-2.0.0.pom - Vui long kiem tra settings.xml 
[FAILED] jakarta.inject-api-2.0.1.pom - Vui long kiem tra settings.xml 
[FAILED] jakarta.persistence-api-2.2.3.pom - Vui long kiem tra settings.xml 
[FAILED] jakarta.persistence-api-3.1.0.pom - Vui long kiem tra settings.xml 
[FAILED] jakarta.jakartaee-bom-9.0.0.pom - Vui long kiem tra settings.xml 
[FAILED] jakarta.jakartaee-bom-9.1.0.pom - Vui long kiem tra settings.xml 
[FAILED] jakarta.jakartaee-web-api-9.1.0.pom - Vui long kiem tra settings.xml 
[FAILED] jakartaee-api-parent-9.0.0.pom - Vui long kiem tra settings.xml 
[FAILED] jakartaee-api-parent-9.1.0.pom - Vui long kiem tra settings.xml 
[FAILED] jakarta.servlet-api-6.0.0.pom - Vui long kiem tra settings.xml 
[FAILED] jakarta.transaction-api-1.3.3.pom - Vui long kiem tra settings.xml 
[FAILED] jakarta.transaction-api-2.0.1.pom - Vui long kiem tra settings.xml 
[FAILED] jakarta.validation-api-2.0.2.pom - Vui long kiem tra settings.xml 
[FAILED] jakarta.validation-api-3.0.2.pom - Vui long kiem tra settings.xml 
[FAILED] all-3.1.0.pom - Vui long kiem tra settings.xml 
[FAILED] jakarta.ws.rs-api-3.1.0.pom - Vui long kiem tra settings.xml 
[FAILED] jakarta.xml.bind-api-2.3.3.pom - Vui long kiem tra settings.xml 
[FAILED] jakarta.xml.bind-api-3.0.1.pom - Vui long kiem tra settings.xml 
[FAILED] jakarta.xml.bind-api-4.0.0.pom - Vui long kiem tra settings.xml 
[FAILED] jakarta.xml.bind-api-4.0.1.pom - Vui long kiem tra settings.xml 
[FAILED] jakarta.xml.bind-api-4.0.2.pom - Vui long kiem tra settings.xml 
[FAILED] jakarta.xml.bind-api-parent-2.3.3.pom - Vui long kiem tra settings.xml 
[FAILED] jakarta.xml.bind-api-parent-3.0.1.pom - Vui long kiem tra settings.xml 
[FAILED] jakarta.xml.bind-api-parent-4.0.0.pom - Vui long kiem tra settings.xml 
[FAILED] jakarta.xml.bind-api-parent-4.0.1.pom - Vui long kiem tra settings.xml 
[FAILED] jakarta.xml.bind-api-parent-4.0.2.pom - Vui long kiem tra settings.xml 
[FAILED] javacup-0.10k.pom - Vui long kiem tra settings.xml 
[FAILED] activation-1.1.pom - Vui long kiem tra settings.xml 
[FAILED] javax.activation-api-1.2.0.pom - Vui long kiem tra settings.xml 
[FAILED] javax.annotation-api-1.2.pom - Vui long kiem tra settings.xml 
[FAILED] javax.annotation-api-1.3.1.pom - Vui long kiem tra settings.xml 
[FAILED] javax.annotation-api-1.3.2.pom - Vui long kiem tra settings.xml 
[FAILED] jsr250-api-1.0.pom - Vui long kiem tra settings.xml 
[FAILED] javax.batch-api-1.0.pom - Vui long kiem tra settings.xml 
[FAILED] jbatch-1.0.pom - Vui long kiem tra settings.xml 
[FAILED] cdi-api-1.0.pom - Vui long kiem tra settings.xml 
[FAILED] cdi-api-1.2.pom - Vui long kiem tra settings.xml 
[FAILED] javax.inject-1.pom - Vui long kiem tra settings.xml 
[FAILED] javax.persistence-api-2.2.pom - Vui long kiem tra settings.xml 
[FAILED] persistence-api-1.0.pom - Vui long kiem tra settings.xml 
[FAILED] javax.servlet-api-3.1.0.pom - Vui long kiem tra settings.xml 
[FAILED] javax.servlet-api-4.0.1.pom - Vui long kiem tra settings.xml 
[FAILED] jstl-1.2.pom - Vui long kiem tra settings.xml 
[FAILED] servlet-api-2.3.pom - Vui long kiem tra settings.xml 
[FAILED] servlet-api-2.5.pom - Vui long kiem tra settings.xml 
[FAILED] javax.transaction-api-1.3.pom - Vui long kiem tra settings.xml 
[FAILED] validation-api-1.1.0.Final.pom - Vui long kiem tra settings.xml 
[FAILED] validation-api-2.0.1.Final.pom - Vui long kiem tra settings.xml 
[FAILED] javax.websocket-all-1.1.pom - Vui long kiem tra settings.xml 
[FAILED] javax.websocket-api-1.1.pom - Vui long kiem tra settings.xml 
[FAILED] jsr311-api-1.1.1.pom - Vui long kiem tra settings.xml 
[FAILED] jaxb-api-2.3.1.pom - Vui long kiem tra settings.xml 
[FAILED] jaxb-api-parent-2.3.1.pom - Vui long kiem tra settings.xml 
[FAILED] javax.xml.soap-api-1.4.0.pom - Vui long kiem tra settings.xml 
[FAILED] saaj-api-1.3.pom - Vui long kiem tra settings.xml 
[FAILED] stax-api-1.0-2.pom - Vui long kiem tra settings.xml 
[FAILED] jaxen-1.1-beta-8.pom - Vui long kiem tra settings.xml 
[FAILED] jaxen-1.1.1.pom - Vui long kiem tra settings.xml 
[FAILED] jaxen-1.2.0.pom - Vui long kiem tra settings.xml 
[FAILED] jdbm-1.0.pom - Vui long kiem tra settings.xml 
[FAILED] jdom-1.0.pom - Vui long kiem tra settings.xml 
[FAILED] jcommon-1.0.15.pom - Vui long kiem tra settings.xml 
[FAILED] jfreechart-1.0.12.pom - Vui long kiem tra settings.xml 
[FAILED] jline-2.14.6.pom - Vui long kiem tra settings.xml 
[FAILED] joda-time-2.10.1.pom - Vui long kiem tra settings.xml 
[FAILED] joda-time-2.10.14.pom - Vui long kiem tra settings.xml 
[FAILED] joda-time-2.10.5.pom - Vui long kiem tra settings.xml 
[FAILED] joda-time-2.2.pom - Vui long kiem tra settings.xml 
[FAILED] joda-time-2.3.pom - Vui long kiem tra settings.xml 
[FAILED] joda-time-2.8.1.pom - Vui long kiem tra settings.xml 
[FAILED] joda-time-2.9.pom - Vui long kiem tra settings.xml 
[FAILED] junit-3.7.pom - Vui long kiem tra settings.xml 
[FAILED] junit-3.8.1.pom - Vui long kiem tra settings.xml 
[FAILED] junit-3.8.2.pom - Vui long kiem tra settings.xml 
[FAILED] junit-4.10.pom - Vui long kiem tra settings.xml 
[FAILED] junit-4.12.pom - Vui long kiem tra settings.xml 
[FAILED] junit-4.13.pom - Vui long kiem tra settings.xml 
[FAILED] junit-4.13.1.pom - Vui long kiem tra settings.xml 
[FAILED] junit-4.13.2.pom - Vui long kiem tra settings.xml 
[FAILED] log4j-1.2.12.pom - Vui long kiem tra settings.xml 
[FAILED] log4j-1.2.13.pom - Vui long kiem tra settings.xml 
[FAILED] log4j-1.2.14.pom - Vui long kiem tra settings.xml 
[FAILED] log4j-1.2.17.pom - Vui long kiem tra settings.xml 
[FAILED] logkit-1.0.1.pom - Vui long kiem tra settings.xml 
[FAILED] mondrian-3.1.1.12687.pom - Vui long kiem tra settings.xml 
[FAILED] mysql-connector-java-8.0.13.pom - Vui long kiem tra settings.xml 
[FAILED] mysql-connector-java-8.0.17.pom - Vui long kiem tra settings.xml 
[FAILED] mysql-connector-java-8.0.27.pom - Vui long kiem tra settings.xml 
[FAILED] nekohtml-1.9.6.2.pom - Vui long kiem tra settings.xml 
[FAILED] xercesMinimal-1.9.6.2.pom - Vui long kiem tra settings.xml 
[FAILED] byte-buddy-1.10.17.pom - Vui long kiem tra settings.xml 
[FAILED] byte-buddy-1.10.20.pom - Vui long kiem tra settings.xml 
[FAILED] byte-buddy-1.10.22.pom - Vui long kiem tra settings.xml 
[FAILED] byte-buddy-1.10.5.pom - Vui long kiem tra settings.xml 
[FAILED] byte-buddy-1.11.22.pom - Vui long kiem tra settings.xml 
[FAILED] byte-buddy-1.12.10.pom - Vui long kiem tra settings.xml 
[FAILED] byte-buddy-1.12.11.pom - Vui long kiem tra settings.xml 
[FAILED] byte-buddy-1.12.18.pom - Vui long kiem tra settings.xml 
[FAILED] byte-buddy-1.12.19.pom - Vui long kiem tra settings.xml 
[FAILED] byte-buddy-1.12.21.pom - Vui long kiem tra settings.xml 
[FAILED] byte-buddy-1.12.23.pom - Vui long kiem tra settings.xml 
[FAILED] byte-buddy-1.12.9.pom - Vui long kiem tra settings.xml 
[FAILED] byte-buddy-1.14.11.pom - Vui long kiem tra settings.xml 
[FAILED] byte-buddy-1.14.12.pom - Vui long kiem tra settings.xml 
[FAILED] byte-buddy-1.14.13.pom - Vui long kiem tra settings.xml 
[FAILED] byte-buddy-1.14.15.pom - Vui long kiem tra settings.xml 
[FAILED] byte-buddy-1.14.17.pom - Vui long kiem tra settings.xml 
[FAILED] byte-buddy-1.14.19.pom - Vui long kiem tra settings.xml 
[FAILED] byte-buddy-1.14.6.pom - Vui long kiem tra settings.xml 
[FAILED] byte-buddy-1.14.9.pom - Vui long kiem tra settings.xml 
[FAILED] byte-buddy-1.17.6.pom - Vui long kiem tra settings.xml 
[FAILED] byte-buddy-1.9.16.pom - Vui long kiem tra settings.xml 
[FAILED] byte-buddy-1.9.5.pom - Vui long kiem tra settings.xml 
[FAILED] byte-buddy-1.9.7.pom - Vui long kiem tra settings.xml 
[FAILED] byte-buddy-agent-1.10.22.pom - Vui long kiem tra settings.xml 
[FAILED] byte-buddy-agent-1.10.5.pom - Vui long kiem tra settings.xml 
[FAILED] byte-buddy-agent-1.11.22.pom - Vui long kiem tra settings.xml 
[FAILED] byte-buddy-agent-1.12.10.pom - Vui long kiem tra settings.xml 
[FAILED] byte-buddy-agent-1.12.19.pom - Vui long kiem tra settings.xml 
[FAILED] byte-buddy-agent-1.12.23.pom - Vui long kiem tra settings.xml 
[FAILED] byte-buddy-agent-1.12.9.pom - Vui long kiem tra settings.xml 
[FAILED] byte-buddy-agent-1.14.11.pom - Vui long kiem tra settings.xml 
[FAILED] byte-buddy-agent-1.14.12.pom - Vui long kiem tra settings.xml 
[FAILED] byte-buddy-agent-1.14.13.pom - Vui long kiem tra settings.xml 
[FAILED] byte-buddy-agent-1.14.17.pom - Vui long kiem tra settings.xml 
[FAILED] byte-buddy-agent-1.14.19.pom - Vui long kiem tra settings.xml 
[FAILED] byte-buddy-agent-1.14.6.pom - Vui long kiem tra settings.xml 
[FAILED] byte-buddy-agent-1.14.9.pom - Vui long kiem tra settings.xml 
[FAILED] byte-buddy-agent-1.17.6.pom - Vui long kiem tra settings.xml 
[FAILED] byte-buddy-agent-1.9.16.pom - Vui long kiem tra settings.xml 
[FAILED] byte-buddy-agent-1.9.5.pom - Vui long kiem tra settings.xml 
[FAILED] byte-buddy-agent-1.9.7.pom - Vui long kiem tra settings.xml 
[FAILED] byte-buddy-parent-1.10.17.pom - Vui long kiem tra settings.xml 
[FAILED] byte-buddy-parent-1.10.20.pom - Vui long kiem tra settings.xml 
[FAILED] byte-buddy-parent-1.10.22.pom - Vui long kiem tra settings.xml 
[FAILED] byte-buddy-parent-1.10.5.pom - Vui long kiem tra settings.xml 
[FAILED] byte-buddy-parent-1.11.22.pom - Vui long kiem tra settings.xml 
[FAILED] byte-buddy-parent-1.12.10.pom - Vui long kiem tra settings.xml 
[FAILED] byte-buddy-parent-1.12.11.pom - Vui long kiem tra settings.xml 
[FAILED] byte-buddy-parent-1.12.18.pom - Vui long kiem tra settings.xml 
[FAILED] byte-buddy-parent-1.12.19.pom - Vui long kiem tra settings.xml 
[FAILED] byte-buddy-parent-1.12.21.pom - Vui long kiem tra settings.xml 
[FAILED] byte-buddy-parent-1.12.23.pom - Vui long kiem tra settings.xml 
[FAILED] byte-buddy-parent-1.12.9.pom - Vui long kiem tra settings.xml 
[FAILED] byte-buddy-parent-1.14.11.pom - Vui long kiem tra settings.xml 
[FAILED] byte-buddy-parent-1.14.12.pom - Vui long kiem tra settings.xml 
[FAILED] byte-buddy-parent-1.14.13.pom - Vui long kiem tra settings.xml 
[FAILED] byte-buddy-parent-1.14.15.pom - Vui long kiem tra settings.xml 
[FAILED] byte-buddy-parent-1.14.17.pom - Vui long kiem tra settings.xml 
[FAILED] byte-buddy-parent-1.14.19.pom - Vui long kiem tra settings.xml 
[FAILED] byte-buddy-parent-1.14.6.pom - Vui long kiem tra settings.xml 
[FAILED] byte-buddy-parent-1.14.9.pom - Vui long kiem tra settings.xml 
[FAILED] byte-buddy-parent-1.17.6.pom - Vui long kiem tra settings.xml 
[FAILED] byte-buddy-parent-1.9.16.pom - Vui long kiem tra settings.xml 
[FAILED] byte-buddy-parent-1.9.5.pom - Vui long kiem tra settings.xml 
[FAILED] byte-buddy-parent-1.9.7.pom - Vui long kiem tra settings.xml 
[FAILED] eddsa-0.3.0.pom - Vui long kiem tra settings.xml 
[FAILED] jna-3.4.0.pom - Vui long kiem tra settings.xml 
[FAILED] jna-4.1.0.pom - Vui long kiem tra settings.xml 
[FAILED] jna-4.5.1.pom - Vui long kiem tra settings.xml 
[FAILED] jna-5.13.0.pom - Vui long kiem tra settings.xml 
[FAILED] jna-5.5.0.pom - Vui long kiem tra settings.xml 
[FAILED] jna-5.6.0.pom - Vui long kiem tra settings.xml 
[FAILED] jna-5.7.0.pom - Vui long kiem tra settings.xml 
[FAILED] jna-5.8.0.pom - Vui long kiem tra settings.xml 
[FAILED] jna-platform-4.1.0.pom - Vui long kiem tra settings.xml 
[FAILED] jna-platform-4.5.1.pom - Vui long kiem tra settings.xml 
[FAILED] jna-platform-5.13.0.pom - Vui long kiem tra settings.xml 
[FAILED] jna-platform-5.5.0.pom - Vui long kiem tra settings.xml 
[FAILED] jna-platform-5.6.0.pom - Vui long kiem tra settings.xml 
[FAILED] jna-platform-5.7.0.pom - Vui long kiem tra settings.xml 
[FAILED] platform-3.4.0.pom - Vui long kiem tra settings.xml 
[FAILED] jvnet-parent-1.pom - Vui long kiem tra settings.xml 
[FAILED] jvnet-parent-3.pom - Vui long kiem tra settings.xml 
[FAILED] jvnet-parent-4.pom - Vui long kiem tra settings.xml 
[FAILED] jvnet-parent-5.pom - Vui long kiem tra settings.xml 
[FAILED] typetools-0.6.2.pom - Vui long kiem tra settings.xml 
[FAILED] typetools-0.6.3.pom - Vui long kiem tra settings.xml 
[FAILED] accessors-smart-1.2.pom - Vui long kiem tra settings.xml 
[FAILED] accessors-smart-2.3.1.pom - Vui long kiem tra settings.xml 
[FAILED] accessors-smart-2.4.11.pom - Vui long kiem tra settings.xml 
[FAILED] accessors-smart-2.4.7.pom - Vui long kiem tra settings.xml 
[FAILED] accessors-smart-2.4.8.pom - Vui long kiem tra settings.xml 
[FAILED] accessors-smart-2.4.9.pom - Vui long kiem tra settings.xml 
[FAILED] accessors-smart-2.5.0.pom - Vui long kiem tra settings.xml 
[FAILED] accessors-smart-2.5.1.pom - Vui long kiem tra settings.xml 
[FAILED] accessors-smart-2.5.2.pom - Vui long kiem tra settings.xml 
[FAILED] json-smart-2.3.pom - Vui long kiem tra settings.xml 
[FAILED] json-smart-2.3.1.pom - Vui long kiem tra settings.xml 
[FAILED] json-smart-2.4.10.pom - Vui long kiem tra settings.xml 
[FAILED] json-smart-2.4.11.pom - Vui long kiem tra settings.xml 
[FAILED] json-smart-2.4.7.pom - Vui long kiem tra settings.xml 
[FAILED] json-smart-2.4.8.pom - Vui long kiem tra settings.xml 
[FAILED] json-smart-2.5.0.pom - Vui long kiem tra settings.xml 
[FAILED] json-smart-2.5.1.pom - Vui long kiem tra settings.xml 
[FAILED] json-smart-2.5.2.pom - Vui long kiem tra settings.xml 
[FAILED] minidev-parent-2.3.pom - Vui long kiem tra settings.xml 
[FAILED] minidev-parent-2.3.1.pom - Vui long kiem tra settings.xml 
[FAILED] barcode4j-2.1.pom - Vui long kiem tra settings.xml 
[FAILED] ehcache-2.10.6.pom - Vui long kiem tra settings.xml 
[FAILED] ehcache-parent-2.22.pom - Vui long kiem tra settings.xml 
[FAILED] ehcache-root-2.10.6.pom - Vui long kiem tra settings.xml 
[FAILED] jagg-0.9.0.pom - Vui long kiem tra settings.xml 
[FAILED] jagg-core-0.9.0.pom - Vui long kiem tra settings.xml 
[FAILED] jasperreports-4.7.1.pom - Vui long kiem tra settings.xml 
[FAILED] jasperreports-6.21.0.pom - Vui long kiem tra settings.xml 
[FAILED] jasperreports-fonts-4.0.0.pom - Vui long kiem tra settings.xml 
[FAILED] jasperreports-fonts-6.21.0.pom - Vui long kiem tra settings.xml 
[FAILED] jasperreports-metadata-6.21.0.pom - Vui long kiem tra settings.xml 
[FAILED] jett-0.11.0.pom - Vui long kiem tra settings.xml 
[FAILED] jett-0.9.1.pom - Vui long kiem tra settings.xml 
[FAILED] jett-core-0.11.0.pom - Vui long kiem tra settings.xml 
[FAILED] jett-core-0.9.1.pom - Vui long kiem tra settings.xml 
[FAILED] jopt-simple-4.8.pom - Vui long kiem tra settings.xml 
[FAILED] jxls-1.0.5.pom - Vui long kiem tra settings.xml 
[FAILED] jxls-1.0.6.pom - Vui long kiem tra settings.xml 
[FAILED] jxls-core-1.0.5.pom - Vui long kiem tra settings.xml 
[FAILED] jxls-core-1.0.6.pom - Vui long kiem tra settings.xml 
[FAILED] jxls-reader-1.0.5.pom - Vui long kiem tra settings.xml 
[FAILED] jxls-reader-1.0.6.pom - Vui long kiem tra settings.xml 
[FAILED] barbecue-1.5-beta1.pom - Vui long kiem tra settings.xml 
[FAILED] jxl-2.6.10.pom - Vui long kiem tra settings.xml 
[FAILED] nekohtml-1.9.22.pom - Vui long kiem tra settings.xml 
[FAILED] net.tascalate.javaflow.api-2.7.3.pom - Vui long kiem tra settings.xml 
[FAILED] net.tascalate.javaflow.parent-2.7.3.pom - Vui long kiem tra settings.xml 
[FAILED] net.tascalate.javaflow.providers.core-2.7.3.pom - Vui long kiem tra settings.xml 
[FAILED] net.tascalate.javaflow.spi-2.7.3.pom - Vui long kiem tra settings.xml 
[FAILED] net.tascalate.javaflow.tools.ant-2.7.3.pom - Vui long kiem tra settings.xml 
[FAILED] net.tascalate.javaflow.tools.jar-2.7.3.pom - Vui long kiem tra settings.xml 
[FAILED] net.tascalate.asmx-9.3.0.pom - Vui long kiem tra settings.xml 
[FAILED] net.tascalate.asmx.analysis-9.3.0.pom - Vui long kiem tra settings.xml 
[FAILED] net.tascalate.asmx.parent-9.3.0.pom - Vui long kiem tra settings.xml 
[FAILED] net.tascalate.asmx.plus-9.3.0.pom - Vui long kiem tra settings.xml 
[FAILED] net.tascalate.asmx.tree-9.3.0.pom - Vui long kiem tra settings.xml 
[FAILED] groovy-extensions-1.1.0.pom - Vui long kiem tra settings.xml 
[FAILED] groovy-extensions-2.1.0.pom - Vui long kiem tra settings.xml 
[FAILED] thymeleaf-expression-processor-3.0.0.pom - Vui long kiem tra settings.xml 
[FAILED] thymeleaf-expression-processor-3.2.0.pom - Vui long kiem tra settings.xml 
[FAILED] thymeleaf-layout-dialect-3.0.0.pom - Vui long kiem tra settings.xml 
[FAILED] thymeleaf-layout-dialect-3.3.0.pom - Vui long kiem tra settings.xml 
[FAILED] ognl-3.1.12.pom - Vui long kiem tra settings.xml 
[FAILED] ognl-3.1.26.pom - Vui long kiem tra settings.xml 
[FAILED] ognl-3.3.4.pom - Vui long kiem tra settings.xml 
[FAILED] antlr-master-3.4.pom - Vui long kiem tra settings.xml 
[FAILED] antlr-runtime-3.4.pom - Vui long kiem tra settings.xml 
[FAILED] antlr4-master-4.10.1.pom - Vui long kiem tra settings.xml 
[FAILED] antlr4-master-4.13.0.pom - Vui long kiem tra settings.xml 
[FAILED] antlr4-master-4.7.2.pom - Vui long kiem tra settings.xml 
[FAILED] antlr4-runtime-4.10.1.pom - Vui long kiem tra settings.xml 
[FAILED] antlr4-runtime-4.13.0.pom - Vui long kiem tra settings.xml 
[FAILED] antlr4-runtime-4.7.2.pom - Vui long kiem tra settings.xml 
[FAILED] stringtemplate-3.2.1.pom - Vui long kiem tra settings.xml 
[FAILED] activemq-bom-6.1.3.pom - Vui long kiem tra settings.xml 
[FAILED] activemq-bom-6.1.6.pom - Vui long kiem tra settings.xml 
[FAILED] artemis-bom-2.33.0.pom - Vui long kiem tra settings.xml 
[FAILED] artemis-bom-2.40.0.pom - Vui long kiem tra settings.xml 
[FAILED] artemis-project-2.33.0.pom - Vui long kiem tra settings.xml 
[FAILED] artemis-project-2.40.0.pom - Vui long kiem tra settings.xml 
[FAILED] ant-1.10.11.pom - Vui long kiem tra settings.xml 
[FAILED] ant-1.7.1.pom - Vui long kiem tra settings.xml 
[FAILED] ant-1.8.1.pom - Vui long kiem tra settings.xml 
[FAILED] ant-1.8.2.pom - Vui long kiem tra settings.xml 
[FAILED] ant-1.9.15.pom - Vui long kiem tra settings.xml 
[FAILED] ant-antlr-1.10.11.pom - Vui long kiem tra settings.xml 
[FAILED] ant-antlr-1.9.15.pom - Vui long kiem tra settings.xml 
[FAILED] ant-junit-1.10.11.pom - Vui long kiem tra settings.xml 
[FAILED] ant-junit-1.9.15.pom - Vui long kiem tra settings.xml 
[FAILED] ant-launcher-1.10.11.pom - Vui long kiem tra settings.xml 
[FAILED] ant-launcher-1.7.1.pom - Vui long kiem tra settings.xml 
[FAILED] ant-launcher-1.8.2.pom - Vui long kiem tra settings.xml 
[FAILED] ant-launcher-1.9.15.pom - Vui long kiem tra settings.xml 
[FAILED] ant-parent-1.10.11.pom - Vui long kiem tra settings.xml 
[FAILED] ant-parent-1.7.1.pom - Vui long kiem tra settings.xml 
[FAILED] ant-parent-1.8.1.pom - Vui long kiem tra settings.xml 
[FAILED] ant-parent-1.8.2.pom - Vui long kiem tra settings.xml 
[FAILED] ant-parent-1.9.15.pom - Vui long kiem tra settings.xml 
[FAILED] apache-1.pom - Vui long kiem tra settings.xml 
[FAILED] apache-10.pom - Vui long kiem tra settings.xml 
[FAILED] apache-11.pom - Vui long kiem tra settings.xml 
[FAILED] apache-13.pom - Vui long kiem tra settings.xml 
[FAILED] apache-14.pom - Vui long kiem tra settings.xml 
[FAILED] apache-15.pom - Vui long kiem tra settings.xml 
[FAILED] apache-16.pom - Vui long kiem tra settings.xml 
[FAILED] apache-17.pom - Vui long kiem tra settings.xml 
[FAILED] apache-18.pom - Vui long kiem tra settings.xml 
[FAILED] apache-19.pom - Vui long kiem tra settings.xml 
[FAILED] apache-2.pom - Vui long kiem tra settings.xml 
[FAILED] apache-20.pom - Vui long kiem tra settings.xml 
[FAILED] apache-21.pom - Vui long kiem tra settings.xml 
[FAILED] apache-23.pom - Vui long kiem tra settings.xml 
[FAILED] apache-24.pom - Vui long kiem tra settings.xml 
[FAILED] apache-25.pom - Vui long kiem tra settings.xml 
[FAILED] apache-26.pom - Vui long kiem tra settings.xml 
[FAILED] apache-27.pom - Vui long kiem tra settings.xml 
[FAILED] apache-29.pom - Vui long kiem tra settings.xml 
[FAILED] apache-3.pom - Vui long kiem tra settings.xml 
[FAILED] apache-30.pom - Vui long kiem tra settings.xml 
[FAILED] apache-31.pom - Vui long kiem tra settings.xml 
[FAILED] apache-32.pom - Vui long kiem tra settings.xml 
[FAILED] apache-33.pom - Vui long kiem tra settings.xml 
[FAILED] apache-35.pom - Vui long kiem tra settings.xml 
[FAILED] apache-4.pom - Vui long kiem tra settings.xml 
[FAILED] apache-5.pom - Vui long kiem tra settings.xml 
[FAILED] apache-6.pom - Vui long kiem tra settings.xml 
[FAILED] apache-7.pom - Vui long kiem tra settings.xml 
[FAILED] apache-9.pom - Vui long kiem tra settings.xml 
[FAILED] java-driver-bom-4.18.1.pom - Vui long kiem tra settings.xml 
[FAILED] java-driver-bom-4.19.0.pom - Vui long kiem tra settings.xml 
[FAILED] commons-collections4-4.1.pom - Vui long kiem tra settings.xml 
[FAILED] commons-collections4-4.2.pom - Vui long kiem tra settings.xml 
[FAILED] commons-collections4-4.4.pom - Vui long kiem tra settings.xml 
[FAILED] commons-compress-1.11.pom - Vui long kiem tra settings.xml 
[FAILED] commons-compress-1.14.pom - Vui long kiem tra settings.xml 
[FAILED] commons-compress-1.16.1.pom - Vui long kiem tra settings.xml 
[FAILED] commons-compress-1.18.pom - Vui long kiem tra settings.xml 
[FAILED] commons-compress-1.19.pom - Vui long kiem tra settings.xml 
[FAILED] commons-compress-1.20.pom - Vui long kiem tra settings.xml 
[FAILED] commons-compress-1.21.pom - Vui long kiem tra settings.xml 
[FAILED] commons-compress-1.22.pom - Vui long kiem tra settings.xml 
[FAILED] commons-compress-1.23.0.pom - Vui long kiem tra settings.xml 
[FAILED] commons-compress-1.25.0.pom - Vui long kiem tra settings.xml 
[FAILED] commons-compress-1.26.1.pom - Vui long kiem tra settings.xml 
[FAILED] commons-exec-1.3.pom - Vui long kiem tra settings.xml 
[FAILED] commons-exec-1.6.0.pom - Vui long kiem tra settings.xml 
[FAILED] commons-jexl-2.0.1.pom - Vui long kiem tra settings.xml 
[FAILED] commons-jexl-2.1.1.pom - Vui long kiem tra settings.xml 
[FAILED] commons-jexl3-3.2.pom - Vui long kiem tra settings.xml 
[FAILED] commons-lang3-3.1.pom - Vui long kiem tra settings.xml 
[FAILED] commons-lang3-3.10.pom - Vui long kiem tra settings.xml 
[FAILED] commons-lang3-3.11.pom - Vui long kiem tra settings.xml 
[FAILED] commons-lang3-3.12.0.pom - Vui long kiem tra settings.xml 
[FAILED] commons-lang3-3.13.0.pom - Vui long kiem tra settings.xml 
[FAILED] commons-lang3-3.14.0.pom - Vui long kiem tra settings.xml 
[FAILED] commons-lang3-3.17.0.pom - Vui long kiem tra settings.xml 
[FAILED] commons-lang3-3.4.pom - Vui long kiem tra settings.xml 
[FAILED] commons-lang3-3.5.pom - Vui long kiem tra settings.xml 
[FAILED] commons-lang3-3.7.pom - Vui long kiem tra settings.xml 
[FAILED] commons-lang3-3.8.1.pom - Vui long kiem tra settings.xml 
[FAILED] commons-math-2.2.pom - Vui long kiem tra settings.xml 
[FAILED] commons-math3-3.6.1.pom - Vui long kiem tra settings.xml 
[FAILED] commons-parent-11.pom - Vui long kiem tra settings.xml 
[FAILED] commons-parent-12.pom - Vui long kiem tra settings.xml 
[FAILED] commons-parent-14.pom - Vui long kiem tra settings.xml 
[FAILED] commons-parent-17.pom - Vui long kiem tra settings.xml 
[FAILED] commons-parent-18.pom - Vui long kiem tra settings.xml 
[FAILED] commons-parent-20.pom - Vui long kiem tra settings.xml 
[FAILED] commons-parent-22.pom - Vui long kiem tra settings.xml 
[FAILED] commons-parent-23.pom - Vui long kiem tra settings.xml 
[FAILED] commons-parent-24.pom - Vui long kiem tra settings.xml 
[FAILED] commons-parent-25.pom - Vui long kiem tra settings.xml 
[FAILED] commons-parent-28.pom - Vui long kiem tra settings.xml 
[FAILED] commons-parent-3.pom - Vui long kiem tra settings.xml 
[FAILED] commons-parent-32.pom - Vui long kiem tra settings.xml 
[FAILED] commons-parent-34.pom - Vui long kiem tra settings.xml 
[FAILED] commons-parent-35.pom - Vui long kiem tra settings.xml 
[FAILED] commons-parent-37.pom - Vui long kiem tra settings.xml 
[FAILED] commons-parent-38.pom - Vui long kiem tra settings.xml 
[FAILED] commons-parent-39.pom - Vui long kiem tra settings.xml 
[FAILED] commons-parent-41.pom - Vui long kiem tra settings.xml 
[FAILED] commons-parent-42.pom - Vui long kiem tra settings.xml 
[FAILED] commons-parent-43.pom - Vui long kiem tra settings.xml 
[FAILED] commons-parent-45.pom - Vui long kiem tra settings.xml 
[FAILED] commons-parent-47.pom - Vui long kiem tra settings.xml 
[FAILED] commons-parent-48.pom - Vui long kiem tra settings.xml 
[FAILED] commons-parent-5.pom - Vui long kiem tra settings.xml 
[FAILED] commons-parent-50.pom - Vui long kiem tra settings.xml 
[FAILED] commons-parent-51.pom - Vui long kiem tra settings.xml 
[FAILED] commons-parent-52.pom - Vui long kiem tra settings.xml 
[FAILED] commons-parent-54.pom - Vui long kiem tra settings.xml 
[FAILED] commons-parent-56.pom - Vui long kiem tra settings.xml 
[FAILED] commons-parent-57.pom - Vui long kiem tra settings.xml 
[FAILED] commons-parent-58.pom - Vui long kiem tra settings.xml 
[FAILED] commons-parent-64.pom - Vui long kiem tra settings.xml 
[FAILED] commons-parent-65.pom - Vui long kiem tra settings.xml 
[FAILED] commons-parent-66.pom - Vui long kiem tra settings.xml 
[FAILED] commons-parent-67.pom - Vui long kiem tra settings.xml 
[FAILED] commons-parent-69.pom - Vui long kiem tra settings.xml 
[FAILED] commons-parent-7.pom - Vui long kiem tra settings.xml 
[FAILED] commons-parent-71.pom - Vui long kiem tra settings.xml 
[FAILED] commons-parent-72.pom - Vui long kiem tra settings.xml 
[FAILED] commons-parent-73.pom - Vui long kiem tra settings.xml 
[FAILED] commons-parent-79.pom - Vui long kiem tra settings.xml 
[FAILED] commons-parent-9.pom - Vui long kiem tra settings.xml 
[FAILED] commons-parent-93.pom - Vui long kiem tra settings.xml 
[FAILED] commons-pool2-2.4.2.pom - Vui long kiem tra settings.xml 
[FAILED] commons-text-1.10.0.pom - Vui long kiem tra settings.xml 
[FAILED] commons-text-1.3.pom - Vui long kiem tra settings.xml 
[FAILED] commons-text-1.9.pom - Vui long kiem tra settings.xml 
[FAILED] config-1.1.pom - Vui long kiem tra settings.xml 
[FAILED] project-config-1.1.pom - Vui long kiem tra settings.xml 
[FAILED] genesis-1.1.pom - Vui long kiem tra settings.xml 
[FAILED] genesis-2.0.pom - Vui long kiem tra settings.xml 
[FAILED] genesis-default-flava-2.0.pom - Vui long kiem tra settings.xml 
[FAILED] genesis-java5-flava-2.0.pom - Vui long kiem tra settings.xml 
[FAILED] geronimo-stax-api_1.0_spec-1.0.pom - Vui long kiem tra settings.xml 
[FAILED] specs-1.2.pom - Vui long kiem tra settings.xml 
[FAILED] groovy-4.0.14.pom - Vui long kiem tra settings.xml 
[FAILED] groovy-4.0.15.pom - Vui long kiem tra settings.xml 
[FAILED] groovy-4.0.24.pom - Vui long kiem tra settings.xml 
[FAILED] groovy-4.0.4.pom - Vui long kiem tra settings.xml 
[FAILED] groovy-4.0.8.pom - Vui long kiem tra settings.xml 
[FAILED] groovy-bom-4.0.14.pom - Vui long kiem tra settings.xml 
[FAILED] groovy-bom-4.0.15.pom - Vui long kiem tra settings.xml 
[FAILED] groovy-bom-4.0.17.pom - Vui long kiem tra settings.xml 
[FAILED] groovy-bom-4.0.20.pom - Vui long kiem tra settings.xml 
[FAILED] groovy-bom-4.0.21.pom - Vui long kiem tra settings.xml 
[FAILED] groovy-bom-4.0.22.pom - Vui long kiem tra settings.xml 
[FAILED] groovy-bom-4.0.23.pom - Vui long kiem tra settings.xml 
[FAILED] groovy-bom-4.0.24.pom - Vui long kiem tra settings.xml 
[FAILED] groovy-bom-4.0.27.pom - Vui long kiem tra settings.xml 
[FAILED] groovy-bom-4.0.4.pom - Vui long kiem tra settings.xml 
[FAILED] groovy-bom-4.0.6.pom - Vui long kiem tra settings.xml 
[FAILED] groovy-bom-4.0.8.pom - Vui long kiem tra settings.xml 
[FAILED] groovy-bom-4.0.9.pom - Vui long kiem tra settings.xml 
[FAILED] httpclient5-5.2.1.pom - Vui long kiem tra settings.xml 
[FAILED] httpclient5-5.2.3.pom - Vui long kiem tra settings.xml 
[FAILED] httpclient5-5.3.1.pom - Vui long kiem tra settings.xml 
[FAILED] httpclient5-5.5.pom - Vui long kiem tra settings.xml 
[FAILED] httpclient5-parent-5.2.1.pom - Vui long kiem tra settings.xml 
[FAILED] httpclient5-parent-5.2.3.pom - Vui long kiem tra settings.xml 
[FAILED] httpclient5-parent-5.3.1.pom - Vui long kiem tra settings.xml 
[FAILED] httpclient5-parent-5.5.pom - Vui long kiem tra settings.xml 
[FAILED] httpcore5-5.2.pom - Vui long kiem tra settings.xml 
[FAILED] httpcore5-5.2.4.pom - Vui long kiem tra settings.xml 
[FAILED] httpcore5-5.2.5.pom - Vui long kiem tra settings.xml 
[FAILED] httpcore5-5.3.4.pom - Vui long kiem tra settings.xml 
[FAILED] httpcore5-h2-5.2.pom - Vui long kiem tra settings.xml 
[FAILED] httpcore5-h2-5.2.4.pom - Vui long kiem tra settings.xml 
[FAILED] httpcore5-h2-5.2.5.pom - Vui long kiem tra settings.xml 
[FAILED] httpcore5-h2-5.3.4.pom - Vui long kiem tra settings.xml 
[FAILED] httpcore5-parent-5.2.pom - Vui long kiem tra settings.xml 
[FAILED] httpcore5-parent-5.2.4.pom - Vui long kiem tra settings.xml 
[FAILED] httpcore5-parent-5.2.5.pom - Vui long kiem tra settings.xml 
[FAILED] httpcore5-parent-5.3.4.pom - Vui long kiem tra settings.xml 
[FAILED] httpclient-4.0.2.pom - Vui long kiem tra settings.xml 
[FAILED] httpclient-4.1.1.pom - Vui long kiem tra settings.xml 
[FAILED] httpclient-4.2.1.pom - Vui long kiem tra settings.xml 
[FAILED] httpclient-4.2.3.pom - Vui long kiem tra settings.xml 
[FAILED] httpclient-4.3.5.pom - Vui long kiem tra settings.xml 
[FAILED] httpclient-4.5.10.pom - Vui long kiem tra settings.xml 
[FAILED] httpclient-4.5.11.pom - Vui long kiem tra settings.xml 
[FAILED] httpclient-4.5.12.pom - Vui long kiem tra settings.xml 
[FAILED] httpclient-4.5.13.pom - Vui long kiem tra settings.xml 
[FAILED] httpclient-4.5.14.pom - Vui long kiem tra settings.xml 
[FAILED] httpclient-4.5.2.pom - Vui long kiem tra settings.xml 
[FAILED] httpclient-4.5.3.pom - Vui long kiem tra settings.xml 
[FAILED] httpclient-4.5.5.pom - Vui long kiem tra settings.xml 
[FAILED] httpclient-4.5.6.pom - Vui long kiem tra settings.xml 
[FAILED] httpclient-4.5.8.pom - Vui long kiem tra settings.xml 
[FAILED] httpcomponents-client-4.0.2.pom - Vui long kiem tra settings.xml 
[FAILED] httpcomponents-client-4.1.1.pom - Vui long kiem tra settings.xml 
[FAILED] httpcomponents-client-4.2.1.pom - Vui long kiem tra settings.xml 
[FAILED] httpcomponents-client-4.2.3.pom - Vui long kiem tra settings.xml 
[FAILED] httpcomponents-client-4.3.5.pom - Vui long kiem tra settings.xml 
[FAILED] httpcomponents-client-4.5.10.pom - Vui long kiem tra settings.xml 
[FAILED] httpcomponents-client-4.5.11.pom - Vui long kiem tra settings.xml 
[FAILED] httpcomponents-client-4.5.12.pom - Vui long kiem tra settings.xml 
[FAILED] httpcomponents-client-4.5.13.pom - Vui long kiem tra settings.xml 
[FAILED] httpcomponents-client-4.5.14.pom - Vui long kiem tra settings.xml 
[FAILED] httpcomponents-client-4.5.2.pom - Vui long kiem tra settings.xml 
[FAILED] httpcomponents-client-4.5.3.pom - Vui long kiem tra settings.xml 
[FAILED] httpcomponents-client-4.5.5.pom - Vui long kiem tra settings.xml 
[FAILED] httpcomponents-client-4.5.6.pom - Vui long kiem tra settings.xml 
[FAILED] httpcomponents-client-4.5.8.pom - Vui long kiem tra settings.xml 
[FAILED] httpcomponents-core-4.0.1.pom - Vui long kiem tra settings.xml 
[FAILED] httpcomponents-core-4.2.2.pom - Vui long kiem tra settings.xml 
[FAILED] httpcomponents-core-4.3.2.pom - Vui long kiem tra settings.xml 
[FAILED] httpcomponents-core-4.4.10.pom - Vui long kiem tra settings.xml 
[FAILED] httpcomponents-core-4.4.11.pom - Vui long kiem tra settings.xml 
[FAILED] httpcomponents-core-4.4.12.pom - Vui long kiem tra settings.xml 
[FAILED] httpcomponents-core-4.4.13.pom - Vui long kiem tra settings.xml 
[FAILED] httpcomponents-core-4.4.14.pom - Vui long kiem tra settings.xml 
[FAILED] httpcomponents-core-4.4.15.pom - Vui long kiem tra settings.xml 
[FAILED] httpcomponents-core-4.4.16.pom - Vui long kiem tra settings.xml 
[FAILED] httpcomponents-parent-10.pom - Vui long kiem tra settings.xml 
[FAILED] httpcomponents-parent-11.pom - Vui long kiem tra settings.xml 
[FAILED] httpcomponents-parent-13.pom - Vui long kiem tra settings.xml 
[FAILED] httpcomponents-parent-14.pom - Vui long kiem tra settings.xml 
[FAILED] httpcore-4.0.1.pom - Vui long kiem tra settings.xml 
[FAILED] httpcore-4.2.2.pom - Vui long kiem tra settings.xml 
[FAILED] httpcore-4.3.2.pom - Vui long kiem tra settings.xml 
[FAILED] httpcore-4.4.10.pom - Vui long kiem tra settings.xml 
[FAILED] httpcore-4.4.11.pom - Vui long kiem tra settings.xml 
[FAILED] httpcore-4.4.12.pom - Vui long kiem tra settings.xml 
[FAILED] httpcore-4.4.13.pom - Vui long kiem tra settings.xml 
[FAILED] httpcore-4.4.14.pom - Vui long kiem tra settings.xml 
[FAILED] httpcore-4.4.15.pom - Vui long kiem tra settings.xml 
[FAILED] httpcore-4.4.16.pom - Vui long kiem tra settings.xml 
[FAILED] httpmime-4.5.13.pom - Vui long kiem tra settings.xml 
[FAILED] project-4.0.pom - Vui long kiem tra settings.xml 
[FAILED] project-4.1.pom - Vui long kiem tra settings.xml 
[FAILED] project-4.1.1.pom - Vui long kiem tra settings.xml 
[FAILED] project-6.pom - Vui long kiem tra settings.xml 
[FAILED] project-7.pom - Vui long kiem tra settings.xml 
[FAILED] ivy-2.5.0.pom - Vui long kiem tra settings.xml 
[FAILED] ivy-2.5.2.pom - Vui long kiem tra settings.xml 
[FAILED] jackrabbit-jcr-commons-1.5.0.pom - Vui long kiem tra settings.xml 
[FAILED] jackrabbit-parent-1.5.0.pom - Vui long kiem tra settings.xml 
[FAILED] jackrabbit-webdav-1.5.0.pom - Vui long kiem tra settings.xml 
[FAILED] apache-mime4j-core-0.8.3.pom - Vui long kiem tra settings.xml 
[FAILED] apache-mime4j-dom-0.8.3.pom - Vui long kiem tra settings.xml 
[FAILED] apache-mime4j-project-0.8.3.pom - Vui long kiem tra settings.xml 
[FAILED] apache-mime4j-storage-0.8.3.pom - Vui long kiem tra settings.xml 
[FAILED] johnzon-1.2.13.pom - Vui long kiem tra settings.xml 
[FAILED] johnzon-1.2.18.pom - Vui long kiem tra settings.xml 
[FAILED] johnzon-1.2.21.pom - Vui long kiem tra settings.xml 
[FAILED] johnzon-maven-plugin-1.2.13.pom - Vui long kiem tra settings.xml 
[FAILED] johnzon-maven-plugin-1.2.18.pom - Vui long kiem tra settings.xml 
[FAILED] johnzon-maven-plugin-1.2.21.pom - Vui long kiem tra settings.xml 
[FAILED] connect-api-2.5.1.pom - Vui long kiem tra settings.xml 
[FAILED] connect-api-2.6.0.pom - Vui long kiem tra settings.xml 
[FAILED] connect-json-2.5.1.pom - Vui long kiem tra settings.xml 
[FAILED] connect-json-2.6.0.pom - Vui long kiem tra settings.xml 
[FAILED] kafka-clients-2.0.0.pom - Vui long kiem tra settings.xml 
[FAILED] kafka-clients-2.5.1.pom - Vui long kiem tra settings.xml 
[FAILED] kafka-clients-2.6.0.pom - Vui long kiem tra settings.xml 
[FAILED] kafka-clients-3.1.1.pom - Vui long kiem tra settings.xml 
[FAILED] kafka-clients-3.1.2.pom - Vui long kiem tra settings.xml 
[FAILED] kafka-clients-3.6.0.pom - Vui long kiem tra settings.xml 
[FAILED] kafka-clients-3.6.1.pom - Vui long kiem tra settings.xml 
[FAILED] kafka-clients-3.6.2.pom - Vui long kiem tra settings.xml 
[FAILED] kafka-clients-3.7.2.pom - Vui long kiem tra settings.xml 
[FAILED] kafka-clients-3.9.1.pom - Vui long kiem tra settings.xml 
[FAILED] kafka-streams-2.5.1.pom - Vui long kiem tra settings.xml 
[FAILED] kafka-streams-2.6.0.pom - Vui long kiem tra settings.xml 
[FAILED] kafka-streams-3.6.2.pom - Vui long kiem tra settings.xml 
[FAILED] log4j-2.11.1.pom - Vui long kiem tra settings.xml 
[FAILED] log4j-2.11.2.pom - Vui long kiem tra settings.xml 
[FAILED] log4j-2.13.3.pom - Vui long kiem tra settings.xml 
[FAILED] log4j-2.14.1.pom - Vui long kiem tra settings.xml 
[FAILED] log4j-2.17.0.pom - Vui long kiem tra settings.xml 
[FAILED] log4j-2.17.1.pom - Vui long kiem tra settings.xml 
[FAILED] log4j-2.17.2.pom - Vui long kiem tra settings.xml 
[FAILED] log4j-2.19.0.pom - Vui long kiem tra settings.xml 
[FAILED] log4j-2.20.0.pom - Vui long kiem tra settings.xml 
[FAILED] log4j-2.21.1.pom - Vui long kiem tra settings.xml 
[FAILED] log4j-2.23.1.pom - Vui long kiem tra settings.xml 
[FAILED] log4j-2.24.3.pom - Vui long kiem tra settings.xml 
[FAILED] log4j-api-2.11.1.pom - Vui long kiem tra settings.xml 
[FAILED] log4j-api-2.11.2.pom - Vui long kiem tra settings.xml 
[FAILED] log4j-api-2.13.3.pom - Vui long kiem tra settings.xml 
[FAILED] log4j-api-2.14.1.pom - Vui long kiem tra settings.xml 
[FAILED] log4j-api-2.17.0.pom - Vui long kiem tra settings.xml 
[FAILED] log4j-api-2.17.1.pom - Vui long kiem tra settings.xml 
[FAILED] log4j-api-2.17.2.pom - Vui long kiem tra settings.xml 
[FAILED] log4j-api-2.19.0.pom - Vui long kiem tra settings.xml 
[FAILED] log4j-api-2.20.0.pom - Vui long kiem tra settings.xml 
[FAILED] log4j-api-2.21.1.pom - Vui long kiem tra settings.xml 
[FAILED] log4j-api-2.23.1.pom - Vui long kiem tra settings.xml 
[FAILED] log4j-api-2.24.3.pom - Vui long kiem tra settings.xml 
[FAILED] log4j-bom-2.11.1.pom - Vui long kiem tra settings.xml 
[FAILED] log4j-bom-2.11.2.pom - Vui long kiem tra settings.xml 
[FAILED] log4j-bom-2.12.1.pom - Vui long kiem tra settings.xml 
[FAILED] log4j-bom-2.13.3.pom - Vui long kiem tra settings.xml 
[FAILED] log4j-bom-2.14.1.pom - Vui long kiem tra settings.xml 
[FAILED] log4j-bom-2.17.0.pom - Vui long kiem tra settings.xml 
[FAILED] log4j-bom-2.17.2.pom - Vui long kiem tra settings.xml 
[FAILED] log4j-bom-2.19.0.pom - Vui long kiem tra settings.xml 
[FAILED] log4j-bom-2.20.0.pom - Vui long kiem tra settings.xml 
[FAILED] log4j-bom-2.21.1.pom - Vui long kiem tra settings.xml 
[FAILED] log4j-bom-2.23.1.pom - Vui long kiem tra settings.xml 
[FAILED] log4j-bom-2.24.1.pom - Vui long kiem tra settings.xml 
[FAILED] log4j-bom-2.24.3.pom - Vui long kiem tra settings.xml 
[FAILED] log4j-core-2.17.2.pom - Vui long kiem tra settings.xml 
[FAILED] log4j-jcl-2.17.2.pom - Vui long kiem tra settings.xml 
[FAILED] log4j-to-slf4j-2.11.1.pom - Vui long kiem tra settings.xml 
[FAILED] log4j-to-slf4j-2.11.2.pom - Vui long kiem tra settings.xml 
[FAILED] log4j-to-slf4j-2.13.3.pom - Vui long kiem tra settings.xml 
[FAILED] log4j-to-slf4j-2.14.1.pom - Vui long kiem tra settings.xml 
[FAILED] log4j-to-slf4j-2.17.0.pom - Vui long kiem tra settings.xml 
[FAILED] log4j-to-slf4j-2.17.2.pom - Vui long kiem tra settings.xml 
[FAILED] log4j-to-slf4j-2.19.0.pom - Vui long kiem tra settings.xml 
[FAILED] log4j-to-slf4j-2.20.0.pom - Vui long kiem tra settings.xml 
[FAILED] log4j-to-slf4j-2.21.1.pom - Vui long kiem tra settings.xml 
[FAILED] log4j-to-slf4j-2.23.1.pom - Vui long kiem tra settings.xml 
[FAILED] log4j-to-slf4j-2.24.3.pom - Vui long kiem tra settings.xml 
[FAILED] logging-parent-1.pom - Vui long kiem tra settings.xml 
[FAILED] logging-parent-10.1.1.pom - Vui long kiem tra settings.xml 
[FAILED] logging-parent-10.6.0.pom - Vui long kiem tra settings.xml 
[FAILED] logging-parent-11.3.0.pom - Vui long kiem tra settings.xml 
[FAILED] logging-parent-3.pom - Vui long kiem tra settings.xml 
[FAILED] logging-parent-5.pom - Vui long kiem tra settings.xml 
[FAILED] logging-parent-7.pom - Vui long kiem tra settings.xml 
[FAILED] lucene-analyzers-common-8.11.2.pom - Vui long kiem tra settings.xml 
[FAILED] lucene-core-8.11.2.pom - Vui long kiem tra settings.xml 
[FAILED] lucene-parent-8.11.2.pom - Vui long kiem tra settings.xml 
[FAILED] lucene-queries-8.11.2.pom - Vui long kiem tra settings.xml 
[FAILED] lucene-queryparser-8.11.2.pom - Vui long kiem tra settings.xml 
[FAILED] lucene-sandbox-8.11.2.pom - Vui long kiem tra settings.xml 
[FAILED] lucene-solr-grandparent-8.11.2.pom - Vui long kiem tra settings.xml 
[FAILED] archetype-catalog-3.2.1.pom - Vui long kiem tra settings.xml 
[FAILED] archetype-common-3.2.1.pom - Vui long kiem tra settings.xml 
[FAILED] archetype-descriptor-3.2.1.pom - Vui long kiem tra settings.xml 
[FAILED] archetype-models-3.2.1.pom - Vui long kiem tra settings.xml 
[FAILED] maven-archetype-3.2.1.pom - Vui long kiem tra settings.xml 
[FAILED] maven-archetype-parent-1.pom - Vui long kiem tra settings.xml 
[FAILED] maven-archetype-archetype-1.0.pom - Vui long kiem tra settings.xml 
[FAILED] maven-archetype-bundles-2.pom - Vui long kiem tra settings.xml 
[FAILED] doxia-1.0.pom - Vui long kiem tra settings.xml 
[FAILED] doxia-1.0-alpha-7.pom - Vui long kiem tra settings.xml 
[FAILED] doxia-1.1.pom - Vui long kiem tra settings.xml 
[FAILED] doxia-1.11.1.pom - Vui long kiem tra settings.xml 
[FAILED] doxia-1.3.pom - Vui long kiem tra settings.xml 
[FAILED] doxia-1.4.pom - Vui long kiem tra settings.xml 
[FAILED] doxia-1.7.pom - Vui long kiem tra settings.xml 
[FAILED] doxia-1.8.pom - Vui long kiem tra settings.xml 
[FAILED] doxia-1.9.pom - Vui long kiem tra settings.xml 
[FAILED] doxia-core-1.11.1.pom - Vui long kiem tra settings.xml 
[FAILED] doxia-core-1.4.pom - Vui long kiem tra settings.xml 
[FAILED] doxia-core-1.7.pom - Vui long kiem tra settings.xml 
[FAILED] doxia-core-1.8.pom - Vui long kiem tra settings.xml 
[FAILED] doxia-core-1.9.pom - Vui long kiem tra settings.xml 
[FAILED] doxia-decoration-model-1.11.1.pom - Vui long kiem tra settings.xml 
[FAILED] doxia-decoration-model-1.3.pom - Vui long kiem tra settings.xml 
[FAILED] doxia-decoration-model-1.4.pom - Vui long kiem tra settings.xml 
[FAILED] doxia-decoration-model-1.7.4.pom - Vui long kiem tra settings.xml 
[FAILED] doxia-decoration-model-1.8.1.pom - Vui long kiem tra settings.xml 
[FAILED] doxia-decoration-model-1.9.pom - Vui long kiem tra settings.xml 
[FAILED] doxia-integration-tools-1.11.1.pom - Vui long kiem tra settings.xml 
[FAILED] doxia-integration-tools-1.5.pom - Vui long kiem tra settings.xml 
[FAILED] doxia-integration-tools-1.8.1.pom - Vui long kiem tra settings.xml 
[FAILED] doxia-logging-api-1.1.pom - Vui long kiem tra settings.xml 
[FAILED] doxia-logging-api-1.11.1.pom - Vui long kiem tra settings.xml 
[FAILED] doxia-logging-api-1.3.pom - Vui long kiem tra settings.xml 
[FAILED] doxia-logging-api-1.4.pom - Vui long kiem tra settings.xml 
[FAILED] doxia-logging-api-1.7.pom - Vui long kiem tra settings.xml 
[FAILED] doxia-logging-api-1.8.pom - Vui long kiem tra settings.xml 
[FAILED] doxia-logging-api-1.9.pom - Vui long kiem tra settings.xml 
[FAILED] doxia-module-apt-1.11.1.pom - Vui long kiem tra settings.xml 
[FAILED] doxia-module-apt-1.4.pom - Vui long kiem tra settings.xml 
[FAILED] doxia-module-apt-1.8.pom - Vui long kiem tra settings.xml 
[FAILED] doxia-module-confluence-1.11.1.pom - Vui long kiem tra settings.xml 
[FAILED] doxia-module-docbook-simple-1.11.1.pom - Vui long kiem tra settings.xml 
[FAILED] doxia-module-fml-1.11.1.pom - Vui long kiem tra settings.xml 
[FAILED] doxia-module-fml-1.4.pom - Vui long kiem tra settings.xml 
[FAILED] doxia-module-fml-1.8.pom - Vui long kiem tra settings.xml 
[FAILED] doxia-module-markdown-1.11.1.pom - Vui long kiem tra settings.xml 
[FAILED] doxia-module-markdown-1.4.pom - Vui long kiem tra settings.xml 
[FAILED] doxia-module-markdown-1.8.pom - Vui long kiem tra settings.xml 
[FAILED] doxia-module-twiki-1.11.1.pom - Vui long kiem tra settings.xml 
[FAILED] doxia-module-xdoc-1.11.1.pom - Vui long kiem tra settings.xml 
[FAILED] doxia-module-xdoc-1.4.pom - Vui long kiem tra settings.xml 
[FAILED] doxia-module-xdoc-1.8.pom - Vui long kiem tra settings.xml 
[FAILED] doxia-module-xhtml-1.11.1.pom - Vui long kiem tra settings.xml 
[FAILED] doxia-module-xhtml-1.4.pom - Vui long kiem tra settings.xml 
[FAILED] doxia-module-xhtml-1.7.pom - Vui long kiem tra settings.xml 
[FAILED] doxia-module-xhtml-1.8.pom - Vui long kiem tra settings.xml 
[FAILED] doxia-module-xhtml-1.9.pom - Vui long kiem tra settings.xml 
[FAILED] doxia-module-xhtml5-1.11.1.pom - Vui long kiem tra settings.xml 
[FAILED] doxia-module-xhtml5-1.9.pom - Vui long kiem tra settings.xml 
[FAILED] doxia-modules-1.11.1.pom - Vui long kiem tra settings.xml 
[FAILED] doxia-modules-1.4.pom - Vui long kiem tra settings.xml 
[FAILED] doxia-modules-1.7.pom - Vui long kiem tra settings.xml 
[FAILED] doxia-modules-1.8.pom - Vui long kiem tra settings.xml 
[FAILED] doxia-modules-1.9.pom - Vui long kiem tra settings.xml 
[FAILED] doxia-sink-api-1.0.pom - Vui long kiem tra settings.xml 
[FAILED] doxia-sink-api-1.0-alpha-7.pom - Vui long kiem tra settings.xml 
[FAILED] doxia-sink-api-1.1.pom - Vui long kiem tra settings.xml 
[FAILED] doxia-sink-api-1.11.1.pom - Vui long kiem tra settings.xml 
[FAILED] doxia-sink-api-1.4.pom - Vui long kiem tra settings.xml 
[FAILED] doxia-sink-api-1.7.pom - Vui long kiem tra settings.xml 
[FAILED] doxia-sink-api-1.8.pom - Vui long kiem tra settings.xml 
[FAILED] doxia-sink-api-1.9.pom - Vui long kiem tra settings.xml 
[FAILED] doxia-site-renderer-1.11.1.pom - Vui long kiem tra settings.xml 
[FAILED] doxia-site-renderer-1.4.pom - Vui long kiem tra settings.xml 
[FAILED] doxia-site-renderer-1.7.4.pom - Vui long kiem tra settings.xml 
[FAILED] doxia-site-renderer-1.8.1.pom - Vui long kiem tra settings.xml 
[FAILED] doxia-site-renderer-1.9.pom - Vui long kiem tra settings.xml 
[FAILED] doxia-sitetools-1.11.1.pom - Vui long kiem tra settings.xml 
[FAILED] doxia-sitetools-1.3.pom - Vui long kiem tra settings.xml 
[FAILED] doxia-sitetools-1.4.pom - Vui long kiem tra settings.xml 
[FAILED] doxia-sitetools-1.7.4.pom - Vui long kiem tra settings.xml 
[FAILED] doxia-sitetools-1.8.1.pom - Vui long kiem tra settings.xml 
[FAILED] doxia-sitetools-1.9.pom - Vui long kiem tra settings.xml 
[FAILED] doxia-skin-model-1.11.1.pom - Vui long kiem tra settings.xml 
[FAILED] doxia-skin-model-1.7.4.pom - Vui long kiem tra settings.xml 
[FAILED] doxia-skin-model-1.8.1.pom - Vui long kiem tra settings.xml 
[FAILED] doxia-skin-model-1.9.pom - Vui long kiem tra settings.xml 
[FAILED] doxia-tools-2.pom - Vui long kiem tra settings.xml 
[FAILED] enforcer-3.4.1.pom - Vui long kiem tra settings.xml 
[FAILED] maven-2.0.2.pom - Vui long kiem tra settings.xml 
[FAILED] maven-2.0.5.pom - Vui long kiem tra settings.xml 
[FAILED] maven-2.0.6.pom - Vui long kiem tra settings.xml 
[FAILED] maven-2.0.8.pom - Vui long kiem tra settings.xml 
[FAILED] maven-2.0.9.pom - Vui long kiem tra settings.xml 
[FAILED] maven-2.2.1.pom - Vui long kiem tra settings.xml 
[FAILED] maven-3.0.pom - Vui long kiem tra settings.xml 
[FAILED] maven-3.0.3.pom - Vui long kiem tra settings.xml 
[FAILED] maven-3.0.4.pom - Vui long kiem tra settings.xml 
[FAILED] maven-3.0.5.pom - Vui long kiem tra settings.xml 
[FAILED] maven-3.1.0.pom - Vui long kiem tra settings.xml 
[FAILED] maven-3.1.1.pom - Vui long kiem tra settings.xml 
[FAILED] maven-3.2.5.pom - Vui long kiem tra settings.xml 
[FAILED] maven-3.3.9.pom - Vui long kiem tra settings.xml 
[FAILED] maven-3.6.0.pom - Vui long kiem tra settings.xml 
[FAILED] maven-3.6.3.pom - Vui long kiem tra settings.xml 
[FAILED] maven-aether-provider-3.0.pom - Vui long kiem tra settings.xml 
[FAILED] maven-aether-provider-3.0.5.pom - Vui long kiem tra settings.xml 
[FAILED] maven-aether-provider-3.1.0.pom - Vui long kiem tra settings.xml 
[FAILED] maven-aether-provider-3.1.1.pom - Vui long kiem tra settings.xml 
[FAILED] maven-aether-provider-3.2.5.pom - Vui long kiem tra settings.xml 
[FAILED] maven-aether-provider-3.3.9.pom - Vui long kiem tra settings.xml 
[FAILED] maven-archiver-2.4.2.pom - Vui long kiem tra settings.xml 
[FAILED] maven-archiver-2.5.pom - Vui long kiem tra settings.xml 
[FAILED] maven-archiver-3.1.1.pom - Vui long kiem tra settings.xml 
[FAILED] maven-archiver-3.2.0.pom - Vui long kiem tra settings.xml 
[FAILED] maven-archiver-3.3.0.pom - Vui long kiem tra settings.xml 
[FAILED] maven-archiver-3.4.0.pom - Vui long kiem tra settings.xml 
[FAILED] maven-archiver-3.5.0.pom - Vui long kiem tra settings.xml 
[FAILED] maven-archiver-3.5.1.pom - Vui long kiem tra settings.xml 
[FAILED] maven-archiver-3.5.2.pom - Vui long kiem tra settings.xml 
[FAILED] maven-archiver-3.6.0.pom - Vui long kiem tra settings.xml 
[FAILED] maven-archiver-3.6.2.pom - Vui long kiem tra settings.xml 
[FAILED] maven-artifact-2.0.2.pom - Vui long kiem tra settings.xml 
[FAILED] maven-artifact-2.0.5.pom - Vui long kiem tra settings.xml 
[FAILED] maven-artifact-2.0.6.pom - Vui long kiem tra settings.xml 
[FAILED] maven-artifact-2.0.8.pom - Vui long kiem tra settings.xml 
[FAILED] maven-artifact-2.0.9.pom - Vui long kiem tra settings.xml 
[FAILED] maven-artifact-2.2.1.pom - Vui long kiem tra settings.xml 
[FAILED] maven-artifact-3.0.pom - Vui long kiem tra settings.xml 
[FAILED] maven-artifact-3.0.3.pom - Vui long kiem tra settings.xml 
[FAILED] maven-artifact-3.0.5.pom - Vui long kiem tra settings.xml 
[FAILED] maven-artifact-3.1.0.pom - Vui long kiem tra settings.xml 
[FAILED] maven-artifact-3.1.1.pom - Vui long kiem tra settings.xml 
[FAILED] maven-artifact-3.2.5.pom - Vui long kiem tra settings.xml 
[FAILED] maven-artifact-3.3.9.pom - Vui long kiem tra settings.xml 
[FAILED] maven-artifact-3.6.0.pom - Vui long kiem tra settings.xml 
[FAILED] maven-artifact-3.6.3.pom - Vui long kiem tra settings.xml 
[FAILED] maven-artifact-manager-2.0.2.pom - Vui long kiem tra settings.xml 
[FAILED] maven-artifact-manager-2.0.6.pom - Vui long kiem tra settings.xml 
[FAILED] maven-artifact-manager-2.0.8.pom - Vui long kiem tra settings.xml 
[FAILED] maven-artifact-manager-2.0.9.pom - Vui long kiem tra settings.xml 
[FAILED] maven-artifact-manager-2.2.1.pom - Vui long kiem tra settings.xml 
[FAILED] maven-builder-support-3.3.9.pom - Vui long kiem tra settings.xml 
[FAILED] maven-builder-support-3.6.0.pom - Vui long kiem tra settings.xml 
[FAILED] maven-compat-3.0.pom - Vui long kiem tra settings.xml 
[FAILED] maven-core-2.0.6.pom - Vui long kiem tra settings.xml 
[FAILED] maven-core-2.0.9.pom - Vui long kiem tra settings.xml 
[FAILED] maven-core-2.2.1.pom - Vui long kiem tra settings.xml 
[FAILED] maven-core-3.0.pom - Vui long kiem tra settings.xml 
[FAILED] maven-core-3.0.5.pom - Vui long kiem tra settings.xml 
[FAILED] maven-core-3.1.0.pom - Vui long kiem tra settings.xml 
[FAILED] maven-core-3.1.1.pom - Vui long kiem tra settings.xml 
[FAILED] maven-core-3.2.5.pom - Vui long kiem tra settings.xml 
[FAILED] maven-core-3.3.9.pom - Vui long kiem tra settings.xml 
[FAILED] maven-core-3.6.0.pom - Vui long kiem tra settings.xml 
[FAILED] maven-error-diagnostics-2.0.6.pom - Vui long kiem tra settings.xml 
[FAILED] maven-error-diagnostics-2.0.9.pom - Vui long kiem tra settings.xml 
[FAILED] maven-error-diagnostics-2.2.1.pom - Vui long kiem tra settings.xml 
[FAILED] maven-model-2.0.5.pom - Vui long kiem tra settings.xml 
[FAILED] maven-model-2.0.6.pom - Vui long kiem tra settings.xml 
[FAILED] maven-model-2.0.8.pom - Vui long kiem tra settings.xml 
[FAILED] maven-model-2.0.9.pom - Vui long kiem tra settings.xml 
[FAILED] maven-model-2.2.1.pom - Vui long kiem tra settings.xml 
[FAILED] maven-model-3.0.pom - Vui long kiem tra settings.xml 
[FAILED] maven-model-3.0.3.pom - Vui long kiem tra settings.xml 
[FAILED] maven-model-3.0.4.pom - Vui long kiem tra settings.xml 
[FAILED] maven-model-3.0.5.pom - Vui long kiem tra settings.xml 
[FAILED] maven-model-3.1.0.pom - Vui long kiem tra settings.xml 
[FAILED] maven-model-3.1.1.pom - Vui long kiem tra settings.xml 
[FAILED] maven-model-3.2.5.pom - Vui long kiem tra settings.xml 
[FAILED] maven-model-3.3.9.pom - Vui long kiem tra settings.xml 
[FAILED] maven-model-3.6.0.pom - Vui long kiem tra settings.xml 
[FAILED] maven-model-3.6.3.pom - Vui long kiem tra settings.xml 
[FAILED] maven-model-builder-3.0.pom - Vui long kiem tra settings.xml 
[FAILED] maven-model-builder-3.0.5.pom - Vui long kiem tra settings.xml 
[FAILED] maven-model-builder-3.1.0.pom - Vui long kiem tra settings.xml 
[FAILED] maven-model-builder-3.1.1.pom - Vui long kiem tra settings.xml 
[FAILED] maven-model-builder-3.2.5.pom - Vui long kiem tra settings.xml 
[FAILED] maven-model-builder-3.3.9.pom - Vui long kiem tra settings.xml 
[FAILED] maven-model-builder-3.6.0.pom - Vui long kiem tra settings.xml 
[FAILED] maven-monitor-2.0.6.pom - Vui long kiem tra settings.xml 
[FAILED] maven-monitor-2.0.9.pom - Vui long kiem tra settings.xml 
[FAILED] maven-monitor-2.2.1.pom - Vui long kiem tra settings.xml 
[FAILED] maven-parent-10.pom - Vui long kiem tra settings.xml 
[FAILED] maven-parent-11.pom - Vui long kiem tra settings.xml 
[FAILED] maven-parent-13.pom - Vui long kiem tra settings.xml 
[FAILED] maven-parent-15.pom - Vui long kiem tra settings.xml 
[FAILED] maven-parent-16.pom - Vui long kiem tra settings.xml 
[FAILED] maven-parent-19.pom - Vui long kiem tra settings.xml 
[FAILED] maven-parent-20.pom - Vui long kiem tra settings.xml 
[FAILED] maven-parent-21.pom - Vui long kiem tra settings.xml 
[FAILED] maven-parent-22.pom - Vui long kiem tra settings.xml 
[FAILED] maven-parent-23.pom - Vui long kiem tra settings.xml 
[FAILED] maven-parent-24.pom - Vui long kiem tra settings.xml 
[FAILED] maven-parent-25.pom - Vui long kiem tra settings.xml 
[FAILED] maven-parent-26.pom - Vui long kiem tra settings.xml 
[FAILED] maven-parent-27.pom - Vui long kiem tra settings.xml 
[FAILED] maven-parent-30.pom - Vui long kiem tra settings.xml 
[FAILED] maven-parent-31.pom - Vui long kiem tra settings.xml 
[FAILED] maven-parent-32.pom - Vui long kiem tra settings.xml 
[FAILED] maven-parent-33.pom - Vui long kiem tra settings.xml 
[FAILED] maven-parent-34.pom - Vui long kiem tra settings.xml 
[FAILED] maven-parent-35.pom - Vui long kiem tra settings.xml 
[FAILED] maven-parent-36.pom - Vui long kiem tra settings.xml 
[FAILED] maven-parent-37.pom - Vui long kiem tra settings.xml 
[FAILED] maven-parent-39.pom - Vui long kiem tra settings.xml 
[FAILED] maven-parent-4.pom - Vui long kiem tra settings.xml 
[FAILED] maven-parent-40.pom - Vui long kiem tra settings.xml 
[FAILED] maven-parent-41.pom - Vui long kiem tra settings.xml 
[FAILED] maven-parent-42.pom - Vui long kiem tra settings.xml 
[FAILED] maven-parent-43.pom - Vui long kiem tra settings.xml 
[FAILED] maven-parent-45.pom - Vui long kiem tra settings.xml 
[FAILED] maven-parent-5.pom - Vui long kiem tra settings.xml 
[FAILED] maven-parent-6.pom - Vui long kiem tra settings.xml 
[FAILED] maven-parent-7.pom - Vui long kiem tra settings.xml 
[FAILED] maven-parent-8.pom - Vui long kiem tra settings.xml 
[FAILED] maven-parent-9.pom - Vui long kiem tra settings.xml 
[FAILED] maven-plugin-api-2.0.6.pom - Vui long kiem tra settings.xml 
[FAILED] maven-plugin-api-2.0.8.pom - Vui long kiem tra settings.xml 
[FAILED] maven-plugin-api-2.0.9.pom - Vui long kiem tra settings.xml 
[FAILED] maven-plugin-api-2.2.1.pom - Vui long kiem tra settings.xml 
[FAILED] maven-plugin-api-3.0.pom - Vui long kiem tra settings.xml 
[FAILED] maven-plugin-api-3.0.3.pom - Vui long kiem tra settings.xml 
[FAILED] maven-plugin-api-3.0.5.pom - Vui long kiem tra settings.xml 
[FAILED] maven-plugin-api-3.1.0.pom - Vui long kiem tra settings.xml 
[FAILED] maven-plugin-api-3.1.1.pom - Vui long kiem tra settings.xml 
[FAILED] maven-plugin-api-3.2.5.pom - Vui long kiem tra settings.xml 
[FAILED] maven-plugin-api-3.3.9.pom - Vui long kiem tra settings.xml 
[FAILED] maven-plugin-api-3.6.0.pom - Vui long kiem tra settings.xml 
[FAILED] maven-plugin-api-3.6.3.pom - Vui long kiem tra settings.xml 
[FAILED] maven-plugin-descriptor-2.0.6.pom - Vui long kiem tra settings.xml 
[FAILED] maven-plugin-descriptor-2.0.9.pom - Vui long kiem tra settings.xml 
[FAILED] maven-plugin-descriptor-2.2.1.pom - Vui long kiem tra settings.xml 
[FAILED] maven-plugin-parameter-documenter-2.0.6.pom - Vui long kiem tra settings.xml 
[FAILED] maven-plugin-parameter-documenter-2.0.9.pom - Vui long kiem tra settings.xml 
[FAILED] maven-plugin-parameter-documenter-2.2.1.pom - Vui long kiem tra settings.xml 
[FAILED] maven-plugin-registry-2.0.6.pom - Vui long kiem tra settings.xml 
[FAILED] maven-plugin-registry-2.0.8.pom - Vui long kiem tra settings.xml 
[FAILED] maven-plugin-registry-2.0.9.pom - Vui long kiem tra settings.xml 
[FAILED] maven-plugin-registry-2.2.1.pom - Vui long kiem tra settings.xml 
[FAILED] maven-profile-2.0.6.pom - Vui long kiem tra settings.xml 
[FAILED] maven-profile-2.0.8.pom - Vui long kiem tra settings.xml 
[FAILED] maven-profile-2.0.9.pom - Vui long kiem tra settings.xml 
[FAILED] maven-profile-2.2.1.pom - Vui long kiem tra settings.xml 
[FAILED] maven-project-2.0.6.pom - Vui long kiem tra settings.xml 
[FAILED] maven-project-2.0.8.pom - Vui long kiem tra settings.xml 
[FAILED] maven-project-2.0.9.pom - Vui long kiem tra settings.xml 
[FAILED] maven-project-2.2.1.pom - Vui long kiem tra settings.xml 
[FAILED] maven-repository-metadata-2.0.2.pom - Vui long kiem tra settings.xml 
[FAILED] maven-repository-metadata-2.0.6.pom - Vui long kiem tra settings.xml 
[FAILED] maven-repository-metadata-2.0.8.pom - Vui long kiem tra settings.xml 
[FAILED] maven-repository-metadata-2.0.9.pom - Vui long kiem tra settings.xml 
[FAILED] maven-repository-metadata-2.2.1.pom - Vui long kiem tra settings.xml 
[FAILED] maven-repository-metadata-3.0.pom - Vui long kiem tra settings.xml 
[FAILED] maven-repository-metadata-3.0.5.pom - Vui long kiem tra settings.xml 
[FAILED] maven-repository-metadata-3.1.0.pom - Vui long kiem tra settings.xml 
[FAILED] maven-repository-metadata-3.1.1.pom - Vui long kiem tra settings.xml 
[FAILED] maven-repository-metadata-3.2.5.pom - Vui long kiem tra settings.xml 
[FAILED] maven-repository-metadata-3.3.9.pom - Vui long kiem tra settings.xml 
[FAILED] maven-repository-metadata-3.6.0.pom - Vui long kiem tra settings.xml 
[FAILED] maven-resolver-provider-3.6.0.pom - Vui long kiem tra settings.xml 
[FAILED] maven-settings-2.0.6.pom - Vui long kiem tra settings.xml 
[FAILED] maven-settings-2.0.8.pom - Vui long kiem tra settings.xml 
[FAILED] maven-settings-2.0.9.pom - Vui long kiem tra settings.xml 
[FAILED] maven-settings-2.2.1.pom - Vui long kiem tra settings.xml 
[FAILED] maven-settings-3.0.pom - Vui long kiem tra settings.xml 
[FAILED] maven-settings-3.0.5.pom - Vui long kiem tra settings.xml 
[FAILED] maven-settings-3.1.0.pom - Vui long kiem tra settings.xml 
[FAILED] maven-settings-3.1.1.pom - Vui long kiem tra settings.xml 
[FAILED] maven-settings-3.2.5.pom - Vui long kiem tra settings.xml 
[FAILED] maven-settings-3.3.9.pom - Vui long kiem tra settings.xml 
[FAILED] maven-settings-3.6.0.pom - Vui long kiem tra settings.xml 
[FAILED] maven-settings-builder-3.0.pom - Vui long kiem tra settings.xml 
[FAILED] maven-settings-builder-3.0.5.pom - Vui long kiem tra settings.xml 
[FAILED] maven-settings-builder-3.1.0.pom - Vui long kiem tra settings.xml 
[FAILED] maven-settings-builder-3.1.1.pom - Vui long kiem tra settings.xml 
[FAILED] maven-settings-builder-3.2.5.pom - Vui long kiem tra settings.xml 
[FAILED] maven-settings-builder-3.3.9.pom - Vui long kiem tra settings.xml 
[FAILED] maven-settings-builder-3.6.0.pom - Vui long kiem tra settings.xml 
[FAILED] maven-toolchain-1.0.pom - Vui long kiem tra settings.xml 
[FAILED] maven-toolchain-2.0.9.pom - Vui long kiem tra settings.xml 
[FAILED] maven-toolchain-2.2.1.pom - Vui long kiem tra settings.xml 
[FAILED] maven-plugin-annotations-3.1.pom - Vui long kiem tra settings.xml 
[FAILED] maven-plugin-annotations-3.4.pom - Vui long kiem tra settings.xml 
[FAILED] maven-plugin-annotations-3.5.pom - Vui long kiem tra settings.xml 
[FAILED] maven-plugin-annotations-3.5.2.pom - Vui long kiem tra settings.xml 
[FAILED] maven-plugin-tools-3.1.pom - Vui long kiem tra settings.xml 
[FAILED] maven-plugin-tools-3.4.pom - Vui long kiem tra settings.xml 
[FAILED] maven-plugin-tools-3.5.pom - Vui long kiem tra settings.xml 
[FAILED] maven-plugin-tools-3.5.2.pom - Vui long kiem tra settings.xml 
[FAILED] maven-plugin-tools-3.7.0.pom - Vui long kiem tra settings.xml 
[FAILED] maven-plugin-tools-generators-3.7.0.pom - Vui long kiem tra settings.xml 
[FAILED] maven-antrun-plugin-1.8.pom - Vui long kiem tra settings.xml 
[FAILED] maven-antrun-plugin-3.0.0.pom - Vui long kiem tra settings.xml 
[FAILED] maven-antrun-plugin-3.1.0.pom - Vui long kiem tra settings.xml 
[FAILED] maven-archetype-plugin-3.2.1.pom - Vui long kiem tra settings.xml 
[FAILED] maven-assembly-plugin-3.3.0.pom - Vui long kiem tra settings.xml 
[FAILED] maven-assembly-plugin-3.6.0.pom - Vui long kiem tra settings.xml 
[FAILED] maven-assembly-plugin-3.7.1.pom - Vui long kiem tra settings.xml 
[FAILED] maven-clean-plugin-2.5.pom - Vui long kiem tra settings.xml 
[FAILED] maven-clean-plugin-3.1.0.pom - Vui long kiem tra settings.xml 
[FAILED] maven-clean-plugin-3.2.0.pom - Vui long kiem tra settings.xml 
[FAILED] maven-clean-plugin-3.3.2.pom - Vui long kiem tra settings.xml 
[FAILED] maven-compiler-plugin-3.1.pom - Vui long kiem tra settings.xml 
[FAILED] maven-compiler-plugin-3.10.1.pom - Vui long kiem tra settings.xml 
[FAILED] maven-compiler-plugin-3.11.0.pom - Vui long kiem tra settings.xml 
[FAILED] maven-compiler-plugin-3.13.0.pom - Vui long kiem tra settings.xml 
[FAILED] maven-compiler-plugin-3.14.0.pom - Vui long kiem tra settings.xml 
[FAILED] maven-compiler-plugin-3.5.1.pom - Vui long kiem tra settings.xml 
[FAILED] maven-compiler-plugin-3.6.0.pom - Vui long kiem tra settings.xml 
[FAILED] maven-compiler-plugin-3.8.0.pom - Vui long kiem tra settings.xml 
[FAILED] maven-compiler-plugin-3.8.1.pom - Vui long kiem tra settings.xml 
[FAILED] maven-dependency-plugin-3.1.2.pom - Vui long kiem tra settings.xml 
[FAILED] maven-dependency-plugin-3.3.0.pom - Vui long kiem tra settings.xml 
[FAILED] maven-dependency-plugin-3.6.1.pom - Vui long kiem tra settings.xml 
[FAILED] maven-deploy-plugin-2.7.pom - Vui long kiem tra settings.xml 
[FAILED] maven-deploy-plugin-2.8.2.pom - Vui long kiem tra settings.xml 
[FAILED] maven-deploy-plugin-3.0.0.pom - Vui long kiem tra settings.xml 
[FAILED] maven-deploy-plugin-3.1.1.pom - Vui long kiem tra settings.xml 
[FAILED] maven-deploy-plugin-3.1.2.pom - Vui long kiem tra settings.xml 
[FAILED] maven-deploy-plugin-3.1.3.pom - Vui long kiem tra settings.xml 
[FAILED] maven-enforcer-plugin-3.4.1.pom - Vui long kiem tra settings.xml 
[FAILED] maven-failsafe-plugin-2.22.0.pom - Vui long kiem tra settings.xml 
[FAILED] maven-failsafe-plugin-3.1.2.pom - Vui long kiem tra settings.xml 
[FAILED] maven-help-plugin-3.4.0.pom - Vui long kiem tra settings.xml 
[FAILED] maven-help-plugin-3.4.1.pom - Vui long kiem tra settings.xml 
[FAILED] maven-install-plugin-2.4.pom - Vui long kiem tra settings.xml 
[FAILED] maven-install-plugin-2.5.2.pom - Vui long kiem tra settings.xml 
[FAILED] maven-install-plugin-3.0.1.pom - Vui long kiem tra settings.xml 
[FAILED] maven-install-plugin-3.1.1.pom - Vui long kiem tra settings.xml 
[FAILED] maven-install-plugin-3.1.2.pom - Vui long kiem tra settings.xml 
[FAILED] maven-install-plugin-3.1.3.pom - Vui long kiem tra settings.xml 
[FAILED] maven-invoker-plugin-3.6.1.pom - Vui long kiem tra settings.xml 
[FAILED] maven-jar-plugin-2.4.pom - Vui long kiem tra settings.xml 
[FAILED] maven-jar-plugin-3.1.1.pom - Vui long kiem tra settings.xml 
[FAILED] maven-jar-plugin-3.1.2.pom - Vui long kiem tra settings.xml 
[FAILED] maven-jar-plugin-3.2.0.pom - Vui long kiem tra settings.xml 
[FAILED] maven-jar-plugin-3.2.2.pom - Vui long kiem tra settings.xml 
[FAILED] maven-jar-plugin-3.3.0.pom - Vui long kiem tra settings.xml 
[FAILED] maven-jar-plugin-3.4.1.pom - Vui long kiem tra settings.xml 
[FAILED] maven-jar-plugin-3.4.2.pom - Vui long kiem tra settings.xml 
[FAILED] maven-javadoc-plugin-2.10.4.pom - Vui long kiem tra settings.xml 
[FAILED] maven-javadoc-plugin-3.4.1.pom - Vui long kiem tra settings.xml 
[FAILED] maven-javadoc-plugin-3.6.3.pom - Vui long kiem tra settings.xml 
[FAILED] maven-plugins-22.pom - Vui long kiem tra settings.xml 
[FAILED] maven-plugins-23.pom - Vui long kiem tra settings.xml 
[FAILED] maven-plugins-24.pom - Vui long kiem tra settings.xml 
[FAILED] maven-plugins-25.pom - Vui long kiem tra settings.xml 
[FAILED] maven-plugins-27.pom - Vui long kiem tra settings.xml 
[FAILED] maven-plugins-28.pom - Vui long kiem tra settings.xml 
[FAILED] maven-plugins-30.pom - Vui long kiem tra settings.xml 
[FAILED] maven-plugins-31.pom - Vui long kiem tra settings.xml 
[FAILED] maven-plugins-32.pom - Vui long kiem tra settings.xml 
[FAILED] maven-plugins-33.pom - Vui long kiem tra settings.xml 
[FAILED] maven-plugins-34.pom - Vui long kiem tra settings.xml 
[FAILED] maven-plugins-35.pom - Vui long kiem tra settings.xml 
[FAILED] maven-plugins-36.pom - Vui long kiem tra settings.xml 
[FAILED] maven-plugins-37.pom - Vui long kiem tra settings.xml 
[FAILED] maven-plugins-39.pom - Vui long kiem tra settings.xml 
[FAILED] maven-plugins-40.pom - Vui long kiem tra settings.xml 
[FAILED] maven-plugins-41.pom - Vui long kiem tra settings.xml 
[FAILED] maven-plugins-42.pom - Vui long kiem tra settings.xml 
[FAILED] maven-plugins-43.pom - Vui long kiem tra settings.xml 
[FAILED] maven-release-plugin-2.5.3.pom - Vui long kiem tra settings.xml 
[FAILED] maven-release-plugin-3.0.1.pom - Vui long kiem tra settings.xml 
[FAILED] maven-resources-plugin-2.6.pom - Vui long kiem tra settings.xml 
[FAILED] maven-resources-plugin-3.1.0.pom - Vui long kiem tra settings.xml 
[FAILED] maven-resources-plugin-3.2.0.pom - Vui long kiem tra settings.xml 
[FAILED] maven-resources-plugin-3.3.0.pom - Vui long kiem tra settings.xml 
[FAILED] maven-resources-plugin-3.3.1.pom - Vui long kiem tra settings.xml 
[FAILED] maven-shade-plugin-3.2.1.pom - Vui long kiem tra settings.xml 
[FAILED] maven-shade-plugin-3.2.4.pom - Vui long kiem tra settings.xml 
[FAILED] maven-shade-plugin-3.5.0.pom - Vui long kiem tra settings.xml 
[FAILED] maven-shade-plugin-3.5.3.pom - Vui long kiem tra settings.xml 
[FAILED] maven-site-plugin-3.12.1.pom - Vui long kiem tra settings.xml 
[FAILED] maven-site-plugin-3.3.pom - Vui long kiem tra settings.xml 
[FAILED] maven-site-plugin-3.7.1.pom - Vui long kiem tra settings.xml 
[FAILED] maven-source-plugin-3.0.1.pom - Vui long kiem tra settings.xml 
[FAILED] maven-source-plugin-3.2.1.pom - Vui long kiem tra settings.xml 
[FAILED] maven-source-plugin-3.3.1.pom - Vui long kiem tra settings.xml 
[FAILED] maven-surefire-plugin-2.12.4.pom - Vui long kiem tra settings.xml 
[FAILED] maven-surefire-plugin-2.22.0.pom - Vui long kiem tra settings.xml 
[FAILED] maven-surefire-plugin-2.22.1.pom - Vui long kiem tra settings.xml 
[FAILED] maven-surefire-plugin-2.22.2.pom - Vui long kiem tra settings.xml 
[FAILED] maven-surefire-plugin-3.0.0.pom - Vui long kiem tra settings.xml 
[FAILED] maven-surefire-plugin-3.1.2.pom - Vui long kiem tra settings.xml 
[FAILED] maven-surefire-plugin-3.2.5.pom - Vui long kiem tra settings.xml 
[FAILED] maven-war-plugin-3.2.2.pom - Vui long kiem tra settings.xml 
[FAILED] maven-war-plugin-3.2.3.pom - Vui long kiem tra settings.xml 
[FAILED] maven-war-plugin-3.3.1.pom - Vui long kiem tra settings.xml 
[FAILED] maven-war-plugin-3.3.2.pom - Vui long kiem tra settings.xml 
[FAILED] maven-war-plugin-3.4.0.pom - Vui long kiem tra settings.xml 
[FAILED] maven-release-2.5.3.pom - Vui long kiem tra settings.xml 
[FAILED] maven-release-3.0.1.pom - Vui long kiem tra settings.xml 
[FAILED] maven-release-api-2.5.3.pom - Vui long kiem tra settings.xml 
[FAILED] maven-release-manager-2.5.3.pom - Vui long kiem tra settings.xml 
[FAILED] maven-reporting-2.0.6.pom - Vui long kiem tra settings.xml 
[FAILED] maven-reporting-2.0.9.pom - Vui long kiem tra settings.xml 
[FAILED] maven-reporting-2.2.1.pom - Vui long kiem tra settings.xml 
[FAILED] maven-reporting-api-2.0.6.pom - Vui long kiem tra settings.xml 
[FAILED] maven-reporting-api-2.0.9.pom - Vui long kiem tra settings.xml 
[FAILED] maven-reporting-api-2.2.1.pom - Vui long kiem tra settings.xml 
[FAILED] maven-reporting-api-3.0.pom - Vui long kiem tra settings.xml 
[FAILED] maven-reporting-api-3.1.0.pom - Vui long kiem tra settings.xml 
[FAILED] maven-reporting-api-3.1.1.pom - Vui long kiem tra settings.xml 
[FAILED] maven-reporting-exec-1.1.pom - Vui long kiem tra settings.xml 
[FAILED] maven-reporting-exec-1.4.pom - Vui long kiem tra settings.xml 
[FAILED] maven-reporting-exec-1.6.0.pom - Vui long kiem tra settings.xml 
[FAILED] maven-reporting-impl-3.0.0.pom - Vui long kiem tra settings.xml 
[FAILED] maven-reporting-impl-3.1.0.pom - Vui long kiem tra settings.xml 
[FAILED] maven-reporting-impl-3.2.0.pom - Vui long kiem tra settings.xml 
[FAILED] maven-resolver-1.3.1.pom - Vui long kiem tra settings.xml 
[FAILED] maven-resolver-1.9.18.pom - Vui long kiem tra settings.xml 
[FAILED] maven-resolver-1.9.24.pom - Vui long kiem tra settings.xml 
[FAILED] maven-resolver-api-1.3.1.pom - Vui long kiem tra settings.xml 
[FAILED] maven-resolver-api-1.9.18.pom - Vui long kiem tra settings.xml 
[FAILED] maven-resolver-api-1.9.24.pom - Vui long kiem tra settings.xml 
[FAILED] maven-resolver-impl-1.3.1.pom - Vui long kiem tra settings.xml 
[FAILED] maven-resolver-spi-1.3.1.pom - Vui long kiem tra settings.xml 
[FAILED] maven-resolver-util-1.3.1.pom - Vui long kiem tra settings.xml 
[FAILED] maven-resolver-util-1.9.18.pom - Vui long kiem tra settings.xml 
[FAILED] maven-resolver-util-1.9.24.pom - Vui long kiem tra settings.xml 
[FAILED] maven-scm-1.8.pom - Vui long kiem tra settings.xml 
[FAILED] maven-scm-1.9.4.pom - Vui long kiem tra settings.xml 
[FAILED] maven-scm-1.9.5.pom - Vui long kiem tra settings.xml 
[FAILED] maven-scm-api-1.8.pom - Vui long kiem tra settings.xml 
[FAILED] maven-scm-api-1.9.4.pom - Vui long kiem tra settings.xml 
[FAILED] maven-scm-api-1.9.5.pom - Vui long kiem tra settings.xml 
[FAILED] maven-scm-manager-plexus-1.8.pom - Vui long kiem tra settings.xml 
[FAILED] maven-scm-managers-1.8.pom - Vui long kiem tra settings.xml 
[FAILED] maven-scm-provider-accurev-1.9.4.pom - Vui long kiem tra settings.xml 
[FAILED] maven-scm-provider-bazaar-1.9.4.pom - Vui long kiem tra settings.xml 
[FAILED] maven-scm-provider-clearcase-1.9.4.pom - Vui long kiem tra settings.xml 
[FAILED] maven-scm-provider-cvs-commons-1.9.4.pom - Vui long kiem tra settings.xml 
[FAILED] maven-scm-provider-cvsexe-1.9.4.pom - Vui long kiem tra settings.xml 
[FAILED] maven-scm-provider-cvsjava-1.9.4.pom - Vui long kiem tra settings.xml 
[FAILED] maven-scm-provider-git-commons-1.9.4.pom - Vui long kiem tra settings.xml 
[FAILED] maven-scm-provider-git-commons-1.9.5.pom - Vui long kiem tra settings.xml 
[FAILED] maven-scm-provider-gitexe-1.9.4.pom - Vui long kiem tra settings.xml 
[FAILED] maven-scm-provider-gitexe-1.9.5.pom - Vui long kiem tra settings.xml 
[FAILED] maven-scm-provider-hg-1.9.4.pom - Vui long kiem tra settings.xml 
[FAILED] maven-scm-provider-integrity-1.9.4.pom - Vui long kiem tra settings.xml 
[FAILED] maven-scm-provider-jazz-1.9.4.pom - Vui long kiem tra settings.xml 
[FAILED] maven-scm-provider-perforce-1.9.4.pom - Vui long kiem tra settings.xml 
[FAILED] maven-scm-provider-starteam-1.9.4.pom - Vui long kiem tra settings.xml 
[FAILED] maven-scm-provider-svn-commons-1.9.4.pom - Vui long kiem tra settings.xml 
[FAILED] maven-scm-provider-svnexe-1.9.4.pom - Vui long kiem tra settings.xml 
[FAILED] maven-scm-provider-synergy-1.9.4.pom - Vui long kiem tra settings.xml 
[FAILED] maven-scm-provider-tfs-1.9.4.pom - Vui long kiem tra settings.xml 
[FAILED] maven-scm-provider-vss-1.9.4.pom - Vui long kiem tra settings.xml 
[FAILED] maven-scm-providers-1.9.4.pom - Vui long kiem tra settings.xml 
[FAILED] maven-scm-providers-1.9.5.pom - Vui long kiem tra settings.xml 
[FAILED] maven-scm-providers-cvs-1.9.4.pom - Vui long kiem tra settings.xml 
[FAILED] maven-scm-providers-git-1.9.4.pom - Vui long kiem tra settings.xml 
[FAILED] maven-scm-providers-git-1.9.5.pom - Vui long kiem tra settings.xml 
[FAILED] maven-scm-providers-standard-1.9.4.pom - Vui long kiem tra settings.xml 
[FAILED] maven-scm-providers-svn-1.9.4.pom - Vui long kiem tra settings.xml 
[FAILED] file-management-1.2.1.pom - Vui long kiem tra settings.xml 
[FAILED] file-management-3.0.0.pom - Vui long kiem tra settings.xml 
[FAILED] file-management-3.1.0.pom - Vui long kiem tra settings.xml 
[FAILED] maven-artifact-transfer-0.10.0.pom - Vui long kiem tra settings.xml 
[FAILED] maven-artifact-transfer-0.11.0.pom - Vui long kiem tra settings.xml 
[FAILED] maven-artifact-transfer-0.12.0.pom - Vui long kiem tra settings.xml 
[FAILED] maven-artifact-transfer-0.13.1.pom - Vui long kiem tra settings.xml 
[FAILED] maven-common-artifact-filters-1.3.pom - Vui long kiem tra settings.xml 
[FAILED] maven-common-artifact-filters-3.0.1.pom - Vui long kiem tra settings.xml 
[FAILED] maven-common-artifact-filters-3.1.0.pom - Vui long kiem tra settings.xml 
[FAILED] maven-common-artifact-filters-3.1.1.pom - Vui long kiem tra settings.xml 
[FAILED] maven-common-artifact-filters-3.2.0.pom - Vui long kiem tra settings.xml 
[FAILED] maven-common-artifact-filters-3.3.2.pom - Vui long kiem tra settings.xml 
[FAILED] maven-dependency-analyzer-1.11.1.pom - Vui long kiem tra settings.xml 
[FAILED] maven-dependency-analyzer-1.12.0.pom - Vui long kiem tra settings.xml 
[FAILED] maven-dependency-analyzer-1.13.2.pom - Vui long kiem tra settings.xml 
[FAILED] maven-dependency-tree-3.0.1.pom - Vui long kiem tra settings.xml 
[FAILED] maven-dependency-tree-3.1.0.pom - Vui long kiem tra settings.xml 
[FAILED] maven-dependency-tree-3.2.1.pom - Vui long kiem tra settings.xml 
[FAILED] maven-filtering-1.1.pom - Vui long kiem tra settings.xml 
[FAILED] maven-filtering-3.1.1.pom - Vui long kiem tra settings.xml 
[FAILED] maven-filtering-3.2.0.pom - Vui long kiem tra settings.xml 
[FAILED] maven-filtering-3.3.0.pom - Vui long kiem tra settings.xml 
[FAILED] maven-filtering-3.3.1.pom - Vui long kiem tra settings.xml 
[FAILED] maven-invoker-2.2.pom - Vui long kiem tra settings.xml 
[FAILED] maven-invoker-3.0.1.pom - Vui long kiem tra settings.xml 
[FAILED] maven-invoker-3.1.0.pom - Vui long kiem tra settings.xml 
[FAILED] maven-mapping-3.0.0.pom - Vui long kiem tra settings.xml 
[FAILED] maven-script-interpreter-1.2.pom - Vui long kiem tra settings.xml 
[FAILED] maven-shared-components-10.pom - Vui long kiem tra settings.xml 
[FAILED] maven-shared-components-12.pom - Vui long kiem tra settings.xml 
[FAILED] maven-shared-components-15.pom - Vui long kiem tra settings.xml 
[FAILED] maven-shared-components-16.pom - Vui long kiem tra settings.xml 
[FAILED] maven-shared-components-17.pom - Vui long kiem tra settings.xml 
[FAILED] maven-shared-components-18.pom - Vui long kiem tra settings.xml 
[FAILED] maven-shared-components-19.pom - Vui long kiem tra settings.xml 
[FAILED] maven-shared-components-21.pom - Vui long kiem tra settings.xml 
[FAILED] maven-shared-components-22.pom - Vui long kiem tra settings.xml 
[FAILED] maven-shared-components-30.pom - Vui long kiem tra settings.xml 
[FAILED] maven-shared-components-31.pom - Vui long kiem tra settings.xml 
[FAILED] maven-shared-components-33.pom - Vui long kiem tra settings.xml 
[FAILED] maven-shared-components-34.pom - Vui long kiem tra settings.xml 
[FAILED] maven-shared-components-36.pom - Vui long kiem tra settings.xml 
[FAILED] maven-shared-components-37.pom - Vui long kiem tra settings.xml 
[FAILED] maven-shared-components-39.pom - Vui long kiem tra settings.xml 
[FAILED] maven-shared-components-41.pom - Vui long kiem tra settings.xml 
[FAILED] maven-shared-components-8.pom - Vui long kiem tra settings.xml 
[FAILED] maven-shared-incremental-1.1.pom - Vui long kiem tra settings.xml 
[FAILED] maven-shared-io-1.1.pom - Vui long kiem tra settings.xml 
[FAILED] maven-shared-io-3.0.0.pom - Vui long kiem tra settings.xml 
[FAILED] maven-shared-utils-0.1.pom - Vui long kiem tra settings.xml 
[FAILED] maven-shared-utils-0.3.pom - Vui long kiem tra settings.xml 
[FAILED] maven-shared-utils-0.4.pom - Vui long kiem tra settings.xml 
[FAILED] maven-shared-utils-3.0.0.pom - Vui long kiem tra settings.xml 
[FAILED] maven-shared-utils-3.0.1.pom - Vui long kiem tra settings.xml 
[FAILED] maven-shared-utils-3.1.0.pom - Vui long kiem tra settings.xml 
[FAILED] maven-shared-utils-3.2.0.pom - Vui long kiem tra settings.xml 
[FAILED] maven-shared-utils-3.2.1.pom - Vui long kiem tra settings.xml 
[FAILED] maven-shared-utils-3.3.3.pom - Vui long kiem tra settings.xml 
[FAILED] maven-shared-utils-3.3.4.pom - Vui long kiem tra settings.xml 
[FAILED] maven-shared-utils-3.4.2.pom - Vui long kiem tra settings.xml 
[FAILED] common-java5-3.2.5.pom - Vui long kiem tra settings.xml 
[FAILED] maven-surefire-common-2.12.4.pom - Vui long kiem tra settings.xml 
[FAILED] maven-surefire-common-2.22.0.pom - Vui long kiem tra settings.xml 
[FAILED] maven-surefire-common-2.22.1.pom - Vui long kiem tra settings.xml 
[FAILED] maven-surefire-common-2.22.2.pom - Vui long kiem tra settings.xml 
[FAILED] maven-surefire-common-3.0.0.pom - Vui long kiem tra settings.xml 
[FAILED] maven-surefire-common-3.1.2.pom - Vui long kiem tra settings.xml 
[FAILED] maven-surefire-common-3.2.5.pom - Vui long kiem tra settings.xml 
[FAILED] surefire-2.12.4.pom - Vui long kiem tra settings.xml 
[FAILED] surefire-2.22.0.pom - Vui long kiem tra settings.xml 
[FAILED] surefire-2.22.1.pom - Vui long kiem tra settings.xml 
[FAILED] surefire-2.22.2.pom - Vui long kiem tra settings.xml 
[FAILED] surefire-3.0.0.pom - Vui long kiem tra settings.xml 
[FAILED] surefire-3.1.2.pom - Vui long kiem tra settings.xml 
[FAILED] surefire-3.2.5.pom - Vui long kiem tra settings.xml 
[FAILED] surefire-api-2.12.4.pom - Vui long kiem tra settings.xml 
[FAILED] surefire-api-2.22.0.pom - Vui long kiem tra settings.xml 
[FAILED] surefire-api-2.22.1.pom - Vui long kiem tra settings.xml 
[FAILED] surefire-api-2.22.2.pom - Vui long kiem tra settings.xml 
[FAILED] surefire-api-3.0.0.pom - Vui long kiem tra settings.xml 
[FAILED] surefire-api-3.1.2.pom - Vui long kiem tra settings.xml 
[FAILED] surefire-api-3.2.5.pom - Vui long kiem tra settings.xml 
[FAILED] surefire-booter-2.12.4.pom - Vui long kiem tra settings.xml 
[FAILED] surefire-booter-2.22.0.pom - Vui long kiem tra settings.xml 
[FAILED] surefire-booter-2.22.1.pom - Vui long kiem tra settings.xml 
[FAILED] surefire-booter-2.22.2.pom - Vui long kiem tra settings.xml 
[FAILED] surefire-booter-3.0.0.pom - Vui long kiem tra settings.xml 
[FAILED] surefire-booter-3.1.2.pom - Vui long kiem tra settings.xml 
[FAILED] surefire-booter-3.2.5.pom - Vui long kiem tra settings.xml 
[FAILED] surefire-extensions-api-3.0.0.pom - Vui long kiem tra settings.xml 
[FAILED] surefire-extensions-api-3.1.2.pom - Vui long kiem tra settings.xml 
[FAILED] surefire-extensions-api-3.2.5.pom - Vui long kiem tra settings.xml 
[FAILED] surefire-extensions-spi-3.0.0.pom - Vui long kiem tra settings.xml 
[FAILED] surefire-extensions-spi-3.1.2.pom - Vui long kiem tra settings.xml 
[FAILED] surefire-extensions-spi-3.2.5.pom - Vui long kiem tra settings.xml 
[FAILED] surefire-junit-platform-2.22.2.pom - Vui long kiem tra settings.xml 
[FAILED] surefire-junit-platform-3.2.5.pom - Vui long kiem tra settings.xml 
[FAILED] surefire-logger-api-2.22.0.pom - Vui long kiem tra settings.xml 
[FAILED] surefire-logger-api-2.22.1.pom - Vui long kiem tra settings.xml 
[FAILED] surefire-logger-api-2.22.2.pom - Vui long kiem tra settings.xml 
[FAILED] surefire-logger-api-3.0.0.pom - Vui long kiem tra settings.xml 
[FAILED] surefire-logger-api-3.1.2.pom - Vui long kiem tra settings.xml 
[FAILED] surefire-logger-api-3.2.5.pom - Vui long kiem tra settings.xml 
[FAILED] surefire-providers-2.22.2.pom - Vui long kiem tra settings.xml 
[FAILED] surefire-providers-3.2.5.pom - Vui long kiem tra settings.xml 
[FAILED] surefire-shared-utils-3.0.0.pom - Vui long kiem tra settings.xml 
[FAILED] surefire-shared-utils-3.1.2.pom - Vui long kiem tra settings.xml 
[FAILED] surefire-shared-utils-3.2.5.pom - Vui long kiem tra settings.xml 
[FAILED] wagon-1.0.pom - Vui long kiem tra settings.xml 
[FAILED] wagon-1.0-alpha-6.pom - Vui long kiem tra settings.xml 
[FAILED] wagon-1.0-beta-6.pom - Vui long kiem tra settings.xml 
[FAILED] wagon-2.10.pom - Vui long kiem tra settings.xml 
[FAILED] wagon-2.4.pom - Vui long kiem tra settings.xml 
[FAILED] wagon-http-1.0-beta-6.pom - Vui long kiem tra settings.xml 
[FAILED] wagon-http-shared-1.0-beta-6.pom - Vui long kiem tra settings.xml 
[FAILED] wagon-provider-api-1.0.pom - Vui long kiem tra settings.xml 
[FAILED] wagon-provider-api-1.0-alpha-6.pom - Vui long kiem tra settings.xml 
[FAILED] wagon-provider-api-1.0-beta-6.pom - Vui long kiem tra settings.xml 
[FAILED] wagon-provider-api-2.10.pom - Vui long kiem tra settings.xml 
[FAILED] wagon-provider-api-2.4.pom - Vui long kiem tra settings.xml 
[FAILED] wagon-providers-1.0-beta-6.pom - Vui long kiem tra settings.xml 
[FAILED] wagon-webdav-jackrabbit-1.0-beta-6.pom - Vui long kiem tra settings.xml 
[FAILED] fontbox-2.0.4.pom - Vui long kiem tra settings.xml 
[FAILED] pdfbox-2.0.4.pom - Vui long kiem tra settings.xml 
[FAILED] pdfbox-parent-2.0.4.pom - Vui long kiem tra settings.xml 
[FAILED] poi-3.10-FINAL.pom - Vui long kiem tra settings.xml 
[FAILED] poi-3.12.pom - Vui long kiem tra settings.xml 
[FAILED] poi-3.14.pom - Vui long kiem tra settings.xml 
[FAILED] poi-3.15.pom - Vui long kiem tra settings.xml 
[FAILED] poi-3.17.pom - Vui long kiem tra settings.xml 
[FAILED] poi-3.6.pom - Vui long kiem tra settings.xml 
[FAILED] poi-3.7.pom - Vui long kiem tra settings.xml 
[FAILED] poi-3.9.pom - Vui long kiem tra settings.xml 
[FAILED] poi-4.1.2.pom - Vui long kiem tra settings.xml 
[FAILED] poi-5.2.2.pom - Vui long kiem tra settings.xml 
[FAILED] poi-5.2.3.pom - Vui long kiem tra settings.xml 
[FAILED] poi-ooxml-3.10-FINAL.pom - Vui long kiem tra settings.xml 
[FAILED] poi-ooxml-3.12.pom - Vui long kiem tra settings.xml 
[FAILED] poi-ooxml-3.14.pom - Vui long kiem tra settings.xml 
[FAILED] poi-ooxml-3.15.pom - Vui long kiem tra settings.xml 
[FAILED] poi-ooxml-3.17.pom - Vui long kiem tra settings.xml 
[FAILED] poi-ooxml-3.7.pom - Vui long kiem tra settings.xml 
[FAILED] poi-ooxml-3.9.pom - Vui long kiem tra settings.xml 
[FAILED] poi-ooxml-4.1.2.pom - Vui long kiem tra settings.xml 
[FAILED] poi-ooxml-5.2.2.pom - Vui long kiem tra settings.xml 
[FAILED] poi-ooxml-5.2.3.pom - Vui long kiem tra settings.xml 
[FAILED] poi-ooxml-lite-5.2.2.pom - Vui long kiem tra settings.xml 
[FAILED] poi-ooxml-lite-5.2.3.pom - Vui long kiem tra settings.xml 
[FAILED] poi-ooxml-schemas-3.10-FINAL.pom - Vui long kiem tra settings.xml 
[FAILED] poi-ooxml-schemas-3.12.pom - Vui long kiem tra settings.xml 
[FAILED] poi-ooxml-schemas-3.14.pom - Vui long kiem tra settings.xml 
[FAILED] poi-ooxml-schemas-3.15.pom - Vui long kiem tra settings.xml 
[FAILED] poi-ooxml-schemas-3.17.pom - Vui long kiem tra settings.xml 
[FAILED] poi-ooxml-schemas-3.7.pom - Vui long kiem tra settings.xml 
[FAILED] poi-ooxml-schemas-3.9.pom - Vui long kiem tra settings.xml 
[FAILED] poi-ooxml-schemas-4.1.2.pom - Vui long kiem tra settings.xml 
[FAILED] pulsar-bom-3.2.3.pom - Vui long kiem tra settings.xml 
[FAILED] pulsar-bom-3.2.4.pom - Vui long kiem tra settings.xml 
[FAILED] pulsar-bom-4.0.5.pom - Vui long kiem tra settings.xml 
[FAILED] pulsar-client-reactive-bom-0.6.0.pom - Vui long kiem tra settings.xml 
[FAILED] sshd-1.7.0.pom - Vui long kiem tra settings.xml 
[FAILED] sshd-2.10.0.pom - Vui long kiem tra settings.xml 
[FAILED] sshd-2.11.0.pom - Vui long kiem tra settings.xml 
[FAILED] sshd-2.7.0.pom - Vui long kiem tra settings.xml 
[FAILED] sshd-2.9.2.pom - Vui long kiem tra settings.xml 
[FAILED] sshd-common-2.11.0.pom - Vui long kiem tra settings.xml 
[FAILED] sshd-common-2.7.0.pom - Vui long kiem tra settings.xml 
[FAILED] sshd-common-2.9.2.pom - Vui long kiem tra settings.xml 
[FAILED] sshd-core-1.7.0.pom - Vui long kiem tra settings.xml 
[FAILED] sshd-core-2.11.0.pom - Vui long kiem tra settings.xml 
[FAILED] sshd-core-2.7.0.pom - Vui long kiem tra settings.xml 
[FAILED] sshd-core-2.9.2.pom - Vui long kiem tra settings.xml 
[FAILED] sshd-osgi-2.10.0.pom - Vui long kiem tra settings.xml 
[FAILED] sshd-sftp-2.10.0.pom - Vui long kiem tra settings.xml 
[FAILED] sshd-sftp-2.11.0.pom - Vui long kiem tra settings.xml 
[FAILED] sshd-sftp-2.7.0.pom - Vui long kiem tra settings.xml 
[FAILED] struts-core-1.3.8.pom - Vui long kiem tra settings.xml 
[FAILED] struts-master-4.pom - Vui long kiem tra settings.xml 
[FAILED] struts-parent-1.3.8.pom - Vui long kiem tra settings.xml 
[FAILED] struts-taglib-1.3.8.pom - Vui long kiem tra settings.xml 
[FAILED] struts-tiles-1.3.8.pom - Vui long kiem tra settings.xml 
[FAILED] tomcat-embed-core-10.1.12.pom - Vui long kiem tra settings.xml 
[FAILED] tomcat-embed-core-10.1.13.pom - Vui long kiem tra settings.xml 
[FAILED] tomcat-embed-core-10.1.18.pom - Vui long kiem tra settings.xml 
[FAILED] tomcat-embed-core-10.1.19.pom - Vui long kiem tra settings.xml 
[FAILED] tomcat-embed-core-10.1.20.pom - Vui long kiem tra settings.xml 
[FAILED] tomcat-embed-core-10.1.25.pom - Vui long kiem tra settings.xml 
[FAILED] tomcat-embed-core-10.1.30.pom - Vui long kiem tra settings.xml 
[FAILED] tomcat-embed-core-10.1.33.pom - Vui long kiem tra settings.xml 
[FAILED] tomcat-embed-core-10.1.42.pom - Vui long kiem tra settings.xml 
[FAILED] tomcat-embed-core-10.1.5.pom - Vui long kiem tra settings.xml 
[FAILED] tomcat-embed-core-10.1.8.pom - Vui long kiem tra settings.xml 
[FAILED] tomcat-embed-core-9.0.13.pom - Vui long kiem tra settings.xml 
[FAILED] tomcat-embed-core-9.0.14.pom - Vui long kiem tra settings.xml 
[FAILED] tomcat-embed-core-9.0.24.pom - Vui long kiem tra settings.xml 
[FAILED] tomcat-embed-core-9.0.38.pom - Vui long kiem tra settings.xml 
[FAILED] tomcat-embed-core-9.0.43.pom - Vui long kiem tra settings.xml 
[FAILED] tomcat-embed-core-9.0.45.pom - Vui long kiem tra settings.xml 
[FAILED] tomcat-embed-core-9.0.46.pom - Vui long kiem tra settings.xml 
[FAILED] tomcat-embed-core-9.0.48.pom - Vui long kiem tra settings.xml 
[FAILED] tomcat-embed-core-9.0.54.pom - Vui long kiem tra settings.xml 
[FAILED] tomcat-embed-core-9.0.56.pom - Vui long kiem tra settings.xml 
[FAILED] tomcat-embed-core-9.0.63.pom - Vui long kiem tra settings.xml 
[FAILED] tomcat-embed-core-9.0.64.pom - Vui long kiem tra settings.xml 
[FAILED] tomcat-embed-core-9.0.69.pom - Vui long kiem tra settings.xml 
[FAILED] tomcat-embed-core-9.0.71.pom - Vui long kiem tra settings.xml 
[FAILED] tomcat-embed-core-9.0.73.pom - Vui long kiem tra settings.xml 
[FAILED] tomcat-embed-core-9.0.75.pom - Vui long kiem tra settings.xml 
[FAILED] tomcat-embed-core-9.0.79.pom - Vui long kiem tra settings.xml 
[FAILED] tomcat-embed-core-9.0.80.pom - Vui long kiem tra settings.xml 
[FAILED] tomcat-embed-core-9.0.82.pom - Vui long kiem tra settings.xml 
[FAILED] tomcat-embed-core-9.0.83.pom - Vui long kiem tra settings.xml 
[FAILED] tomcat-embed-el-10.1.12.pom - Vui long kiem tra settings.xml 
[FAILED] tomcat-embed-el-10.1.13.pom - Vui long kiem tra settings.xml 
[FAILED] tomcat-embed-el-10.1.18.pom - Vui long kiem tra settings.xml 
[FAILED] tomcat-embed-el-10.1.19.pom - Vui long kiem tra settings.xml 
[FAILED] tomcat-embed-el-10.1.20.pom - Vui long kiem tra settings.xml 
[FAILED] tomcat-embed-el-10.1.25.pom - Vui long kiem tra settings.xml 
[FAILED] tomcat-embed-el-10.1.30.pom - Vui long kiem tra settings.xml 
[FAILED] tomcat-embed-el-10.1.33.pom - Vui long kiem tra settings.xml 
[FAILED] tomcat-embed-el-10.1.42.pom - Vui long kiem tra settings.xml 
[FAILED] tomcat-embed-el-10.1.5.pom - Vui long kiem tra settings.xml 
[FAILED] tomcat-embed-el-10.1.8.pom - Vui long kiem tra settings.xml 
[FAILED] tomcat-embed-el-9.0.13.pom - Vui long kiem tra settings.xml 
[FAILED] tomcat-embed-el-9.0.14.pom - Vui long kiem tra settings.xml 
[FAILED] tomcat-embed-el-9.0.24.pom - Vui long kiem tra settings.xml 
[FAILED] tomcat-embed-el-9.0.46.pom - Vui long kiem tra settings.xml 
[FAILED] tomcat-embed-el-9.0.48.pom - Vui long kiem tra settings.xml 
[FAILED] tomcat-embed-el-9.0.54.pom - Vui long kiem tra settings.xml 
[FAILED] tomcat-embed-el-9.0.56.pom - Vui long kiem tra settings.xml 
[FAILED] tomcat-embed-el-9.0.63.pom - Vui long kiem tra settings.xml 
[FAILED] tomcat-embed-el-9.0.64.pom - Vui long kiem tra settings.xml 
[FAILED] tomcat-embed-el-9.0.69.pom - Vui long kiem tra settings.xml 
[FAILED] tomcat-embed-el-9.0.71.pom - Vui long kiem tra settings.xml 
[FAILED] tomcat-embed-el-9.0.73.pom - Vui long kiem tra settings.xml 
[FAILED] tomcat-embed-el-9.0.75.pom - Vui long kiem tra settings.xml 
[FAILED] tomcat-embed-el-9.0.79.pom - Vui long kiem tra settings.xml 
[FAILED] tomcat-embed-el-9.0.80.pom - Vui long kiem tra settings.xml 
[FAILED] tomcat-embed-el-9.0.82.pom - Vui long kiem tra settings.xml 
[FAILED] tomcat-embed-el-9.0.83.pom - Vui long kiem tra settings.xml 
[FAILED] tomcat-embed-jasper-9.0.69.pom - Vui long kiem tra settings.xml 
[FAILED] tomcat-embed-websocket-10.1.12.pom - Vui long kiem tra settings.xml 
[FAILED] tomcat-embed-websocket-10.1.13.pom - Vui long kiem tra settings.xml 
[FAILED] tomcat-embed-websocket-10.1.18.pom - Vui long kiem tra settings.xml 
[FAILED] tomcat-embed-websocket-10.1.19.pom - Vui long kiem tra settings.xml 
[FAILED] tomcat-embed-websocket-10.1.20.pom - Vui long kiem tra settings.xml 
[FAILED] tomcat-embed-websocket-10.1.25.pom - Vui long kiem tra settings.xml 
[FAILED] tomcat-embed-websocket-10.1.30.pom - Vui long kiem tra settings.xml 
[FAILED] tomcat-embed-websocket-10.1.33.pom - Vui long kiem tra settings.xml 
[FAILED] tomcat-embed-websocket-10.1.42.pom - Vui long kiem tra settings.xml 
[FAILED] tomcat-embed-websocket-10.1.5.pom - Vui long kiem tra settings.xml 
[FAILED] tomcat-embed-websocket-10.1.8.pom - Vui long kiem tra settings.xml 
[FAILED] tomcat-embed-websocket-9.0.13.pom - Vui long kiem tra settings.xml 
[FAILED] tomcat-embed-websocket-9.0.14.pom - Vui long kiem tra settings.xml 
[FAILED] tomcat-embed-websocket-9.0.24.pom - Vui long kiem tra settings.xml 
[FAILED] tomcat-embed-websocket-9.0.38.pom - Vui long kiem tra settings.xml 
[FAILED] tomcat-embed-websocket-9.0.43.pom - Vui long kiem tra settings.xml 
[FAILED] tomcat-embed-websocket-9.0.45.pom - Vui long kiem tra settings.xml 
[FAILED] tomcat-embed-websocket-9.0.46.pom - Vui long kiem tra settings.xml 
[FAILED] tomcat-embed-websocket-9.0.48.pom - Vui long kiem tra settings.xml 
[FAILED] tomcat-embed-websocket-9.0.54.pom - Vui long kiem tra settings.xml 
[FAILED] tomcat-embed-websocket-9.0.56.pom - Vui long kiem tra settings.xml 
[FAILED] tomcat-embed-websocket-9.0.63.pom - Vui long kiem tra settings.xml 
[FAILED] tomcat-embed-websocket-9.0.64.pom - Vui long kiem tra settings.xml 
[FAILED] tomcat-embed-websocket-9.0.69.pom - Vui long kiem tra settings.xml 
[FAILED] tomcat-embed-websocket-9.0.71.pom - Vui long kiem tra settings.xml 
[FAILED] tomcat-embed-websocket-9.0.73.pom - Vui long kiem tra settings.xml 
[FAILED] tomcat-embed-websocket-9.0.75.pom - Vui long kiem tra settings.xml 
[FAILED] tomcat-embed-websocket-9.0.79.pom - Vui long kiem tra settings.xml 
[FAILED] tomcat-embed-websocket-9.0.80.pom - Vui long kiem tra settings.xml 
[FAILED] tomcat-embed-websocket-9.0.82.pom - Vui long kiem tra settings.xml 
[FAILED] tomcat-embed-websocket-9.0.83.pom - Vui long kiem tra settings.xml 
[FAILED] tomcat-annotations-api-9.0.13.pom - Vui long kiem tra settings.xml 
[FAILED] tomcat-annotations-api-9.0.14.pom - Vui long kiem tra settings.xml 
[FAILED] tomcat-annotations-api-9.0.24.pom - Vui long kiem tra settings.xml 
[FAILED] tomcat-annotations-api-9.0.69.pom - Vui long kiem tra settings.xml 
[FAILED] tomcat-coyote-10.0.7.pom - Vui long kiem tra settings.xml 
[FAILED] tomcat-jni-10.0.7.pom - Vui long kiem tra settings.xml 
[FAILED] tomcat-juli-10.0.7.pom - Vui long kiem tra settings.xml 
[FAILED] tomcat-servlet-api-10.0.7.pom - Vui long kiem tra settings.xml 
[FAILED] tomcat-util-10.0.7.pom - Vui long kiem tra settings.xml 
[FAILED] velocity-1.5.pom - Vui long kiem tra settings.xml 
[FAILED] velocity-1.6.2.pom - Vui long kiem tra settings.xml 
[FAILED] velocity-1.7.pom - Vui long kiem tra settings.xml 
[FAILED] velocity-engine-core-2.3.pom - Vui long kiem tra settings.xml 
[FAILED] velocity-engine-parent-2.3.pom - Vui long kiem tra settings.xml 
[FAILED] velocity-master-4.pom - Vui long kiem tra settings.xml 
[FAILED] velocity-tools-2.0.pom - Vui long kiem tra settings.xml 
[FAILED] xbean-3.4.pom - Vui long kiem tra settings.xml 
[FAILED] xbean-3.7.pom - Vui long kiem tra settings.xml 
[FAILED] xbean-reflect-3.4.pom - Vui long kiem tra settings.xml 
[FAILED] xbean-reflect-3.7.pom - Vui long kiem tra settings.xml 
[FAILED] xmlbeans-2.3.0.pom - Vui long kiem tra settings.xml 
[FAILED] xmlbeans-2.6.0.pom - Vui long kiem tra settings.xml 
[FAILED] xmlbeans-3.1.0.pom - Vui long kiem tra settings.xml 
[FAILED] xmlbeans-5.0.3.pom - Vui long kiem tra settings.xml 
[FAILED] xmlbeans-5.1.1.pom - Vui long kiem tra settings.xml 
[FAILED] batik-1.17.pom - Vui long kiem tra settings.xml 
[FAILED] batik-anim-1.17.pom - Vui long kiem tra settings.xml 
[FAILED] batik-anim-1.7.pom - Vui long kiem tra settings.xml 
[FAILED] batik-awt-util-1.17.pom - Vui long kiem tra settings.xml 
[FAILED] batik-awt-util-1.7.pom - Vui long kiem tra settings.xml 
[FAILED] batik-bridge-1.17.pom - Vui long kiem tra settings.xml 
[FAILED] batik-bridge-1.7.pom - Vui long kiem tra settings.xml 
[FAILED] batik-constants-1.17.pom - Vui long kiem tra settings.xml 
[FAILED] batik-css-1.17.pom - Vui long kiem tra settings.xml 
[FAILED] batik-css-1.7.pom - Vui long kiem tra settings.xml 
[FAILED] batik-dom-1.17.pom - Vui long kiem tra settings.xml 
[FAILED] batik-dom-1.7.pom - Vui long kiem tra settings.xml 
[FAILED] batik-ext-1.17.pom - Vui long kiem tra settings.xml 
[FAILED] batik-ext-1.7.pom - Vui long kiem tra settings.xml 
[FAILED] batik-gvt-1.17.pom - Vui long kiem tra settings.xml 
[FAILED] batik-gvt-1.7.pom - Vui long kiem tra settings.xml 
[FAILED] batik-i18n-1.17.pom - Vui long kiem tra settings.xml 
[FAILED] batik-js-1.7.pom - Vui long kiem tra settings.xml 
[FAILED] batik-parser-1.17.pom - Vui long kiem tra settings.xml 
[FAILED] batik-parser-1.7.pom - Vui long kiem tra settings.xml 
[FAILED] batik-script-1.17.pom - Vui long kiem tra settings.xml 
[FAILED] batik-script-1.7.pom - Vui long kiem tra settings.xml 
[FAILED] batik-shared-resources-1.17.pom - Vui long kiem tra settings.xml 
[FAILED] batik-svg-dom-1.17.pom - Vui long kiem tra settings.xml 
[FAILED] batik-svg-dom-1.7.pom - Vui long kiem tra settings.xml 
[FAILED] batik-svggen-1.17.pom - Vui long kiem tra settings.xml 
[FAILED] batik-svggen-1.7.pom - Vui long kiem tra settings.xml 
[FAILED] batik-util-1.17.pom - Vui long kiem tra settings.xml 
[FAILED] batik-util-1.7.pom - Vui long kiem tra settings.xml 
[FAILED] batik-xml-1.17.pom - Vui long kiem tra settings.xml 
[FAILED] batik-xml-1.7.pom - Vui long kiem tra settings.xml 
[FAILED] xmlgraphics-commons-2.9.pom - Vui long kiem tra settings.xml 
[FAILED] bsh-2.0b6.pom - Vui long kiem tra settings.xml 
[FAILED] apiguardian-api-1.0.0.pom - Vui long kiem tra settings.xml 
[FAILED] apiguardian-api-1.1.0.pom - Vui long kiem tra settings.xml 
[FAILED] apiguardian-api-1.1.2.pom - Vui long kiem tra settings.xml 
[FAILED] asciidoctor-maven-plugin-2.2.1.pom - Vui long kiem tra settings.xml 
[FAILED] asciidoctorj-2.5.1.pom - Vui long kiem tra settings.xml 
[FAILED] asciidoctorj-api-2.5.1.pom - Vui long kiem tra settings.xml 
[FAILED] aspectjrt-1.9.2.pom - Vui long kiem tra settings.xml 
[FAILED] aspectjrt-1.9.21.pom - Vui long kiem tra settings.xml 
[FAILED] aspectjrt-1.9.22.1.pom - Vui long kiem tra settings.xml 
[FAILED] aspectjrt-1.9.6.pom - Vui long kiem tra settings.xml 
[FAILED] aspectjweaver-1.9.19.pom - Vui long kiem tra settings.xml 
[FAILED] aspectjweaver-1.9.2.pom - Vui long kiem tra settings.xml 
[FAILED] aspectjweaver-1.9.21.pom - Vui long kiem tra settings.xml 
[FAILED] aspectjweaver-1.9.22.pom - Vui long kiem tra settings.xml 
[FAILED] aspectjweaver-1.9.22.1.pom - Vui long kiem tra settings.xml 
[FAILED] aspectjweaver-1.9.24.pom - Vui long kiem tra settings.xml 
[FAILED] aspectjweaver-1.9.4.pom - Vui long kiem tra settings.xml 
[FAILED] aspectjweaver-1.9.6.pom - Vui long kiem tra settings.xml 
[FAILED] aspectjweaver-1.9.7.pom - Vui long kiem tra settings.xml 
[FAILED] assertj-bom-3.24.2.pom - Vui long kiem tra settings.xml 
[FAILED] assertj-bom-3.25.3.pom - Vui long kiem tra settings.xml 
[FAILED] assertj-bom-3.27.3.pom - Vui long kiem tra settings.xml 
[FAILED] assertj-build-3.24.2.pom - Vui long kiem tra settings.xml 
[FAILED] assertj-core-3.11.1.pom - Vui long kiem tra settings.xml 
[FAILED] assertj-core-3.13.2.pom - Vui long kiem tra settings.xml 
[FAILED] assertj-core-3.16.1.pom - Vui long kiem tra settings.xml 
[FAILED] assertj-core-3.17.2.pom - Vui long kiem tra settings.xml 
[FAILED] assertj-core-3.19.0.pom - Vui long kiem tra settings.xml 
[FAILED] assertj-core-3.21.0.pom - Vui long kiem tra settings.xml 
[FAILED] assertj-core-3.22.0.pom - Vui long kiem tra settings.xml 
[FAILED] assertj-core-3.23.1.pom - Vui long kiem tra settings.xml 
[FAILED] assertj-core-3.24.2.pom - Vui long kiem tra settings.xml 
[FAILED] assertj-core-3.25.3.pom - Vui long kiem tra settings.xml 
[FAILED] assertj-core-3.27.3.pom - Vui long kiem tra settings.xml 
[FAILED] assertj-parent-3.24.2.pom - Vui long kiem tra settings.xml 
[FAILED] assertj-parent-pom-2.2.1.pom - Vui long kiem tra settings.xml 
[FAILED] assertj-parent-pom-2.2.10.pom - Vui long kiem tra settings.xml 
[FAILED] assertj-parent-pom-2.2.13.pom - Vui long kiem tra settings.xml 
[FAILED] assertj-parent-pom-2.2.14.pom - Vui long kiem tra settings.xml 
[FAILED] assertj-parent-pom-2.2.17.pom - Vui long kiem tra settings.xml 
[FAILED] assertj-parent-pom-2.2.5.pom - Vui long kiem tra settings.xml 
[FAILED] assertj-parent-pom-2.2.7.pom - Vui long kiem tra settings.xml 
[FAILED] evo-inflector-1.2.2.pom - Vui long kiem tra settings.xml 
[FAILED] parent-1.14.pom - Vui long kiem tra settings.xml 
[FAILED] attoparser-2.0.5.RELEASE.pom - Vui long kiem tra settings.xml 
[FAILED] attoparser-2.0.6.RELEASE.pom - Vui long kiem tra settings.xml 
[FAILED] attoparser-2.0.7.RELEASE.pom - Vui long kiem tra settings.xml 
[FAILED] awaitility-4.2.0.pom - Vui long kiem tra settings.xml 
[FAILED] awaitility-4.2.1.pom - Vui long kiem tra settings.xml 
[FAILED] awaitility-4.2.2.pom - Vui long kiem tra settings.xml 
[FAILED] awaitility-parent-4.2.0.pom - Vui long kiem tra settings.xml 
[FAILED] awaitility-parent-4.2.1.pom - Vui long kiem tra settings.xml 
[FAILED] awaitility-parent-4.2.2.pom - Vui long kiem tra settings.xml 
[FAILED] beanshell-2.0b4.pom - Vui long kiem tra settings.xml 
[FAILED] bsh-2.0b4.pom - Vui long kiem tra settings.xml 
[FAILED] bcmail-jdk14-1.38.pom - Vui long kiem tra settings.xml 
[FAILED] bcpg-jdk15on-1.61.pom - Vui long kiem tra settings.xml 
[FAILED] bcpg-jdk15on-1.64.pom - Vui long kiem tra settings.xml 
[FAILED] bcpg-jdk15on-1.65.pom - Vui long kiem tra settings.xml 
[FAILED] bcpkix-jdk15on-1.60.pom - Vui long kiem tra settings.xml 
[FAILED] bcpkix-jdk15on-1.64.pom - Vui long kiem tra settings.xml 
[FAILED] bcpkix-jdk15on-1.70.pom - Vui long kiem tra settings.xml 
[FAILED] bcpkix-jdk18on-1.75.pom - Vui long kiem tra settings.xml 
[FAILED] bcprov-jdk14-1.38.pom - Vui long kiem tra settings.xml 
[FAILED] bcprov-jdk15on-1.60.pom - Vui long kiem tra settings.xml 
[FAILED] bcprov-jdk15on-1.61.pom - Vui long kiem tra settings.xml 
[FAILED] bcprov-jdk15on-1.64.pom - Vui long kiem tra settings.xml 
[FAILED] bcprov-jdk15on-1.65.pom - Vui long kiem tra settings.xml 
[FAILED] bcprov-jdk15on-1.70.pom - Vui long kiem tra settings.xml 
[FAILED] bcprov-jdk18on-1.75.pom - Vui long kiem tra settings.xml 
[FAILED] bcprov-jdk18on-1.77.pom - Vui long kiem tra settings.xml 
[FAILED] bcprov-jdk18on-1.78.pom - Vui long kiem tra settings.xml 
[FAILED] bctsp-jdk14-1.38.pom - Vui long kiem tra settings.xml 
[FAILED] bcutil-jdk15on-1.70.pom - Vui long kiem tra settings.xml 
[FAILED] bcutil-jdk18on-1.75.pom - Vui long kiem tra settings.xml 
[FAILED] tagsoup-1.2.1.pom - Vui long kiem tra settings.xml 
[FAILED] checker-compat-qual-2.0.0.pom - Vui long kiem tra settings.xml 
[FAILED] checker-compat-qual-2.5.2.pom - Vui long kiem tra settings.xml 
[FAILED] checker-compat-qual-2.5.5.pom - Vui long kiem tra settings.xml 
[FAILED] checker-qual-3.19.0.pom - Vui long kiem tra settings.xml 
[FAILED] checker-qual-3.31.0.pom - Vui long kiem tra settings.xml 
[FAILED] checker-qual-3.37.0.pom - Vui long kiem tra settings.xml 
[FAILED] checker-qual-3.41.0.pom - Vui long kiem tra settings.xml 
[FAILED] checker-qual-3.42.0.pom - Vui long kiem tra settings.xml 
[FAILED] checker-qual-3.5.0.pom - Vui long kiem tra settings.xml 
[FAILED] checker-qual-3.8.0.pom - Vui long kiem tra settings.xml 
[FAILED] castor-1.2.pom - Vui long kiem tra settings.xml 
[FAILED] codehaus-parent-3.pom - Vui long kiem tra settings.xml 
[FAILED] codehaus-parent-4.pom - Vui long kiem tra settings.xml 
[FAILED] gpars-1.2.1.pom - Vui long kiem tra settings.xml 
[FAILED] groovy-2.0.1.pom - Vui long kiem tra settings.xml 
[FAILED] groovy-2.4.12.pom - Vui long kiem tra settings.xml 
[FAILED] groovy-3.0.10.pom - Vui long kiem tra settings.xml 
[FAILED] groovy-3.0.19.pom - Vui long kiem tra settings.xml 
[FAILED] groovy-3.0.8.pom - Vui long kiem tra settings.xml 
[FAILED] groovy-3.0.9.pom - Vui long kiem tra settings.xml 
[FAILED] groovy-all-1.7.5.pom - Vui long kiem tra settings.xml 
[FAILED] groovy-all-1.7.6.pom - Vui long kiem tra settings.xml 
[FAILED] groovy-all-2.4.15.pom - Vui long kiem tra settings.xml 
[FAILED] groovy-all-2.4.16.pom - Vui long kiem tra settings.xml 
[FAILED] groovy-all-3.0.19.pom - Vui long kiem tra settings.xml 
[FAILED] groovy-all-3.0.9.pom - Vui long kiem tra settings.xml 
[FAILED] groovy-ant-2.5.14.pom - Vui long kiem tra settings.xml 
[FAILED] groovy-ant-3.0.9.pom - Vui long kiem tra settings.xml 
[FAILED] groovy-astbuilder-3.0.19.pom - Vui long kiem tra settings.xml 
[FAILED] groovy-astbuilder-3.0.9.pom - Vui long kiem tra settings.xml 
[FAILED] groovy-bom-2.5.14.pom - Vui long kiem tra settings.xml 
[FAILED] groovy-bom-3.0.10.pom - Vui long kiem tra settings.xml 
[FAILED] groovy-bom-3.0.11.pom - Vui long kiem tra settings.xml 
[FAILED] groovy-bom-3.0.13.pom - Vui long kiem tra settings.xml 
[FAILED] groovy-bom-3.0.14.pom - Vui long kiem tra settings.xml 
[FAILED] groovy-bom-3.0.15.pom - Vui long kiem tra settings.xml 
[FAILED] groovy-bom-3.0.16.pom - Vui long kiem tra settings.xml 
[FAILED] groovy-bom-3.0.17.pom - Vui long kiem tra settings.xml 
[FAILED] groovy-bom-3.0.19.pom - Vui long kiem tra settings.xml 
[FAILED] groovy-bom-3.0.21.pom - Vui long kiem tra settings.xml 
[FAILED] groovy-bom-3.0.8.pom - Vui long kiem tra settings.xml 
[FAILED] groovy-bom-3.0.9.pom - Vui long kiem tra settings.xml 
[FAILED] groovy-cli-picocli-2.5.14.pom - Vui long kiem tra settings.xml 
[FAILED] groovy-cli-picocli-3.0.9.pom - Vui long kiem tra settings.xml 
[FAILED] groovy-console-2.5.14.pom - Vui long kiem tra settings.xml 
[FAILED] groovy-console-3.0.9.pom - Vui long kiem tra settings.xml 
[FAILED] groovy-datetime-2.5.14.pom - Vui long kiem tra settings.xml 
[FAILED] groovy-datetime-3.0.9.pom - Vui long kiem tra settings.xml 
[FAILED] groovy-docgenerator-2.5.14.pom - Vui long kiem tra settings.xml 
[FAILED] groovy-docgenerator-3.0.9.pom - Vui long kiem tra settings.xml 
[FAILED] groovy-groovydoc-2.5.14.pom - Vui long kiem tra settings.xml 
[FAILED] groovy-groovydoc-3.0.9.pom - Vui long kiem tra settings.xml 
[FAILED] groovy-groovysh-2.5.14.pom - Vui long kiem tra settings.xml 
[FAILED] groovy-groovysh-3.0.9.pom - Vui long kiem tra settings.xml 
[FAILED] groovy-jmx-2.5.14.pom - Vui long kiem tra settings.xml 
[FAILED] groovy-jmx-3.0.9.pom - Vui long kiem tra settings.xml 
[FAILED] groovy-json-2.5.14.pom - Vui long kiem tra settings.xml 
[FAILED] groovy-json-3.0.9.pom - Vui long kiem tra settings.xml 
[FAILED] groovy-jsr223-2.5.14.pom - Vui long kiem tra settings.xml 
[FAILED] groovy-jsr223-3.0.9.pom - Vui long kiem tra settings.xml 
[FAILED] groovy-macro-2.5.14.pom - Vui long kiem tra settings.xml 
[FAILED] groovy-macro-3.0.9.pom - Vui long kiem tra settings.xml 
[FAILED] groovy-nio-2.5.14.pom - Vui long kiem tra settings.xml 
[FAILED] groovy-nio-3.0.9.pom - Vui long kiem tra settings.xml 
[FAILED] groovy-servlet-2.5.14.pom - Vui long kiem tra settings.xml 
[FAILED] groovy-servlet-3.0.9.pom - Vui long kiem tra settings.xml 
[FAILED] groovy-sql-2.5.14.pom - Vui long kiem tra settings.xml 
[FAILED] groovy-sql-3.0.9.pom - Vui long kiem tra settings.xml 
[FAILED] groovy-swing-2.5.14.pom - Vui long kiem tra settings.xml 
[FAILED] groovy-swing-3.0.9.pom - Vui long kiem tra settings.xml 
[FAILED] groovy-templates-2.5.14.pom - Vui long kiem tra settings.xml 
[FAILED] groovy-templates-3.0.9.pom - Vui long kiem tra settings.xml 
[FAILED] groovy-test-2.5.14.pom - Vui long kiem tra settings.xml 
[FAILED] groovy-test-3.0.9.pom - Vui long kiem tra settings.xml 
[FAILED] groovy-test-junit5-2.5.14.pom - Vui long kiem tra settings.xml 
[FAILED] groovy-test-junit5-3.0.9.pom - Vui long kiem tra settings.xml 
[FAILED] groovy-testng-2.5.14.pom - Vui long kiem tra settings.xml 
[FAILED] groovy-testng-3.0.9.pom - Vui long kiem tra settings.xml 
[FAILED] groovy-xml-2.5.14.pom - Vui long kiem tra settings.xml 
[FAILED] groovy-xml-3.0.9.pom - Vui long kiem tra settings.xml 
[FAILED] jackson-core-asl-1.9.11.pom - Vui long kiem tra settings.xml 
[FAILED] jackson-core-asl-1.9.2.pom - Vui long kiem tra settings.xml 
[FAILED] jackson-core-asl-1.9.4.pom - Vui long kiem tra settings.xml 
[FAILED] jackson-mapper-asl-1.9.11.pom - Vui long kiem tra settings.xml 
[FAILED] jackson-mapper-asl-1.9.2.pom - Vui long kiem tra settings.xml 
[FAILED] jackson-mapper-asl-1.9.4.pom - Vui long kiem tra settings.xml 
[FAILED] jettison-1.2.pom - Vui long kiem tra settings.xml 
[FAILED] jettison-1.3.5.pom - Vui long kiem tra settings.xml 
[FAILED] jettison-1.3.7.pom - Vui long kiem tra settings.xml 
[FAILED] jettison-1.4.0.pom - Vui long kiem tra settings.xml 
[FAILED] jettison-1.5.4.pom - Vui long kiem tra settings.xml 
[FAILED] jsr166y-1.7.0.pom - Vui long kiem tra settings.xml 
[FAILED] animal-sniffer-annotations-1.14.pom - Vui long kiem tra settings.xml 
[FAILED] animal-sniffer-annotations-1.17.pom - Vui long kiem tra settings.xml 
[FAILED] animal-sniffer-annotations-1.18.pom - Vui long kiem tra settings.xml 
[FAILED] animal-sniffer-parent-1.14.pom - Vui long kiem tra settings.xml 
[FAILED] animal-sniffer-parent-1.17.pom - Vui long kiem tra settings.xml 
[FAILED] animal-sniffer-parent-1.18.pom - Vui long kiem tra settings.xml 
[FAILED] build-helper-maven-plugin-3.1.0.pom - Vui long kiem tra settings.xml 
[FAILED] build-helper-maven-plugin-3.3.0.pom - Vui long kiem tra settings.xml 
[FAILED] build-helper-maven-plugin-3.4.0.pom - Vui long kiem tra settings.xml 
[FAILED] build-helper-maven-plugin-3.5.0.pom - Vui long kiem tra settings.xml 
[FAILED] exec-maven-plugin-1.6.0.pom - Vui long kiem tra settings.xml 
[FAILED] exec-maven-plugin-3.6.3.pom - Vui long kiem tra settings.xml 
[FAILED] flatten-maven-plugin-1.2.7.pom - Vui long kiem tra settings.xml 
[FAILED] mojo-parent-34.pom - Vui long kiem tra settings.xml 
[FAILED] mojo-parent-40.pom - Vui long kiem tra settings.xml 
[FAILED] mojo-parent-50.pom - Vui long kiem tra settings.xml 
[FAILED] mojo-parent-61.pom - Vui long kiem tra settings.xml 
[FAILED] mojo-parent-65.pom - Vui long kiem tra settings.xml 
[FAILED] mojo-parent-74.pom - Vui long kiem tra settings.xml 
[FAILED] mojo-parent-75.pom - Vui long kiem tra settings.xml 
[FAILED] mojo-parent-77.pom - Vui long kiem tra settings.xml 
[FAILED] mojo-parent-94.pom - Vui long kiem tra settings.xml 
[FAILED] versions-2.16.2.pom - Vui long kiem tra settings.xml 
[FAILED] versions-maven-plugin-2.16.2.pom - Vui long kiem tra settings.xml 
[FAILED] xml-maven-plugin-1.1.0.pom - Vui long kiem tra settings.xml 
[FAILED] plexus-1.0.10.pom - Vui long kiem tra settings.xml 
[FAILED] plexus-1.0.11.pom - Vui long kiem tra settings.xml 
[FAILED] plexus-1.0.12.pom - Vui long kiem tra settings.xml 
[FAILED] plexus-1.0.4.pom - Vui long kiem tra settings.xml 
[FAILED] plexus-1.0.8.pom - Vui long kiem tra settings.xml 
[FAILED] plexus-1.0.9.pom - Vui long kiem tra settings.xml 
[FAILED] plexus-10.pom - Vui long kiem tra settings.xml 
[FAILED] plexus-13.pom - Vui long kiem tra settings.xml 
[FAILED] plexus-14.pom - Vui long kiem tra settings.xml 
[FAILED] plexus-15.pom - Vui long kiem tra settings.xml 
[FAILED] plexus-16.pom - Vui long kiem tra settings.xml 
[FAILED] plexus-17.pom - Vui long kiem tra settings.xml 
[FAILED] plexus-18.pom - Vui long kiem tra settings.xml 
[FAILED] plexus-2.0.2.pom - Vui long kiem tra settings.xml 
[FAILED] plexus-2.0.3.pom - Vui long kiem tra settings.xml 
[FAILED] plexus-2.0.5.pom - Vui long kiem tra settings.xml 
[FAILED] plexus-2.0.6.pom - Vui long kiem tra settings.xml 
[FAILED] plexus-2.0.7.pom - Vui long kiem tra settings.xml 
[FAILED] plexus-20.pom - Vui long kiem tra settings.xml 
[FAILED] plexus-3.0.1.pom - Vui long kiem tra settings.xml 
[FAILED] plexus-3.1.pom - Vui long kiem tra settings.xml 
[FAILED] plexus-3.2.pom - Vui long kiem tra settings.xml 
[FAILED] plexus-3.3.pom - Vui long kiem tra settings.xml 
[FAILED] plexus-3.3.1.pom - Vui long kiem tra settings.xml 
[FAILED] plexus-3.3.2.pom - Vui long kiem tra settings.xml 
[FAILED] plexus-4.0.pom - Vui long kiem tra settings.xml 
[FAILED] plexus-5.0.pom - Vui long kiem tra settings.xml 
[FAILED] plexus-5.1.pom - Vui long kiem tra settings.xml 
[FAILED] plexus-6.1.pom - Vui long kiem tra settings.xml 
[FAILED] plexus-6.4.pom - Vui long kiem tra settings.xml 
[FAILED] plexus-6.5.pom - Vui long kiem tra settings.xml 
[FAILED] plexus-8.pom - Vui long kiem tra settings.xml 
[FAILED] plexus-archiver-1.0.pom - Vui long kiem tra settings.xml 
[FAILED] plexus-archiver-2.0.1.pom - Vui long kiem tra settings.xml 
[FAILED] plexus-archiver-2.1.pom - Vui long kiem tra settings.xml 
[FAILED] plexus-archiver-3.3.pom - Vui long kiem tra settings.xml 
[FAILED] plexus-archiver-3.4.pom - Vui long kiem tra settings.xml 
[FAILED] plexus-archiver-3.5.pom - Vui long kiem tra settings.xml 
[FAILED] plexus-archiver-3.6.0.pom - Vui long kiem tra settings.xml 
[FAILED] plexus-archiver-3.7.0.pom - Vui long kiem tra settings.xml 
[FAILED] plexus-archiver-4.1.0.pom - Vui long kiem tra settings.xml 
[FAILED] plexus-archiver-4.2.0.pom - Vui long kiem tra settings.xml 
[FAILED] plexus-archiver-4.2.1.pom - Vui long kiem tra settings.xml 
[FAILED] plexus-archiver-4.2.2.pom - Vui long kiem tra settings.xml 
[FAILED] plexus-archiver-4.2.3.pom - Vui long kiem tra settings.xml 
[FAILED] plexus-archiver-4.2.7.pom - Vui long kiem tra settings.xml 
[FAILED] plexus-archiver-4.4.0.pom - Vui long kiem tra settings.xml 
[FAILED] plexus-archiver-4.7.1.pom - Vui long kiem tra settings.xml 
[FAILED] plexus-archiver-4.8.0.pom - Vui long kiem tra settings.xml 
[FAILED] plexus-archiver-4.9.2.pom - Vui long kiem tra settings.xml 
[FAILED] plexus-classworlds-1.2-alpha-7.pom - Vui long kiem tra settings.xml 
[FAILED] plexus-classworlds-1.2-alpha-9.pom - Vui long kiem tra settings.xml 
[FAILED] plexus-classworlds-2.2.2.pom - Vui long kiem tra settings.xml 
[FAILED] plexus-classworlds-2.2.3.pom - Vui long kiem tra settings.xml 
[FAILED] plexus-classworlds-2.4.pom - Vui long kiem tra settings.xml 
[FAILED] plexus-classworlds-2.4.2.pom - Vui long kiem tra settings.xml 
[FAILED] plexus-classworlds-2.5.1.pom - Vui long kiem tra settings.xml 
[FAILED] plexus-classworlds-2.5.2.pom - Vui long kiem tra settings.xml 
[FAILED] plexus-classworlds-2.6.0.pom - Vui long kiem tra settings.xml 
[FAILED] plexus-compiler-2.11.1.pom - Vui long kiem tra settings.xml 
[FAILED] plexus-compiler-2.13.0.pom - Vui long kiem tra settings.xml 
[FAILED] plexus-compiler-2.15.0.pom - Vui long kiem tra settings.xml 
[FAILED] plexus-compiler-2.2.pom - Vui long kiem tra settings.xml 
[FAILED] plexus-compiler-2.7.pom - Vui long kiem tra settings.xml 
[FAILED] plexus-compiler-2.8.1.pom - Vui long kiem tra settings.xml 
[FAILED] plexus-compiler-2.8.4.pom - Vui long kiem tra settings.xml 
[FAILED] plexus-compiler-api-2.11.1.pom - Vui long kiem tra settings.xml 
[FAILED] plexus-compiler-api-2.13.0.pom - Vui long kiem tra settings.xml 
[FAILED] plexus-compiler-api-2.15.0.pom - Vui long kiem tra settings.xml 
[FAILED] plexus-compiler-api-2.2.pom - Vui long kiem tra settings.xml 
[FAILED] plexus-compiler-api-2.7.pom - Vui long kiem tra settings.xml 
[FAILED] plexus-compiler-api-2.8.1.pom - Vui long kiem tra settings.xml 
[FAILED] plexus-compiler-api-2.8.4.pom - Vui long kiem tra settings.xml 
[FAILED] plexus-compiler-javac-2.11.1.pom - Vui long kiem tra settings.xml 
[FAILED] plexus-compiler-javac-2.13.0.pom - Vui long kiem tra settings.xml 
[FAILED] plexus-compiler-javac-2.15.0.pom - Vui long kiem tra settings.xml 
[FAILED] plexus-compiler-javac-2.2.pom - Vui long kiem tra settings.xml 
[FAILED] plexus-compiler-javac-2.7.pom - Vui long kiem tra settings.xml 
[FAILED] plexus-compiler-javac-2.8.1.pom - Vui long kiem tra settings.xml 
[FAILED] plexus-compiler-javac-2.8.4.pom - Vui long kiem tra settings.xml 
[FAILED] plexus-compiler-manager-2.11.1.pom - Vui long kiem tra settings.xml 
[FAILED] plexus-compiler-manager-2.13.0.pom - Vui long kiem tra settings.xml 
[FAILED] plexus-compiler-manager-2.15.0.pom - Vui long kiem tra settings.xml 
[FAILED] plexus-compiler-manager-2.2.pom - Vui long kiem tra settings.xml 
[FAILED] plexus-compiler-manager-2.7.pom - Vui long kiem tra settings.xml 
[FAILED] plexus-compiler-manager-2.8.1.pom - Vui long kiem tra settings.xml 
[FAILED] plexus-compiler-manager-2.8.4.pom - Vui long kiem tra settings.xml 
[FAILED] plexus-compilers-2.11.1.pom - Vui long kiem tra settings.xml 
[FAILED] plexus-compilers-2.13.0.pom - Vui long kiem tra settings.xml 
[FAILED] plexus-compilers-2.15.0.pom - Vui long kiem tra settings.xml 
[FAILED] plexus-compilers-2.2.pom - Vui long kiem tra settings.xml 
[FAILED] plexus-compilers-2.7.pom - Vui long kiem tra settings.xml 
[FAILED] plexus-compilers-2.8.1.pom - Vui long kiem tra settings.xml 
[FAILED] plexus-compilers-2.8.4.pom - Vui long kiem tra settings.xml 
[FAILED] plexus-component-annotations-1.5.4.pom - Vui long kiem tra settings.xml 
[FAILED] plexus-component-annotations-1.5.5.pom - Vui long kiem tra settings.xml 
[FAILED] plexus-component-annotations-1.6.pom - Vui long kiem tra settings.xml 
[FAILED] plexus-component-annotations-1.7.1.pom - Vui long kiem tra settings.xml 
[FAILED] plexus-component-annotations-2.0.0.pom - Vui long kiem tra settings.xml 
[FAILED] plexus-component-annotations-2.1.0.pom - Vui long kiem tra settings.xml 
[FAILED] plexus-component-annotations-2.1.1.pom - Vui long kiem tra settings.xml 
[FAILED] plexus-components-1.1.12.pom - Vui long kiem tra settings.xml 
[FAILED] plexus-components-1.1.14.pom - Vui long kiem tra settings.xml 
[FAILED] plexus-components-1.1.15.pom - Vui long kiem tra settings.xml 
[FAILED] plexus-components-1.1.17.pom - Vui long kiem tra settings.xml 
[FAILED] plexus-components-1.1.18.pom - Vui long kiem tra settings.xml 
[FAILED] plexus-components-1.1.19.pom - Vui long kiem tra settings.xml 
[FAILED] plexus-components-1.1.7.pom - Vui long kiem tra settings.xml 
[FAILED] plexus-components-1.1.9.pom - Vui long kiem tra settings.xml 
[FAILED] plexus-components-1.3.pom - Vui long kiem tra settings.xml 
[FAILED] plexus-components-1.3.1.pom - Vui long kiem tra settings.xml 
[FAILED] plexus-components-10.0.pom - Vui long kiem tra settings.xml 
[FAILED] plexus-components-4.0.pom - Vui long kiem tra settings.xml 
[FAILED] plexus-components-6.5.pom - Vui long kiem tra settings.xml 
[FAILED] plexus-components-6.6.pom - Vui long kiem tra settings.xml 
[FAILED] plexus-container-default-1.0-alpha-20.pom - Vui long kiem tra settings.xml 
[FAILED] plexus-container-default-1.0-alpha-30.pom - Vui long kiem tra settings.xml 
[FAILED] plexus-container-default-1.0-alpha-8.pom - Vui long kiem tra settings.xml 
[FAILED] plexus-container-default-1.0-alpha-9.pom - Vui long kiem tra settings.xml 
[FAILED] plexus-container-default-1.0-alpha-9-stable-1.pom - Vui long kiem tra settings.xml 
[FAILED] plexus-container-default-1.5.5.pom - Vui long kiem tra settings.xml 
[FAILED] plexus-container-default-1.6.pom - Vui long kiem tra settings.xml 
[FAILED] plexus-container-default-1.7.1.pom - Vui long kiem tra settings.xml 
[FAILED] plexus-container-default-2.1.0.pom - Vui long kiem tra settings.xml 
[FAILED] plexus-containers-1.0-alpha-20.pom - Vui long kiem tra settings.xml 
[FAILED] plexus-containers-1.0-alpha-30.pom - Vui long kiem tra settings.xml 
[FAILED] plexus-containers-1.0.3.pom - Vui long kiem tra settings.xml 
[FAILED] plexus-containers-1.5.4.pom - Vui long kiem tra settings.xml 
[FAILED] plexus-containers-1.5.5.pom - Vui long kiem tra settings.xml 
[FAILED] plexus-containers-1.6.pom - Vui long kiem tra settings.xml 
[FAILED] plexus-containers-1.7.1.pom - Vui long kiem tra settings.xml 
[FAILED] plexus-containers-2.0.0.pom - Vui long kiem tra settings.xml 
[FAILED] plexus-containers-2.1.0.pom - Vui long kiem tra settings.xml 
[FAILED] plexus-containers-2.1.1.pom - Vui long kiem tra settings.xml 
[FAILED] plexus-digest-1.0.pom - Vui long kiem tra settings.xml 
[FAILED] plexus-i18n-1.0-beta-10.pom - Vui long kiem tra settings.xml 
[FAILED] plexus-i18n-1.0-beta-7.pom - Vui long kiem tra settings.xml 
[FAILED] plexus-interactivity-1.0-alpha-6.pom - Vui long kiem tra settings.xml 
[FAILED] plexus-interactivity-1.1.pom - Vui long kiem tra settings.xml 
[FAILED] plexus-interactivity-api-1.0-alpha-4.pom - Vui long kiem tra settings.xml 
[FAILED] plexus-interactivity-api-1.0-alpha-6.pom - Vui long kiem tra settings.xml 
[FAILED] plexus-interactivity-api-1.1.pom - Vui long kiem tra settings.xml 
[FAILED] plexus-interpolation-1.11.pom - Vui long kiem tra settings.xml 
[FAILED] plexus-interpolation-1.12.pom - Vui long kiem tra settings.xml 
[FAILED] plexus-interpolation-1.13.pom - Vui long kiem tra settings.xml 
[FAILED] plexus-interpolation-1.14.pom - Vui long kiem tra settings.xml 
[FAILED] plexus-interpolation-1.15.pom - Vui long kiem tra settings.xml 
[FAILED] plexus-interpolation-1.16.pom - Vui long kiem tra settings.xml 
[FAILED] plexus-interpolation-1.19.pom - Vui long kiem tra settings.xml 
[FAILED] plexus-interpolation-1.21.pom - Vui long kiem tra settings.xml 
[FAILED] plexus-interpolation-1.22.pom - Vui long kiem tra settings.xml 
[FAILED] plexus-interpolation-1.24.pom - Vui long kiem tra settings.xml 
[FAILED] plexus-interpolation-1.25.pom - Vui long kiem tra settings.xml 
[FAILED] plexus-interpolation-1.26.pom - Vui long kiem tra settings.xml 
[FAILED] plexus-interpolation-1.27.pom - Vui long kiem tra settings.xml 
[FAILED] plexus-io-1.0.pom - Vui long kiem tra settings.xml 
[FAILED] plexus-io-2.0.1.pom - Vui long kiem tra settings.xml 
[FAILED] plexus-io-2.0.2.pom - Vui long kiem tra settings.xml 
[FAILED] plexus-io-2.7.1.pom - Vui long kiem tra settings.xml 
[FAILED] plexus-io-3.0.0.pom - Vui long kiem tra settings.xml 
[FAILED] plexus-io-3.0.1.pom - Vui long kiem tra settings.xml 
[FAILED] plexus-io-3.1.0.pom - Vui long kiem tra settings.xml 
[FAILED] plexus-io-3.1.1.pom - Vui long kiem tra settings.xml 
[FAILED] plexus-io-3.2.0.pom - Vui long kiem tra settings.xml 
[FAILED] plexus-io-3.4.0.pom - Vui long kiem tra settings.xml 
[FAILED] plexus-io-3.4.1.pom - Vui long kiem tra settings.xml 
[FAILED] plexus-io-3.4.2.pom - Vui long kiem tra settings.xml 
[FAILED] plexus-java-0.9.10.pom - Vui long kiem tra settings.xml 
[FAILED] plexus-java-0.9.11.pom - Vui long kiem tra settings.xml 
[FAILED] plexus-java-0.9.8.pom - Vui long kiem tra settings.xml 
[FAILED] plexus-java-1.1.0.pom - Vui long kiem tra settings.xml 
[FAILED] plexus-java-1.1.1.pom - Vui long kiem tra settings.xml 
[FAILED] plexus-java-1.1.2.pom - Vui long kiem tra settings.xml 
[FAILED] plexus-java-1.2.0.pom - Vui long kiem tra settings.xml 
[FAILED] plexus-java-1.4.0.pom - Vui long kiem tra settings.xml 
[FAILED] plexus-languages-0.9.10.pom - Vui long kiem tra settings.xml 
[FAILED] plexus-languages-0.9.11.pom - Vui long kiem tra settings.xml 
[FAILED] plexus-languages-0.9.8.pom - Vui long kiem tra settings.xml 
[FAILED] plexus-languages-1.1.0.pom - Vui long kiem tra settings.xml 
[FAILED] plexus-languages-1.1.1.pom - Vui long kiem tra settings.xml 
[FAILED] plexus-languages-1.1.2.pom - Vui long kiem tra settings.xml 
[FAILED] plexus-languages-1.2.0.pom - Vui long kiem tra settings.xml 
[FAILED] plexus-languages-1.4.0.pom - Vui long kiem tra settings.xml 
[FAILED] plexus-utils-1.0.4.pom - Vui long kiem tra settings.xml 
[FAILED] plexus-utils-1.1.pom - Vui long kiem tra settings.xml 
[FAILED] plexus-utils-1.3.pom - Vui long kiem tra settings.xml 
[FAILED] plexus-utils-1.4.1.pom - Vui long kiem tra settings.xml 
[FAILED] plexus-utils-1.4.2.pom - Vui long kiem tra settings.xml 
[FAILED] plexus-utils-1.4.5.pom - Vui long kiem tra settings.xml 
[FAILED] plexus-utils-1.4.6.pom - Vui long kiem tra settings.xml 
[FAILED] plexus-utils-1.4.9.pom - Vui long kiem tra settings.xml 
[FAILED] plexus-utils-1.5.1.pom - Vui long kiem tra settings.xml 
[FAILED] plexus-utils-1.5.10.pom - Vui long kiem tra settings.xml 
[FAILED] plexus-utils-1.5.15.pom - Vui long kiem tra settings.xml 
[FAILED] plexus-utils-1.5.5.pom - Vui long kiem tra settings.xml 
[FAILED] plexus-utils-1.5.6.pom - Vui long kiem tra settings.xml 
[FAILED] plexus-utils-1.5.8.pom - Vui long kiem tra settings.xml 
[FAILED] plexus-utils-2.0.4.pom - Vui long kiem tra settings.xml 
[FAILED] plexus-utils-2.0.5.pom - Vui long kiem tra settings.xml 
[FAILED] plexus-utils-2.0.6.pom - Vui long kiem tra settings.xml 
[FAILED] plexus-utils-2.1.pom - Vui long kiem tra settings.xml 
[FAILED] plexus-utils-3.0.pom - Vui long kiem tra settings.xml 
[FAILED] plexus-utils-3.0.10.pom - Vui long kiem tra settings.xml 
[FAILED] plexus-utils-3.0.15.pom - Vui long kiem tra settings.xml 
[FAILED] plexus-utils-3.0.17.pom - Vui long kiem tra settings.xml 
[FAILED] plexus-utils-3.0.20.pom - Vui long kiem tra settings.xml 
[FAILED] plexus-utils-3.0.22.pom - Vui long kiem tra settings.xml 
[FAILED] plexus-utils-3.0.23.pom - Vui long kiem tra settings.xml 
[FAILED] plexus-utils-3.0.24.pom - Vui long kiem tra settings.xml 
[FAILED] plexus-utils-3.0.5.pom - Vui long kiem tra settings.xml 
[FAILED] plexus-utils-3.0.8.pom - Vui long kiem tra settings.xml 
[FAILED] plexus-utils-3.1.0.pom - Vui long kiem tra settings.xml 
[FAILED] plexus-utils-3.1.1.pom - Vui long kiem tra settings.xml 
[FAILED] plexus-utils-3.2.0.pom - Vui long kiem tra settings.xml 
[FAILED] plexus-utils-3.2.1.pom - Vui long kiem tra settings.xml 
[FAILED] plexus-utils-3.3.0.pom - Vui long kiem tra settings.xml 
[FAILED] plexus-utils-3.3.1.pom - Vui long kiem tra settings.xml 
[FAILED] plexus-utils-3.4.1.pom - Vui long kiem tra settings.xml 
[FAILED] plexus-utils-3.4.2.pom - Vui long kiem tra settings.xml 
[FAILED] plexus-utils-3.5.0.pom - Vui long kiem tra settings.xml 
[FAILED] plexus-utils-3.5.1.pom - Vui long kiem tra settings.xml 
[FAILED] plexus-utils-4.0.0.pom - Vui long kiem tra settings.xml 
[FAILED] plexus-utils-4.0.1.pom - Vui long kiem tra settings.xml 
[FAILED] plexus-utils-4.0.2.pom - Vui long kiem tra settings.xml 
[FAILED] plexus-velocity-1.1.7.pom - Vui long kiem tra settings.xml 
[FAILED] plexus-velocity-1.1.8.pom - Vui long kiem tra settings.xml 
[FAILED] plexus-velocity-1.2.pom - Vui long kiem tra settings.xml 
[FAILED] plexus-xml-3.0.0.pom - Vui long kiem tra settings.xml 
[FAILED] plexus-xml-3.0.1.pom - Vui long kiem tra settings.xml 
[FAILED] stax2-api-3.1.4.pom - Vui long kiem tra settings.xml 
[FAILED] stax2-api-4.2.1.pom - Vui long kiem tra settings.xml 
[FAILED] stax2-api-4.2.2.pom - Vui long kiem tra settings.xml 
[FAILED] woodstox-core-asl-4.4.1.pom - Vui long kiem tra settings.xml 
[FAILED] conscrypt-openjdk-uber-2.2.1.pom - Vui long kiem tra settings.xml 
[FAILED] cyclonedx-maven-plugin-2.8.0.pom - Vui long kiem tra settings.xml 
[FAILED] dom4j-2.1.1.pom - Vui long kiem tra settings.xml 
[FAILED] dom4j-2.1.3.pom - Vui long kiem tra settings.xml 
[FAILED] aether-0.9.0.M2.pom - Vui long kiem tra settings.xml 
[FAILED] aether-1.0.0.v20140518.pom - Vui long kiem tra settings.xml 
[FAILED] aether-1.0.2.v20150114.pom - Vui long kiem tra settings.xml 
[FAILED] aether-1.1.0.pom - Vui long kiem tra settings.xml 
[FAILED] aether-api-0.9.0.M2.pom - Vui long kiem tra settings.xml 
[FAILED] aether-api-1.0.0.v20140518.pom - Vui long kiem tra settings.xml 
[FAILED] aether-api-1.0.2.v20150114.pom - Vui long kiem tra settings.xml 
[FAILED] aether-impl-0.9.0.M2.pom - Vui long kiem tra settings.xml 
[FAILED] aether-impl-1.0.0.v20140518.pom - Vui long kiem tra settings.xml 
[FAILED] aether-impl-1.0.2.v20150114.pom - Vui long kiem tra settings.xml 
[FAILED] aether-spi-0.9.0.M2.pom - Vui long kiem tra settings.xml 
[FAILED] aether-spi-1.0.0.v20140518.pom - Vui long kiem tra settings.xml 
[FAILED] aether-spi-1.0.2.v20150114.pom - Vui long kiem tra settings.xml 
[FAILED] aether-util-0.9.0.M2.pom - Vui long kiem tra settings.xml 
[FAILED] aether-util-1.0.0.v20140518.pom - Vui long kiem tra settings.xml 
[FAILED] aether-util-1.0.2.v20150114.pom - Vui long kiem tra settings.xml 
[FAILED] aether-util-1.1.0.pom - Vui long kiem tra settings.xml 
[FAILED] all-1.0.0.pom - Vui long kiem tra settings.xml 
[FAILED] all-2.0.3.pom - Vui long kiem tra settings.xml 
[FAILED] angus-activation-2.0.0.pom - Vui long kiem tra settings.xml 
[FAILED] angus-activation-2.0.1.pom - Vui long kiem tra settings.xml 
[FAILED] angus-activation-2.0.2.pom - Vui long kiem tra settings.xml 
[FAILED] angus-activation-project-2.0.0.pom - Vui long kiem tra settings.xml 
[FAILED] angus-activation-project-2.0.1.pom - Vui long kiem tra settings.xml 
[FAILED] angus-activation-project-2.0.2.pom - Vui long kiem tra settings.xml 
[FAILED] jakarta.mail-1.0.0.pom - Vui long kiem tra settings.xml 
[FAILED] jakarta.mail-2.0.3.pom - Vui long kiem tra settings.xml 
[FAILED] project-1.0.2.pom - Vui long kiem tra settings.xml 
[FAILED] project-1.0.5.pom - Vui long kiem tra settings.xml 
[FAILED] project-1.0.6.pom - Vui long kiem tra settings.xml 
[FAILED] project-1.0.7.pom - Vui long kiem tra settings.xml 
[FAILED] project-1.0.8.pom - Vui long kiem tra settings.xml 
[FAILED] project-1.0.9.pom - Vui long kiem tra settings.xml 
[FAILED] ecj-3.18.0.pom - Vui long kiem tra settings.xml 
[FAILED] ecj-3.21.0.pom - Vui long kiem tra settings.xml 
[FAILED] jetty-ee10-bom-12.0.10.pom - Vui long kiem tra settings.xml 
[FAILED] jetty-ee10-bom-12.0.13.pom - Vui long kiem tra settings.xml 
[FAILED] jetty-ee10-bom-12.0.15.pom - Vui long kiem tra settings.xml 
[FAILED] jetty-ee10-bom-12.0.22.pom - Vui long kiem tra settings.xml 
[FAILED] jetty-ee10-bom-12.0.5.pom - Vui long kiem tra settings.xml 
[FAILED] jetty-ee10-bom-12.0.7.pom - Vui long kiem tra settings.xml 
[FAILED] jetty-ee10-bom-12.0.8.pom - Vui long kiem tra settings.xml 
[FAILED] jetty-ee10-bom-12.0.9.pom - Vui long kiem tra settings.xml 
[FAILED] jetty-bom-11.0.12.pom - Vui long kiem tra settings.xml 
[FAILED] jetty-bom-11.0.13.pom - Vui long kiem tra settings.xml 
[FAILED] jetty-bom-11.0.15.pom - Vui long kiem tra settings.xml 
[FAILED] jetty-bom-11.0.16.pom - Vui long kiem tra settings.xml 
[FAILED] jetty-bom-12.0.10.pom - Vui long kiem tra settings.xml 
[FAILED] jetty-bom-12.0.13.pom - Vui long kiem tra settings.xml 
[FAILED] jetty-bom-12.0.15.pom - Vui long kiem tra settings.xml 
[FAILED] jetty-bom-12.0.22.pom - Vui long kiem tra settings.xml 
[FAILED] jetty-bom-12.0.5.pom - Vui long kiem tra settings.xml 
[FAILED] jetty-bom-12.0.7.pom - Vui long kiem tra settings.xml 
[FAILED] jetty-bom-12.0.8.pom - Vui long kiem tra settings.xml 
[FAILED] jetty-bom-12.0.9.pom - Vui long kiem tra settings.xml 
[FAILED] jetty-bom-9.4.12.v20180830.pom - Vui long kiem tra settings.xml 
[FAILED] jetty-bom-9.4.14.v20181114.pom - Vui long kiem tra settings.xml 
[FAILED] jetty-bom-9.4.19.v20190610.pom - Vui long kiem tra settings.xml 
[FAILED] jetty-bom-9.4.25.v20191220.pom - Vui long kiem tra settings.xml 
[FAILED] jetty-bom-9.4.36.v20210114.pom - Vui long kiem tra settings.xml 
[FAILED] jetty-bom-9.4.39.v20210325.pom - Vui long kiem tra settings.xml 
[FAILED] jetty-bom-9.4.42.v20210604.pom - Vui long kiem tra settings.xml 
[FAILED] jetty-bom-9.4.43.v20210629.pom - Vui long kiem tra settings.xml 
[FAILED] jetty-bom-9.4.44.v20210927.pom - Vui long kiem tra settings.xml 
[FAILED] jetty-bom-9.4.46.v20220331.pom - Vui long kiem tra settings.xml 
[FAILED] jetty-bom-9.4.48.v20220622.pom - Vui long kiem tra settings.xml 
[FAILED] jetty-bom-9.4.49.v20220914.pom - Vui long kiem tra settings.xml 
[FAILED] jetty-bom-9.4.50.v20221201.pom - Vui long kiem tra settings.xml 
[FAILED] jetty-bom-9.4.51.v20230217.pom - Vui long kiem tra settings.xml 
[FAILED] jetty-bom-9.4.52.v20230823.pom - Vui long kiem tra settings.xml 
[FAILED] jetty-bom-9.4.53.v20231009.pom - Vui long kiem tra settings.xml 
[FAILED] jetty-bom-9.4.54.v20240208.pom - Vui long kiem tra settings.xml 
[FAILED] jetty-http-9.4.46.v20220331.pom - Vui long kiem tra settings.xml 
[FAILED] jetty-io-9.4.46.v20220331.pom - Vui long kiem tra settings.xml 
[FAILED] jetty-parent-14.pom - Vui long kiem tra settings.xml 
[FAILED] jetty-project-9.4.46.v20220331.pom - Vui long kiem tra settings.xml 
[FAILED] jetty-security-9.4.46.v20220331.pom - Vui long kiem tra settings.xml 
[FAILED] jetty-server-9.4.46.v20220331.pom - Vui long kiem tra settings.xml 
[FAILED] jetty-servlet-9.4.46.v20220331.pom - Vui long kiem tra settings.xml 
[FAILED] jetty-util-9.4.46.v20220331.pom - Vui long kiem tra settings.xml 
[FAILED] jetty-util-ajax-9.4.46.v20220331.pom - Vui long kiem tra settings.xml 
[FAILED] jetty-webapp-9.4.46.v20220331.pom - Vui long kiem tra settings.xml 
[FAILED] jetty-xml-9.4.46.v20220331.pom - Vui long kiem tra settings.xml 
[FAILED] org.eclipse.jgit-5.1.3.201810200350-r.pom - Vui long kiem tra settings.xml 
[FAILED] org.eclipse.jgit-6.6.1.202309021850-r.pom - Vui long kiem tra settings.xml 
[FAILED] org.eclipse.jgit-parent-5.1.3.201810200350-r.pom - Vui long kiem tra settings.xml 
[FAILED] org.eclipse.jgit-parent-6.6.1.202309021850-r.pom - Vui long kiem tra settings.xml 
[FAILED] org.eclipse.jgit.http.apache-5.1.3.201810200350-r.pom - Vui long kiem tra settings.xml 
[FAILED] org.eclipse.jgit.http.apache-6.6.1.202309021850-r.pom - Vui long kiem tra settings.xml 
[FAILED] org.eclipse.jgit.ssh.apache-6.6.1.202309021850-r.pom - Vui long kiem tra settings.xml 
[FAILED] microprofile-config-api-2.0.pom - Vui long kiem tra settings.xml 
[FAILED] microprofile-config-parent-2.0.pom - Vui long kiem tra settings.xml 
[FAILED] org.eclipse.sisu.inject-0.0.0.M2a.pom - Vui long kiem tra settings.xml 
[FAILED] org.eclipse.sisu.inject-0.0.0.M5.pom - Vui long kiem tra settings.xml 
[FAILED] org.eclipse.sisu.inject-0.3.0.M1.pom - Vui long kiem tra settings.xml 
[FAILED] org.eclipse.sisu.inject-0.3.2.pom - Vui long kiem tra settings.xml 
[FAILED] org.eclipse.sisu.inject-0.3.3.pom - Vui long kiem tra settings.xml 
[FAILED] org.eclipse.sisu.inject-0.3.4.pom - Vui long kiem tra settings.xml 
[FAILED] org.eclipse.sisu.inject-0.3.5.pom - Vui long kiem tra settings.xml 
[FAILED] org.eclipse.sisu.inject-0.9.0.M2.pom - Vui long kiem tra settings.xml 
[FAILED] org.eclipse.sisu.plexus-0.0.0.M2a.pom - Vui long kiem tra settings.xml 
[FAILED] org.eclipse.sisu.plexus-0.0.0.M5.pom - Vui long kiem tra settings.xml 
[FAILED] org.eclipse.sisu.plexus-0.3.0.M1.pom - Vui long kiem tra settings.xml 
[FAILED] org.eclipse.sisu.plexus-0.3.2.pom - Vui long kiem tra settings.xml 
[FAILED] org.eclipse.sisu.plexus-0.3.3.pom - Vui long kiem tra settings.xml 
[FAILED] org.eclipse.sisu.plexus-0.3.4.pom - Vui long kiem tra settings.xml 
[FAILED] org.eclipse.sisu.plexus-0.3.5.pom - Vui long kiem tra settings.xml 
[FAILED] org.eclipse.sisu.plexus-0.9.0.M2.pom - Vui long kiem tra settings.xml 
[FAILED] sisu-inject-0.0.0.M2a.pom - Vui long kiem tra settings.xml 
[FAILED] sisu-inject-0.0.0.M5.pom - Vui long kiem tra settings.xml 
[FAILED] sisu-inject-0.3.0.M1.pom - Vui long kiem tra settings.xml 
[FAILED] sisu-inject-0.3.2.pom - Vui long kiem tra settings.xml 
[FAILED] sisu-inject-0.3.3.pom - Vui long kiem tra settings.xml 
[FAILED] sisu-inject-0.3.4.pom - Vui long kiem tra settings.xml 
[FAILED] sisu-inject-0.3.5.pom - Vui long kiem tra settings.xml 
[FAILED] sisu-inject-0.9.0.M2.pom - Vui long kiem tra settings.xml 
[FAILED] sisu-plexus-0.0.0.M2a.pom - Vui long kiem tra settings.xml 
[FAILED] sisu-plexus-0.0.0.M5.pom - Vui long kiem tra settings.xml 
[FAILED] sisu-plexus-0.3.0.M1.pom - Vui long kiem tra settings.xml 
[FAILED] sisu-plexus-0.3.2.pom - Vui long kiem tra settings.xml 
[FAILED] sisu-plexus-0.3.3.pom - Vui long kiem tra settings.xml 
[FAILED] sisu-plexus-0.3.4.pom - Vui long kiem tra settings.xml 
[FAILED] sisu-plexus-0.3.5.pom - Vui long kiem tra settings.xml 
[FAILED] sisu-plexus-0.9.0.M2.pom - Vui long kiem tra settings.xml 
[FAILED] flyway-maven-plugin-10.10.0.pom - Vui long kiem tra settings.xml 
[FAILED] flyway-maven-plugin-6.4.4.pom - Vui long kiem tra settings.xml 
[FAILED] flyway-maven-plugin-8.5.11.pom - Vui long kiem tra settings.xml 
[FAILED] flyway-maven-plugin-8.5.13.pom - Vui long kiem tra settings.xml 
[FAILED] flyway-maven-plugin-9.22.3.pom - Vui long kiem tra settings.xml 
[FAILED] flyway-parent-10.10.0.pom - Vui long kiem tra settings.xml 
[FAILED] flyway-parent-6.4.4.pom - Vui long kiem tra settings.xml 
[FAILED] flyway-parent-8.5.11.pom - Vui long kiem tra settings.xml 
[FAILED] flyway-parent-8.5.13.pom - Vui long kiem tra settings.xml 
[FAILED] flyway-parent-9.22.3.pom - Vui long kiem tra settings.xml 
[FAILED] freemarker-2.3.28.pom - Vui long kiem tra settings.xml 
[FAILED] freemarker-2.3.31.pom - Vui long kiem tra settings.xml 
[FAILED] freemarker-2.3.32.pom - Vui long kiem tra settings.xml 
[FAILED] freemarker-2.3.33.pom - Vui long kiem tra settings.xml 
[FAILED] freemarker-2.3.34.pom - Vui long kiem tra settings.xml 
[FAILED] fusesource-pom-1.12.pom - Vui long kiem tra settings.xml 
[FAILED] fusesource-pom-1.9.pom - Vui long kiem tra settings.xml 
[FAILED] hawtbuf-1.9.pom - Vui long kiem tra settings.xml 
[FAILED] hawtbuf-project-1.9.pom - Vui long kiem tra settings.xml 
[FAILED] hawtbuf-proto-1.9.pom - Vui long kiem tra settings.xml 
[FAILED] jansi-2.4.0.pom - Vui long kiem tra settings.xml 
[FAILED] grizzly-bom-2.3.25.pom - Vui long kiem tra settings.xml 
[FAILED] grizzly-framework-2.3.25.pom - Vui long kiem tra settings.xml 
[FAILED] grizzly-http-2.3.25.pom - Vui long kiem tra settings.xml 
[FAILED] grizzly-http-server-2.3.25.pom - Vui long kiem tra settings.xml 
[FAILED] grizzly-project-2.3.25.pom - Vui long kiem tra settings.xml 
[FAILED] external-3.0.6.pom - Vui long kiem tra settings.xml 
[FAILED] aopalliance-repackaged-3.0.6.pom - Vui long kiem tra settings.xml 
[FAILED] hk2-api-3.0.6.pom - Vui long kiem tra settings.xml 
[FAILED] hk2-api-3.1.0.pom - Vui long kiem tra settings.xml 
[FAILED] hk2-api-3.1.1.pom - Vui long kiem tra settings.xml 
[FAILED] hk2-locator-3.0.6.pom - Vui long kiem tra settings.xml 
[FAILED] hk2-parent-3.0.6.pom - Vui long kiem tra settings.xml 
[FAILED] hk2-parent-3.1.0.pom - Vui long kiem tra settings.xml 
[FAILED] hk2-parent-3.1.1.pom - Vui long kiem tra settings.xml 
[FAILED] hk2-utils-3.0.6.pom - Vui long kiem tra settings.xml 
[FAILED] osgi-resource-locator-1.0.3.pom - Vui long kiem tra settings.xml 
[FAILED] spring-bridge-3.1.0.pom - Vui long kiem tra settings.xml 
[FAILED] spring-bridge-3.1.1.pom - Vui long kiem tra settings.xml 
[FAILED] jakarta.el-3.0.3.pom - Vui long kiem tra settings.xml 
[FAILED] jakarta.el-3.0.4.pom - Vui long kiem tra settings.xml 
[FAILED] javax.el-3.0.0.pom - Vui long kiem tra settings.xml 
[FAILED] jaxb-bom-2.3.1.pom - Vui long kiem tra settings.xml 
[FAILED] jaxb-bom-2.3.3.pom - Vui long kiem tra settings.xml 
[FAILED] jaxb-bom-2.3.4.pom - Vui long kiem tra settings.xml 
[FAILED] jaxb-bom-2.3.5.pom - Vui long kiem tra settings.xml 
[FAILED] jaxb-bom-2.3.6.pom - Vui long kiem tra settings.xml 
[FAILED] jaxb-bom-2.3.7.pom - Vui long kiem tra settings.xml 
[FAILED] jaxb-bom-2.3.8.pom - Vui long kiem tra settings.xml 
[FAILED] jaxb-bom-2.3.9.pom - Vui long kiem tra settings.xml 
[FAILED] jaxb-bom-4.0.1.pom - Vui long kiem tra settings.xml 
[FAILED] jaxb-bom-4.0.2.pom - Vui long kiem tra settings.xml 
[FAILED] jaxb-bom-4.0.3.pom - Vui long kiem tra settings.xml 
[FAILED] jaxb-bom-4.0.4.pom - Vui long kiem tra settings.xml 
[FAILED] jaxb-bom-4.0.5.pom - Vui long kiem tra settings.xml 
[FAILED] jaxb-core-4.0.2.pom - Vui long kiem tra settings.xml 
[FAILED] jaxb-core-4.0.4.pom - Vui long kiem tra settings.xml 
[FAILED] jaxb-core-4.0.5.pom - Vui long kiem tra settings.xml 
[FAILED] jaxb-runtime-2.3.1.pom - Vui long kiem tra settings.xml 
[FAILED] jaxb-runtime-2.3.3.pom - Vui long kiem tra settings.xml 
[FAILED] jaxb-runtime-2.3.4.pom - Vui long kiem tra settings.xml 
[FAILED] jaxb-runtime-2.3.5.pom - Vui long kiem tra settings.xml 
[FAILED] jaxb-runtime-2.3.6.pom - Vui long kiem tra settings.xml 
[FAILED] jaxb-runtime-2.3.7.pom - Vui long kiem tra settings.xml 
[FAILED] jaxb-runtime-2.3.8.pom - Vui long kiem tra settings.xml 
[FAILED] jaxb-runtime-2.3.9.pom - Vui long kiem tra settings.xml 
[FAILED] jaxb-runtime-4.0.2.pom - Vui long kiem tra settings.xml 
[FAILED] jaxb-runtime-4.0.4.pom - Vui long kiem tra settings.xml 
[FAILED] jaxb-runtime-4.0.5.pom - Vui long kiem tra settings.xml 
[FAILED] txw2-2.3.1.pom - Vui long kiem tra settings.xml 
[FAILED] txw2-2.3.3.pom - Vui long kiem tra settings.xml 
[FAILED] txw2-2.3.4.pom - Vui long kiem tra settings.xml 
[FAILED] txw2-2.3.5.pom - Vui long kiem tra settings.xml 
[FAILED] txw2-2.3.6.pom - Vui long kiem tra settings.xml 
[FAILED] txw2-2.3.7.pom - Vui long kiem tra settings.xml 
[FAILED] txw2-2.3.8.pom - Vui long kiem tra settings.xml 
[FAILED] txw2-2.3.9.pom - Vui long kiem tra settings.xml 
[FAILED] txw2-4.0.2.pom - Vui long kiem tra settings.xml 
[FAILED] txw2-4.0.4.pom - Vui long kiem tra settings.xml 
[FAILED] txw2-4.0.5.pom - Vui long kiem tra settings.xml 
[FAILED] jersey-apache-connector-3.1.10.pom - Vui long kiem tra settings.xml 
[FAILED] jersey-apache-connector-3.1.6.pom - Vui long kiem tra settings.xml 
[FAILED] jersey-apache-connector-3.1.9.pom - Vui long kiem tra settings.xml 
[FAILED] project-3.1.10.pom - Vui long kiem tra settings.xml 
[FAILED] project-3.1.6.pom - Vui long kiem tra settings.xml 
[FAILED] project-3.1.9.pom - Vui long kiem tra settings.xml 
[FAILED] jersey-container-servlet-3.1.10.pom - Vui long kiem tra settings.xml 
[FAILED] jersey-container-servlet-3.1.6.pom - Vui long kiem tra settings.xml 
[FAILED] jersey-container-servlet-3.1.9.pom - Vui long kiem tra settings.xml 
[FAILED] jersey-container-servlet-core-3.1.10.pom - Vui long kiem tra settings.xml 
[FAILED] jersey-container-servlet-core-3.1.6.pom - Vui long kiem tra settings.xml 
[FAILED] jersey-container-servlet-core-3.1.9.pom - Vui long kiem tra settings.xml 
[FAILED] jersey-client-3.1.10.pom - Vui long kiem tra settings.xml 
[FAILED] jersey-client-3.1.6.pom - Vui long kiem tra settings.xml 
[FAILED] jersey-client-3.1.9.pom - Vui long kiem tra settings.xml 
[FAILED] jersey-common-3.1.10.pom - Vui long kiem tra settings.xml 
[FAILED] jersey-common-3.1.6.pom - Vui long kiem tra settings.xml 
[FAILED] jersey-common-3.1.9.pom - Vui long kiem tra settings.xml 
[FAILED] jersey-server-3.1.10.pom - Vui long kiem tra settings.xml 
[FAILED] jersey-server-3.1.6.pom - Vui long kiem tra settings.xml 
[FAILED] jersey-server-3.1.9.pom - Vui long kiem tra settings.xml 
[FAILED] jersey-hk2-3.1.10.pom - Vui long kiem tra settings.xml 
[FAILED] jersey-hk2-3.1.6.pom - Vui long kiem tra settings.xml 
[FAILED] jersey-hk2-3.1.9.pom - Vui long kiem tra settings.xml 
[FAILED] jersey-bom-2.27.pom - Vui long kiem tra settings.xml 
[FAILED] jersey-bom-2.29.1.pom - Vui long kiem tra settings.xml 
[FAILED] jersey-bom-2.30.1.pom - Vui long kiem tra settings.xml 
[FAILED] jersey-bom-2.32.pom - Vui long kiem tra settings.xml 
[FAILED] jersey-bom-2.33.pom - Vui long kiem tra settings.xml 
[FAILED] jersey-bom-2.35.pom - Vui long kiem tra settings.xml 
[FAILED] jersey-bom-3.1.0.pom - Vui long kiem tra settings.xml 
[FAILED] jersey-bom-3.1.1.pom - Vui long kiem tra settings.xml 
[FAILED] jersey-bom-3.1.10.pom - Vui long kiem tra settings.xml 
[FAILED] jersey-bom-3.1.3.pom - Vui long kiem tra settings.xml 
[FAILED] jersey-bom-3.1.5.pom - Vui long kiem tra settings.xml 
[FAILED] jersey-bom-3.1.6.pom - Vui long kiem tra settings.xml 
[FAILED] jersey-bom-3.1.7.pom - Vui long kiem tra settings.xml 
[FAILED] jersey-bom-3.1.8.pom - Vui long kiem tra settings.xml 
[FAILED] jersey-bom-3.1.9.pom - Vui long kiem tra settings.xml 
[FAILED] tyrus-client-1.13.1.pom - Vui long kiem tra settings.xml 
[FAILED] tyrus-container-grizzly-client-1.13.1.pom - Vui long kiem tra settings.xml 
[FAILED] tyrus-containers-project-1.13.1.pom - Vui long kiem tra settings.xml 
[FAILED] tyrus-core-1.13.1.pom - Vui long kiem tra settings.xml 
[FAILED] tyrus-project-1.13.1.pom - Vui long kiem tra settings.xml 
[FAILED] tyrus-spi-1.13.1.pom - Vui long kiem tra settings.xml 
[FAILED] native-maven-plugin-0.9.28.pom - Vui long kiem tra settings.xml 
[FAILED] hamcrest-2.1.pom - Vui long kiem tra settings.xml 
[FAILED] hamcrest-2.2.pom - Vui long kiem tra settings.xml 
[FAILED] hamcrest-3.0.pom - Vui long kiem tra settings.xml 
[FAILED] hamcrest-all-1.3.pom - Vui long kiem tra settings.xml 
[FAILED] hamcrest-core-1.1.pom - Vui long kiem tra settings.xml 
[FAILED] hamcrest-core-1.3.pom - Vui long kiem tra settings.xml 
[FAILED] hamcrest-core-2.2.pom - Vui long kiem tra settings.xml 
[FAILED] hamcrest-library-1.3.pom - Vui long kiem tra settings.xml 
[FAILED] hamcrest-parent-1.1.pom - Vui long kiem tra settings.xml 
[FAILED] hamcrest-parent-1.3.pom - Vui long kiem tra settings.xml 
[FAILED] HdrHistogram-2.1.11.pom - Vui long kiem tra settings.xml 
[FAILED] HdrHistogram-2.1.12.pom - Vui long kiem tra settings.xml 
[FAILED] HdrHistogram-2.1.9.pom - Vui long kiem tra settings.xml 
[FAILED] HdrHistogram-2.2.2.pom - Vui long kiem tra settings.xml 
[FAILED] hibernate-commons-annotations-5.0.4.Final.pom - Vui long kiem tra settings.xml 
[FAILED] hibernate-commons-annotations-5.1.2.Final.pom - Vui long kiem tra settings.xml 
[FAILED] hibernate-commons-annotations-6.0.6.Final.pom - Vui long kiem tra settings.xml 
[FAILED] hibernate-3.0.5.pom - Vui long kiem tra settings.xml 
[FAILED] hibernate-core-5.3.11.Final.pom - Vui long kiem tra settings.xml 
[FAILED] hibernate-core-5.3.7.Final.pom - Vui long kiem tra settings.xml 
[FAILED] hibernate-core-5.4.24.Final.pom - Vui long kiem tra settings.xml 
[FAILED] hibernate-core-5.4.28.Final.pom - Vui long kiem tra settings.xml 
[FAILED] hibernate-core-5.4.32.Final.pom - Vui long kiem tra settings.xml 
[FAILED] hibernate-core-5.6.14.Final.pom - Vui long kiem tra settings.xml 
[FAILED] hibernate-core-5.6.15.Final.pom - Vui long kiem tra settings.xml 
[FAILED] hibernate-core-5.6.3.Final.pom - Vui long kiem tra settings.xml 
[FAILED] hibernate-core-5.6.9.Final.pom - Vui long kiem tra settings.xml 
[FAILED] hibernate-jpamodelgen-5.4.32.Final.pom - Vui long kiem tra settings.xml 
[FAILED] hibernate-jpamodelgen-5.6.15.Final.pom - Vui long kiem tra settings.xml 
[FAILED] hibernate-jpamodelgen-5.6.9.Final.pom - Vui long kiem tra settings.xml 
[FAILED] hibernate-core-6.1.7.Final.pom - Vui long kiem tra settings.xml 
[FAILED] hibernate-core-6.4.1.Final.pom - Vui long kiem tra settings.xml 
[FAILED] hibernate-core-6.4.10.Final.pom - Vui long kiem tra settings.xml 
[FAILED] hibernate-core-6.4.4.Final.pom - Vui long kiem tra settings.xml 
[FAILED] hibernate-core-6.5.2.Final.pom - Vui long kiem tra settings.xml 
[FAILED] hibernate-jpamodelgen-6.4.10.Final.pom - Vui long kiem tra settings.xml 
[FAILED] hibernate-validator-6.0.13.Final.pom - Vui long kiem tra settings.xml 
[FAILED] hibernate-validator-6.0.14.Final.pom - Vui long kiem tra settings.xml 
[FAILED] hibernate-validator-6.0.17.Final.pom - Vui long kiem tra settings.xml 
[FAILED] hibernate-validator-6.0.2.Final.pom - Vui long kiem tra settings.xml 
[FAILED] hibernate-validator-6.1.7.Final.pom - Vui long kiem tra settings.xml 
[FAILED] hibernate-validator-6.2.0.Final.pom - Vui long kiem tra settings.xml 
[FAILED] hibernate-validator-6.2.3.Final.pom - Vui long kiem tra settings.xml 
[FAILED] hibernate-validator-6.2.5.Final.pom - Vui long kiem tra settings.xml 
[FAILED] hibernate-validator-8.0.0.Final.pom - Vui long kiem tra settings.xml 
[FAILED] hibernate-validator-8.0.1.Final.pom - Vui long kiem tra settings.xml 
[FAILED] hibernate-validator-8.0.2.Final.pom - Vui long kiem tra settings.xml 
[FAILED] hibernate-validator-parent-6.0.13.Final.pom - Vui long kiem tra settings.xml 
[FAILED] hibernate-validator-parent-6.0.14.Final.pom - Vui long kiem tra settings.xml 
[FAILED] hibernate-validator-parent-6.0.17.Final.pom - Vui long kiem tra settings.xml 
[FAILED] hibernate-validator-parent-6.0.2.Final.pom - Vui long kiem tra settings.xml 
[FAILED] hibernate-validator-parent-6.1.7.Final.pom - Vui long kiem tra settings.xml 
[FAILED] hibernate-validator-parent-6.2.0.Final.pom - Vui long kiem tra settings.xml 
[FAILED] hibernate-validator-parent-6.2.3.Final.pom - Vui long kiem tra settings.xml 
[FAILED] hibernate-validator-parent-6.2.5.Final.pom - Vui long kiem tra settings.xml 
[FAILED] hibernate-validator-parent-8.0.0.Final.pom - Vui long kiem tra settings.xml 
[FAILED] hibernate-validator-parent-8.0.1.Final.pom - Vui long kiem tra settings.xml 
[FAILED] hibernate-validator-parent-8.0.2.Final.pom - Vui long kiem tra settings.xml 
[FAILED] infinispan-bom-11.0.15.Final.pom - Vui long kiem tra settings.xml 
[FAILED] infinispan-bom-11.0.9.Final.pom - Vui long kiem tra settings.xml 
[FAILED] infinispan-bom-12.1.10.Final.pom - Vui long kiem tra settings.xml 
[FAILED] infinispan-bom-12.1.4.Final.pom - Vui long kiem tra settings.xml 
[FAILED] infinispan-bom-12.1.7.Final.pom - Vui long kiem tra settings.xml 
[FAILED] infinispan-bom-13.0.10.Final.pom - Vui long kiem tra settings.xml 
[FAILED] infinispan-bom-13.0.12.Final.pom - Vui long kiem tra settings.xml 
[FAILED] infinispan-bom-13.0.15.Final.pom - Vui long kiem tra settings.xml 
[FAILED] infinispan-bom-13.0.18.Final.pom - Vui long kiem tra settings.xml 
[FAILED] infinispan-bom-13.0.20.Final.pom - Vui long kiem tra settings.xml 
[FAILED] infinispan-bom-14.0.14.Final.pom - Vui long kiem tra settings.xml 
[FAILED] infinispan-bom-14.0.17.Final.pom - Vui long kiem tra settings.xml 
[FAILED] infinispan-bom-14.0.2.Final.pom - Vui long kiem tra settings.xml 
[FAILED] infinispan-bom-14.0.21.Final.pom - Vui long kiem tra settings.xml 
[FAILED] infinispan-bom-14.0.27.Final.pom - Vui long kiem tra settings.xml 
[FAILED] infinispan-bom-14.0.29.Final.pom - Vui long kiem tra settings.xml 
[FAILED] infinispan-bom-14.0.31.Final.pom - Vui long kiem tra settings.xml 
[FAILED] infinispan-bom-14.0.33.Final.pom - Vui long kiem tra settings.xml 
[FAILED] infinispan-bom-14.0.6.Final.pom - Vui long kiem tra settings.xml 
[FAILED] infinispan-bom-15.0.15.Final.pom - Vui long kiem tra settings.xml 
[FAILED] infinispan-bom-15.0.4.Final.pom - Vui long kiem tra settings.xml 
[FAILED] infinispan-bom-15.0.5.Final.pom - Vui long kiem tra settings.xml 
[FAILED] infinispan-bom-15.0.8.Final.pom - Vui long kiem tra settings.xml 
[FAILED] infinispan-bom-15.2.4.Final.pom - Vui long kiem tra settings.xml 
[FAILED] infinispan-build-configuration-parent-11.0.15.Final.pom - Vui long kiem tra settings.xml 
[FAILED] infinispan-build-configuration-parent-11.0.9.Final.pom - Vui long kiem tra settings.xml 
[FAILED] infinispan-build-configuration-parent-12.1.10.Final.pom - Vui long kiem tra settings.xml 
[FAILED] infinispan-build-configuration-parent-12.1.4.Final.pom - Vui long kiem tra settings.xml 
[FAILED] infinispan-build-configuration-parent-12.1.7.Final.pom - Vui long kiem tra settings.xml 
[FAILED] infinispan-build-configuration-parent-13.0.10.Final.pom - Vui long kiem tra settings.xml 
[FAILED] infinispan-build-configuration-parent-13.0.12.Final.pom - Vui long kiem tra settings.xml 
[FAILED] infinispan-build-configuration-parent-13.0.15.Final.pom - Vui long kiem tra settings.xml 
[FAILED] infinispan-build-configuration-parent-13.0.18.Final.pom - Vui long kiem tra settings.xml 
[FAILED] infinispan-build-configuration-parent-13.0.20.Final.pom - Vui long kiem tra settings.xml 
[FAILED] infinispan-build-configuration-parent-14.0.14.Final.pom - Vui long kiem tra settings.xml 
[FAILED] infinispan-build-configuration-parent-14.0.17.Final.pom - Vui long kiem tra settings.xml 
[FAILED] infinispan-build-configuration-parent-14.0.2.Final.pom - Vui long kiem tra settings.xml 
[FAILED] infinispan-build-configuration-parent-14.0.21.Final.pom - Vui long kiem tra settings.xml 
[FAILED] infinispan-build-configuration-parent-14.0.27.Final.pom - Vui long kiem tra settings.xml 
[FAILED] infinispan-build-configuration-parent-14.0.29.Final.pom - Vui long kiem tra settings.xml 
[FAILED] infinispan-build-configuration-parent-14.0.31.Final.pom - Vui long kiem tra settings.xml 
[FAILED] infinispan-build-configuration-parent-14.0.33.Final.pom - Vui long kiem tra settings.xml 
[FAILED] infinispan-build-configuration-parent-14.0.6.Final.pom - Vui long kiem tra settings.xml 
[FAILED] infinispan-build-configuration-parent-15.0.15.Final.pom - Vui long kiem tra settings.xml 
[FAILED] infinispan-build-configuration-parent-15.0.4.Final.pom - Vui long kiem tra settings.xml 
[FAILED] infinispan-build-configuration-parent-15.0.5.Final.pom - Vui long kiem tra settings.xml 
[FAILED] infinispan-build-configuration-parent-15.0.8.Final.pom - Vui long kiem tra settings.xml 
[FAILED] infinispan-build-configuration-parent-15.2.4.Final.pom - Vui long kiem tra settings.xml 
[FAILED] snappy-0.4.pom - Vui long kiem tra settings.xml 
[FAILED] jacoco-maven-plugin-0.8.8.pom - Vui long kiem tra settings.xml 
[FAILED] org.jacoco.agent-0.8.8.pom - Vui long kiem tra settings.xml 
[FAILED] org.jacoco.build-0.8.8.pom - Vui long kiem tra settings.xml 
[FAILED] org.jacoco.core-0.8.8.pom - Vui long kiem tra settings.xml 
[FAILED] org.jacoco.report-0.8.8.pom - Vui long kiem tra settings.xml 
[FAILED] jasypt-1.9.3.pom - Vui long kiem tra settings.xml 
[FAILED] javassist-3.20.0-GA.pom - Vui long kiem tra settings.xml 
[FAILED] javassist-3.23.1-GA.pom - Vui long kiem tra settings.xml 
[FAILED] javassist-3.23.2-GA.pom - Vui long kiem tra settings.xml 
[FAILED] javassist-3.24.1-GA.pom - Vui long kiem tra settings.xml 
[FAILED] javassist-3.27.0-GA.pom - Vui long kiem tra settings.xml 
[FAILED] javassist-3.28.0-GA.pom - Vui long kiem tra settings.xml 
[FAILED] javassist-3.29.0-GA.pom - Vui long kiem tra settings.xml 
[FAILED] javassist-3.30.2-GA.pom - Vui long kiem tra settings.xml 
[FAILED] javatuples-1.2.pom - Vui long kiem tra settings.xml 
[FAILED] arquillian-bom-1.0.2.Final.pom - Vui long kiem tra settings.xml 
[FAILED] arquillian-bom-1.1.11.Final.pom - Vui long kiem tra settings.xml 
[FAILED] arquillian-bom-1.1.13.Final.pom - Vui long kiem tra settings.xml 
[FAILED] arquillian-bom-1.6.0.Final.pom - Vui long kiem tra settings.xml 
[FAILED] arquillian-bom-1.7.0.Alpha10.pom - Vui long kiem tra settings.xml 
[FAILED] jandex-2.0.5.Final.pom - Vui long kiem tra settings.xml 
[FAILED] jandex-2.1.3.Final.pom - Vui long kiem tra settings.xml 
[FAILED] jandex-2.2.3.Final.pom - Vui long kiem tra settings.xml 
[FAILED] jandex-2.4.2.Final.pom - Vui long kiem tra settings.xml 
[FAILED] jboss-parent-12.pom - Vui long kiem tra settings.xml 
[FAILED] jboss-parent-15.pom - Vui long kiem tra settings.xml 
[FAILED] jboss-parent-25.pom - Vui long kiem tra settings.xml 
[FAILED] jboss-parent-28.pom - Vui long kiem tra settings.xml 
[FAILED] jboss-parent-29.pom - Vui long kiem tra settings.xml 
[FAILED] jboss-parent-34.pom - Vui long kiem tra settings.xml 
[FAILED] jboss-parent-35.pom - Vui long kiem tra settings.xml 
[FAILED] jboss-parent-36.pom - Vui long kiem tra settings.xml 
[FAILED] jboss-parent-37.pom - Vui long kiem tra settings.xml 
[FAILED] jboss-parent-38.pom - Vui long kiem tra settings.xml 
[FAILED] jboss-parent-39.pom - Vui long kiem tra settings.xml 
[FAILED] jboss-parent-42.pom - Vui long kiem tra settings.xml 
[FAILED] jboss-parent-43.pom - Vui long kiem tra settings.xml 
[FAILED] jboss-parent-9.pom - Vui long kiem tra settings.xml 
[FAILED] jboss-logging-3.3.2.Final.pom - Vui long kiem tra settings.xml 
[FAILED] jboss-logging-3.3.3.Final.pom - Vui long kiem tra settings.xml 
[FAILED] jboss-logging-3.4.1.Final.pom - Vui long kiem tra settings.xml 
[FAILED] jboss-logging-3.4.2.Final.pom - Vui long kiem tra settings.xml 
[FAILED] jboss-logging-3.4.3.Final.pom - Vui long kiem tra settings.xml 
[FAILED] jboss-logging-3.5.0.Final.pom - Vui long kiem tra settings.xml 
[FAILED] jboss-logging-3.5.3.Final.pom - Vui long kiem tra settings.xml 
[FAILED] jboss-logging-3.6.1.Final.pom - Vui long kiem tra settings.xml 
[FAILED] logging-parent-1.0.1.Final.pom - Vui long kiem tra settings.xml 
[FAILED] logging-parent-1.0.3.Final.pom - Vui long kiem tra settings.xml 
[FAILED] netty-3.2.8.Final.pom - Vui long kiem tra settings.xml 
[FAILED] providers-pom-4.7.7.Final.pom - Vui long kiem tra settings.xml 
[FAILED] resteasy-client-4.7.7.Final.pom - Vui long kiem tra settings.xml 
[FAILED] resteasy-client-api-4.7.7.Final.pom - Vui long kiem tra settings.xml 
[FAILED] resteasy-core-4.7.7.Final.pom - Vui long kiem tra settings.xml 
[FAILED] resteasy-core-spi-4.7.7.Final.pom - Vui long kiem tra settings.xml 
[FAILED] resteasy-dependencies-4.7.7.Final.pom - Vui long kiem tra settings.xml 
[FAILED] resteasy-jackson2-provider-4.7.7.Final.pom - Vui long kiem tra settings.xml 
[FAILED] resteasy-jaxb-provider-4.7.7.Final.pom - Vui long kiem tra settings.xml 
[FAILED] resteasy-jaxrs-all-4.7.7.Final.pom - Vui long kiem tra settings.xml 
[FAILED] resteasy-multipart-provider-4.7.7.Final.pom - Vui long kiem tra settings.xml 
[FAILED] shrinkwrap-descriptors-bom-2.0.0.pom - Vui long kiem tra settings.xml 
[FAILED] shrinkwrap-descriptors-bom-2.0.0-alpha-10.pom - Vui long kiem tra settings.xml 
[FAILED] shrinkwrap-descriptors-bom-2.0.0-alpha-3.pom - Vui long kiem tra settings.xml 
[FAILED] shrinkwrap-descriptors-bom-2.0.0-alpha-8.pom - Vui long kiem tra settings.xml 
[FAILED] shrinkwrap-resolver-bom-1.0.0-beta-7.pom - Vui long kiem tra settings.xml 
[FAILED] shrinkwrap-resolver-bom-2.2.0.pom - Vui long kiem tra settings.xml 
[FAILED] shrinkwrap-resolver-bom-2.2.4.pom - Vui long kiem tra settings.xml 
[FAILED] shrinkwrap-resolver-bom-3.1.4.pom - Vui long kiem tra settings.xml 
[FAILED] shrinkwrap-bom-1.0.1.pom - Vui long kiem tra settings.xml 
[FAILED] shrinkwrap-bom-1.2.3.pom - Vui long kiem tra settings.xml 
[FAILED] shrinkwrap-bom-1.2.6.pom - Vui long kiem tra settings.xml 
[FAILED] jboss-annotations-api_1.3_spec-2.0.1.Final.pom - Vui long kiem tra settings.xml 
[FAILED] jboss-transaction-api_1.2_spec-1.1.1.Final.pom - Vui long kiem tra settings.xml 
[FAILED] jboss-jaxrs-api_2.1_spec-2.0.1.Final.pom - Vui long kiem tra settings.xml 
[FAILED] jboss-jaxb-api_2.3_spec-2.0.0.Final.pom - Vui long kiem tra settings.xml 
[FAILED] jboss-jaxb-api_2.3_spec-parent-2.0.0.Final.pom - Vui long kiem tra settings.xml 
[FAILED] weld-api-bom-1.0.pom - Vui long kiem tra settings.xml 
[FAILED] weld-api-parent-1.0.pom - Vui long kiem tra settings.xml 
[FAILED] weld-parent-26.pom - Vui long kiem tra settings.xml 
[FAILED] weld-parent-6.pom - Vui long kiem tra settings.xml 
[FAILED] jdom-1.1.pom - Vui long kiem tra settings.xml 
[FAILED] jdom2-2.0.6.pom - Vui long kiem tra settings.xml 
[FAILED] jdom2-2.0.6.1.pom - Vui long kiem tra settings.xml 
[FAILED] annotations-13.0.pom - Vui long kiem tra settings.xml 
[FAILED] annotations-17.0.0.pom - Vui long kiem tra settings.xml 
[FAILED] trove4j-1.0.20200330.pom - Vui long kiem tra settings.xml 
[FAILED] kotlin-bom-1.3.61.pom - Vui long kiem tra settings.xml 
[FAILED] kotlin-bom-1.3.72.pom - Vui long kiem tra settings.xml 
[FAILED] kotlin-bom-1.4.30.pom - Vui long kiem tra settings.xml 
[FAILED] kotlin-bom-1.5.10.pom - Vui long kiem tra settings.xml 
[FAILED] kotlin-bom-1.5.20.pom - Vui long kiem tra settings.xml 
[FAILED] kotlin-bom-1.5.31.pom - Vui long kiem tra settings.xml 
[FAILED] kotlin-bom-1.6.10.pom - Vui long kiem tra settings.xml 
[FAILED] kotlin-bom-1.6.20.pom - Vui long kiem tra settings.xml 
[FAILED] kotlin-bom-1.6.21.pom - Vui long kiem tra settings.xml 
[FAILED] kotlin-bom-1.7.21.pom - Vui long kiem tra settings.xml 
[FAILED] kotlin-bom-1.7.22.pom - Vui long kiem tra settings.xml 
[FAILED] kotlin-bom-1.8.22.pom - Vui long kiem tra settings.xml 
[FAILED] kotlin-bom-1.9.22.pom - Vui long kiem tra settings.xml 
[FAILED] kotlin-bom-1.9.23.pom - Vui long kiem tra settings.xml 
[FAILED] kotlin-bom-1.9.24.pom - Vui long kiem tra settings.xml 
[FAILED] kotlin-bom-1.9.25.pom - Vui long kiem tra settings.xml 
[FAILED] kotlin-compiler-1.2.71.pom - Vui long kiem tra settings.xml 
[FAILED] kotlin-compiler-1.6.21.pom - Vui long kiem tra settings.xml 
[FAILED] kotlin-compiler-1.7.22.pom - Vui long kiem tra settings.xml 
[FAILED] kotlin-maven-plugin-1.2.71.pom - Vui long kiem tra settings.xml 
[FAILED] kotlin-maven-plugin-1.3.72.pom - Vui long kiem tra settings.xml 
[FAILED] kotlin-maven-plugin-1.6.21.pom - Vui long kiem tra settings.xml 
[FAILED] kotlin-maven-plugin-1.7.22.pom - Vui long kiem tra settings.xml 
[FAILED] kotlin-maven-plugin-1.9.24.pom - Vui long kiem tra settings.xml 
[FAILED] kotlin-maven-plugin-1.9.25.pom - Vui long kiem tra settings.xml 
[FAILED] kotlin-project-1.2.71.pom - Vui long kiem tra settings.xml 
[FAILED] kotlin-project-1.3.72.pom - Vui long kiem tra settings.xml 
[FAILED] kotlin-project-1.6.21.pom - Vui long kiem tra settings.xml 
[FAILED] kotlin-project-1.7.22.pom - Vui long kiem tra settings.xml 
[FAILED] kotlin-project-1.9.24.pom - Vui long kiem tra settings.xml 
[FAILED] kotlin-project-1.9.25.pom - Vui long kiem tra settings.xml 
[FAILED] kotlin-reflect-1.2.71.pom - Vui long kiem tra settings.xml 
[FAILED] kotlin-reflect-1.6.21.pom - Vui long kiem tra settings.xml 
[FAILED] kotlin-reflect-1.7.22.pom - Vui long kiem tra settings.xml 
[FAILED] kotlin-script-runtime-1.2.71.pom - Vui long kiem tra settings.xml 
[FAILED] kotlin-script-runtime-1.6.21.pom - Vui long kiem tra settings.xml 
[FAILED] kotlin-script-runtime-1.7.22.pom - Vui long kiem tra settings.xml 
[FAILED] kotlin-scripting-common-1.2.71.pom - Vui long kiem tra settings.xml 
[FAILED] kotlin-scripting-common-1.6.21.pom - Vui long kiem tra settings.xml 
[FAILED] kotlin-scripting-common-1.7.22.pom - Vui long kiem tra settings.xml 
[FAILED] kotlin-scripting-compiler-1.2.71.pom - Vui long kiem tra settings.xml 
[FAILED] kotlin-scripting-compiler-1.6.21.pom - Vui long kiem tra settings.xml 
[FAILED] kotlin-scripting-compiler-1.7.22.pom - Vui long kiem tra settings.xml 
[FAILED] kotlin-scripting-compiler-impl-1.6.21.pom - Vui long kiem tra settings.xml 
[FAILED] kotlin-scripting-compiler-impl-1.7.22.pom - Vui long kiem tra settings.xml 
[FAILED] kotlin-scripting-jvm-1.2.71.pom - Vui long kiem tra settings.xml 
[FAILED] kotlin-scripting-jvm-1.6.21.pom - Vui long kiem tra settings.xml 
[FAILED] kotlin-scripting-jvm-1.7.22.pom - Vui long kiem tra settings.xml 
[FAILED] kotlin-scripting-misc-1.2.71.pom - Vui long kiem tra settings.xml 
[FAILED] kotlin-stdlib-1.2.71.pom - Vui long kiem tra settings.xml 
[FAILED] kotlin-stdlib-1.3.72.pom - Vui long kiem tra settings.xml 
[FAILED] kotlin-stdlib-1.4.0.pom - Vui long kiem tra settings.xml 
[FAILED] kotlin-stdlib-1.4.10.pom - Vui long kiem tra settings.xml 
[FAILED] kotlin-stdlib-1.6.21.pom - Vui long kiem tra settings.xml 
[FAILED] kotlin-stdlib-1.7.22.pom - Vui long kiem tra settings.xml 
[FAILED] kotlin-stdlib-1.8.21.pom - Vui long kiem tra settings.xml 
[FAILED] kotlin-stdlib-1.9.10.pom - Vui long kiem tra settings.xml 
[FAILED] kotlin-stdlib-1.9.25.pom - Vui long kiem tra settings.xml 
[FAILED] kotlin-stdlib-common-1.2.71.pom - Vui long kiem tra settings.xml 
[FAILED] kotlin-stdlib-common-1.3.72.pom - Vui long kiem tra settings.xml 
[FAILED] kotlin-stdlib-common-1.4.0.pom - Vui long kiem tra settings.xml 
[FAILED] kotlin-stdlib-common-1.4.10.pom - Vui long kiem tra settings.xml 
[FAILED] kotlin-stdlib-common-1.6.21.pom - Vui long kiem tra settings.xml 
[FAILED] kotlin-stdlib-common-1.7.22.pom - Vui long kiem tra settings.xml 
[FAILED] kotlin-stdlib-common-1.8.21.pom - Vui long kiem tra settings.xml 
[FAILED] kotlin-stdlib-common-1.9.10.pom - Vui long kiem tra settings.xml 
[FAILED] kotlin-stdlib-common-1.9.25.pom - Vui long kiem tra settings.xml 
[FAILED] kotlin-stdlib-jdk7-1.2.71.pom - Vui long kiem tra settings.xml 
[FAILED] kotlin-stdlib-jdk7-1.3.72.pom - Vui long kiem tra settings.xml 
[FAILED] kotlin-stdlib-jdk7-1.6.21.pom - Vui long kiem tra settings.xml 
[FAILED] kotlin-stdlib-jdk7-1.7.22.pom - Vui long kiem tra settings.xml 
[FAILED] kotlin-stdlib-jdk7-1.8.21.pom - Vui long kiem tra settings.xml 
[FAILED] kotlin-stdlib-jdk7-1.9.10.pom - Vui long kiem tra settings.xml 
[FAILED] kotlin-stdlib-jdk7-1.9.25.pom - Vui long kiem tra settings.xml 
[FAILED] kotlin-stdlib-jdk8-1.2.71.pom - Vui long kiem tra settings.xml 
[FAILED] kotlin-stdlib-jdk8-1.3.72.pom - Vui long kiem tra settings.xml 
[FAILED] kotlin-stdlib-jdk8-1.6.21.pom - Vui long kiem tra settings.xml 
[FAILED] kotlin-stdlib-jdk8-1.7.22.pom - Vui long kiem tra settings.xml 
[FAILED] kotlin-stdlib-jdk8-1.8.21.pom - Vui long kiem tra settings.xml 
[FAILED] kotlin-stdlib-jdk8-1.9.10.pom - Vui long kiem tra settings.xml 
[FAILED] kotlin-stdlib-jdk8-1.9.25.pom - Vui long kiem tra settings.xml 
[FAILED] kotlin-test-1.2.71.pom - Vui long kiem tra settings.xml 
[FAILED] kotlin-test-1.6.21.pom - Vui long kiem tra settings.xml 
[FAILED] kotlin-test-1.7.22.pom - Vui long kiem tra settings.xml 
[FAILED] kotlin-test-annotations-common-1.2.71.pom - Vui long kiem tra settings.xml 
[FAILED] kotlin-test-common-1.2.71.pom - Vui long kiem tra settings.xml 
[FAILED] kotlin-test-junit-1.2.71.pom - Vui long kiem tra settings.xml 
[FAILED] kotlin-test-junit-1.6.21.pom - Vui long kiem tra settings.xml 
[FAILED] kotlin-test-junit-1.7.22.pom - Vui long kiem tra settings.xml 
[FAILED] kotlinx-coroutines-bom-1.3.3.pom - Vui long kiem tra settings.xml 
[FAILED] kotlinx-coroutines-bom-1.3.8.pom - Vui long kiem tra settings.xml 
[FAILED] kotlinx-coroutines-bom-1.3.9.pom - Vui long kiem tra settings.xml 
[FAILED] kotlinx-coroutines-bom-1.4.2.pom - Vui long kiem tra settings.xml 
[FAILED] kotlinx-coroutines-bom-1.4.3.pom - Vui long kiem tra settings.xml 
[FAILED] kotlinx-coroutines-bom-1.5.0.pom - Vui long kiem tra settings.xml 
[FAILED] kotlinx-coroutines-bom-1.5.2.pom - Vui long kiem tra settings.xml 
[FAILED] kotlinx-coroutines-bom-1.6.1.pom - Vui long kiem tra settings.xml 
[FAILED] kotlinx-coroutines-bom-1.6.2.pom - Vui long kiem tra settings.xml 
[FAILED] kotlinx-coroutines-bom-1.6.3.pom - Vui long kiem tra settings.xml 
[FAILED] kotlinx-coroutines-bom-1.6.4.pom - Vui long kiem tra settings.xml 
[FAILED] kotlinx-coroutines-bom-1.7.3.pom - Vui long kiem tra settings.xml 
[FAILED] kotlinx-coroutines-bom-1.8.1.pom - Vui long kiem tra settings.xml 
[FAILED] kotlinx-coroutines-core-0.20.pom - Vui long kiem tra settings.xml 
[FAILED] kotlinx-serialization-bom-1.6.2.pom - Vui long kiem tra settings.xml 
[FAILED] kotlinx-serialization-bom-1.6.3.pom - Vui long kiem tra settings.xml 
[FAILED] jcommon-1.0.23.pom - Vui long kiem tra settings.xml 
[FAILED] jfreechart-1.0.19.pom - Vui long kiem tra settings.xml 
[FAILED] jline-3.3.1.pom - Vui long kiem tra settings.xml 
[FAILED] jline-3.9.0.pom - Vui long kiem tra settings.xml 
[FAILED] jline-parent-3.3.1.pom - Vui long kiem tra settings.xml 
[FAILED] jline-parent-3.9.0.pom - Vui long kiem tra settings.xml 
[FAILED] jooq-codegen-maven-3.13.6.pom - Vui long kiem tra settings.xml 
[FAILED] jooq-codegen-maven-3.14.15.pom - Vui long kiem tra settings.xml 
[FAILED] jooq-codegen-maven-3.14.16.pom - Vui long kiem tra settings.xml 
[FAILED] jooq-codegen-maven-3.18.22.pom - Vui long kiem tra settings.xml 
[FAILED] jooq-codegen-maven-3.19.10.pom - Vui long kiem tra settings.xml 
[FAILED] jooq-parent-3.13.6.pom - Vui long kiem tra settings.xml 
[FAILED] jooq-parent-3.14.15.pom - Vui long kiem tra settings.xml 
[FAILED] jooq-parent-3.14.16.pom - Vui long kiem tra settings.xml 
[FAILED] jooq-parent-3.18.22.pom - Vui long kiem tra settings.xml 
[FAILED] jooq-parent-3.19.10.pom - Vui long kiem tra settings.xml 
[FAILED] jpos-2.1.3.pom - Vui long kiem tra settings.xml 
[FAILED] dirgra-0.3.pom - Vui long kiem tra settings.xml 
[FAILED] jcodings-1.0.46.pom - Vui long kiem tra settings.xml 
[FAILED] joni-2.1.31.pom - Vui long kiem tra settings.xml 
[FAILED] jruby-9.2.17.0.pom - Vui long kiem tra settings.xml 
[FAILED] jruby-artifacts-9.2.17.0.pom - Vui long kiem tra settings.xml 
[FAILED] jruby-core-9.2.17.0.pom - Vui long kiem tra settings.xml 
[FAILED] jruby-parent-9.2.17.0.pom - Vui long kiem tra settings.xml 
[FAILED] jruby-stdlib-9.2.17.0.pom - Vui long kiem tra settings.xml 
[FAILED] json-20090211.pom - Vui long kiem tra settings.xml 
[FAILED] json-20230227.pom - Vui long kiem tra settings.xml 
[FAILED] json-20240303.pom - Vui long kiem tra settings.xml 
[FAILED] jsoup-1.10.2.pom - Vui long kiem tra settings.xml 
[FAILED] jsoup-1.15.3.pom - Vui long kiem tra settings.xml 
[FAILED] jsoup-1.8.3.pom - Vui long kiem tra settings.xml 
[FAILED] junit-bom-5.10.0.pom - Vui long kiem tra settings.xml 
[FAILED] junit-bom-5.10.1.pom - Vui long kiem tra settings.xml 
[FAILED] junit-bom-5.10.2.pom - Vui long kiem tra settings.xml 
[FAILED] junit-bom-5.10.3.pom - Vui long kiem tra settings.xml 
[FAILED] junit-bom-5.10.5.pom - Vui long kiem tra settings.xml 
[FAILED] junit-bom-5.11.0.pom - Vui long kiem tra settings.xml 
[FAILED] junit-bom-5.11.0-M2.pom - Vui long kiem tra settings.xml 
[FAILED] junit-bom-5.11.2.pom - Vui long kiem tra settings.xml 
[FAILED] junit-bom-5.11.4.pom - Vui long kiem tra settings.xml 
[FAILED] junit-bom-5.12.2.pom - Vui long kiem tra settings.xml 
[FAILED] junit-bom-5.13.1.pom - Vui long kiem tra settings.xml 
[FAILED] junit-bom-5.14.0.pom - Vui long kiem tra settings.xml 
[FAILED] junit-bom-5.14.1.pom - Vui long kiem tra settings.xml 
[FAILED] junit-bom-5.2.0.pom - Vui long kiem tra settings.xml 
[FAILED] junit-bom-5.3.2.pom - Vui long kiem tra settings.xml 
[FAILED] junit-bom-5.5.1.pom - Vui long kiem tra settings.xml 
[FAILED] junit-bom-5.5.2.pom - Vui long kiem tra settings.xml 
[FAILED] junit-bom-5.6.2.pom - Vui long kiem tra settings.xml 
[FAILED] junit-bom-5.6.3.pom - Vui long kiem tra settings.xml 
[FAILED] junit-bom-5.7.0.pom - Vui long kiem tra settings.xml 
[FAILED] junit-bom-5.7.1.pom - Vui long kiem tra settings.xml 
[FAILED] junit-bom-5.7.2.pom - Vui long kiem tra settings.xml 
[FAILED] junit-bom-5.8.0.pom - Vui long kiem tra settings.xml 
[FAILED] junit-bom-5.8.1.pom - Vui long kiem tra settings.xml 
[FAILED] junit-bom-5.8.2.pom - Vui long kiem tra settings.xml 
[FAILED] junit-bom-5.9.0.pom - Vui long kiem tra settings.xml 
[FAILED] junit-bom-5.9.1.pom - Vui long kiem tra settings.xml 
[FAILED] junit-bom-5.9.2.pom - Vui long kiem tra settings.xml 
[FAILED] junit-bom-5.9.3.pom - Vui long kiem tra settings.xml 
[FAILED] junit-jupiter-5.10.1.pom - Vui long kiem tra settings.xml 
[FAILED] junit-jupiter-5.10.2.pom - Vui long kiem tra settings.xml 
[FAILED] junit-jupiter-5.10.3.pom - Vui long kiem tra settings.xml 
[FAILED] junit-jupiter-5.10.5.pom - Vui long kiem tra settings.xml 
[FAILED] junit-jupiter-5.12.2.pom - Vui long kiem tra settings.xml 
[FAILED] junit-jupiter-5.6.3.pom - Vui long kiem tra settings.xml 
[FAILED] junit-jupiter-5.7.1.pom - Vui long kiem tra settings.xml 
[FAILED] junit-jupiter-5.7.2.pom - Vui long kiem tra settings.xml 
[FAILED] junit-jupiter-5.8.2.pom - Vui long kiem tra settings.xml 
[FAILED] junit-jupiter-5.9.2.pom - Vui long kiem tra settings.xml 
[FAILED] junit-jupiter-5.9.3.pom - Vui long kiem tra settings.xml 
[FAILED] junit-jupiter-api-5.10.0.pom - Vui long kiem tra settings.xml 
[FAILED] junit-jupiter-api-5.10.1.pom - Vui long kiem tra settings.xml 
[FAILED] junit-jupiter-api-5.10.2.pom - Vui long kiem tra settings.xml 
[FAILED] junit-jupiter-api-5.10.3.pom - Vui long kiem tra settings.xml 
[FAILED] junit-jupiter-api-5.10.5.pom - Vui long kiem tra settings.xml 
[FAILED] junit-jupiter-api-5.12.2.pom - Vui long kiem tra settings.xml 
[FAILED] junit-jupiter-api-5.4.2.pom - Vui long kiem tra settings.xml 
[FAILED] junit-jupiter-api-5.6.3.pom - Vui long kiem tra settings.xml 
[FAILED] junit-jupiter-api-5.7.1.pom - Vui long kiem tra settings.xml 
[FAILED] junit-jupiter-api-5.7.2.pom - Vui long kiem tra settings.xml 
[FAILED] junit-jupiter-api-5.8.2.pom - Vui long kiem tra settings.xml 
[FAILED] junit-jupiter-api-5.9.2.pom - Vui long kiem tra settings.xml 
[FAILED] junit-jupiter-api-5.9.3.pom - Vui long kiem tra settings.xml 
[FAILED] junit-jupiter-engine-5.10.1.pom - Vui long kiem tra settings.xml 
[FAILED] junit-jupiter-engine-5.10.2.pom - Vui long kiem tra settings.xml 
[FAILED] junit-jupiter-engine-5.10.3.pom - Vui long kiem tra settings.xml 
[FAILED] junit-jupiter-engine-5.10.5.pom - Vui long kiem tra settings.xml 
[FAILED] junit-jupiter-engine-5.12.2.pom - Vui long kiem tra settings.xml 
[FAILED] junit-jupiter-engine-5.6.3.pom - Vui long kiem tra settings.xml 
[FAILED] junit-jupiter-engine-5.7.1.pom - Vui long kiem tra settings.xml 
[FAILED] junit-jupiter-engine-5.7.2.pom - Vui long kiem tra settings.xml 
[FAILED] junit-jupiter-engine-5.8.2.pom - Vui long kiem tra settings.xml 
[FAILED] junit-jupiter-engine-5.9.2.pom - Vui long kiem tra settings.xml 
[FAILED] junit-jupiter-engine-5.9.3.pom - Vui long kiem tra settings.xml 
[FAILED] junit-jupiter-params-5.10.1.pom - Vui long kiem tra settings.xml 
[FAILED] junit-jupiter-params-5.10.2.pom - Vui long kiem tra settings.xml 
[FAILED] junit-jupiter-params-5.10.3.pom - Vui long kiem tra settings.xml 
[FAILED] junit-jupiter-params-5.10.5.pom - Vui long kiem tra settings.xml 
[FAILED] junit-jupiter-params-5.12.2.pom - Vui long kiem tra settings.xml 
[FAILED] junit-jupiter-params-5.6.3.pom - Vui long kiem tra settings.xml 
[FAILED] junit-jupiter-params-5.7.1.pom - Vui long kiem tra settings.xml 
[FAILED] junit-jupiter-params-5.7.2.pom - Vui long kiem tra settings.xml 
[FAILED] junit-jupiter-params-5.8.2.pom - Vui long kiem tra settings.xml 
[FAILED] junit-jupiter-params-5.9.2.pom - Vui long kiem tra settings.xml 
[FAILED] junit-jupiter-params-5.9.3.pom - Vui long kiem tra settings.xml 
[FAILED] junit-platform-commons-1.10.0.pom - Vui long kiem tra settings.xml 
[FAILED] junit-platform-commons-1.10.1.pom - Vui long kiem tra settings.xml 
[FAILED] junit-platform-commons-1.10.2.pom - Vui long kiem tra settings.xml 
[FAILED] junit-platform-commons-1.10.3.pom - Vui long kiem tra settings.xml 
[FAILED] junit-platform-commons-1.10.5.pom - Vui long kiem tra settings.xml 
[FAILED] junit-platform-commons-1.12.2.pom - Vui long kiem tra settings.xml 
[FAILED] junit-platform-commons-1.3.1.pom - Vui long kiem tra settings.xml 
[FAILED] junit-platform-commons-1.4.2.pom - Vui long kiem tra settings.xml 
[FAILED] junit-platform-commons-1.6.3.pom - Vui long kiem tra settings.xml 
[FAILED] junit-platform-commons-1.7.1.pom - Vui long kiem tra settings.xml 
[FAILED] junit-platform-commons-1.7.2.pom - Vui long kiem tra settings.xml 
[FAILED] junit-platform-commons-1.8.2.pom - Vui long kiem tra settings.xml 
[FAILED] junit-platform-commons-1.9.2.pom - Vui long kiem tra settings.xml 
[FAILED] junit-platform-commons-1.9.3.pom - Vui long kiem tra settings.xml 
[FAILED] junit-platform-engine-1.10.1.pom - Vui long kiem tra settings.xml 
[FAILED] junit-platform-engine-1.10.2.pom - Vui long kiem tra settings.xml 
[FAILED] junit-platform-engine-1.10.3.pom - Vui long kiem tra settings.xml 
[FAILED] junit-platform-engine-1.10.5.pom - Vui long kiem tra settings.xml 
[FAILED] junit-platform-engine-1.12.2.pom - Vui long kiem tra settings.xml 
[FAILED] junit-platform-engine-1.3.1.pom - Vui long kiem tra settings.xml 
[FAILED] junit-platform-engine-1.6.3.pom - Vui long kiem tra settings.xml 
[FAILED] junit-platform-engine-1.7.1.pom - Vui long kiem tra settings.xml 
[FAILED] junit-platform-engine-1.7.2.pom - Vui long kiem tra settings.xml 
[FAILED] junit-platform-engine-1.8.2.pom - Vui long kiem tra settings.xml 
[FAILED] junit-platform-engine-1.9.2.pom - Vui long kiem tra settings.xml 
[FAILED] junit-platform-engine-1.9.3.pom - Vui long kiem tra settings.xml 
[FAILED] junit-platform-launcher-1.10.2.pom - Vui long kiem tra settings.xml 
[FAILED] junit-platform-launcher-1.10.5.pom - Vui long kiem tra settings.xml 
[FAILED] junit-platform-launcher-1.3.1.pom - Vui long kiem tra settings.xml 
[FAILED] junit-platform-launcher-1.6.3.pom - Vui long kiem tra settings.xml 
[FAILED] junit-platform-launcher-1.7.2.pom - Vui long kiem tra settings.xml 
[FAILED] junit-platform-launcher-1.8.2.pom - Vui long kiem tra settings.xml 
[FAILED] junit-platform-launcher-1.9.3.pom - Vui long kiem tra settings.xml 
[FAILED] junit-vintage-engine-5.10.5.pom - Vui long kiem tra settings.xml 
[FAILED] junit-vintage-engine-5.6.3.pom - Vui long kiem tra settings.xml 
[FAILED] junit-vintage-engine-5.8.2.pom - Vui long kiem tra settings.xml 
[FAILED] stax-ex-1.8.pom - Vui long kiem tra settings.xml 
[FAILED] stax-ex-2.1.0.pom - Vui long kiem tra settings.xml 
[FAILED] jxls-2.12.0.pom - Vui long kiem tra settings.xml 
[FAILED] jxls-poi-2.12.0.pom - Vui long kiem tra settings.xml 
[FAILED] jxls-project-2.12.0.pom - Vui long kiem tra settings.xml 
[FAILED] keycloak-adapter-bom-21.1.1.pom - Vui long kiem tra settings.xml 
[FAILED] keycloak-adapter-bom-6.0.1.pom - Vui long kiem tra settings.xml 
[FAILED] keycloak-bom-parent-21.1.1.pom - Vui long kiem tra settings.xml 
[FAILED] keycloak-bom-parent-6.0.1.pom - Vui long kiem tra settings.xml 
[FAILED] keycloak-adapter-core-21.1.1.pom - Vui long kiem tra settings.xml 
[FAILED] keycloak-adapter-core-6.0.1.pom - Vui long kiem tra settings.xml 
[FAILED] keycloak-adapter-spi-21.1.1.pom - Vui long kiem tra settings.xml 
[FAILED] keycloak-adapter-spi-6.0.1.pom - Vui long kiem tra settings.xml 
[FAILED] keycloak-admin-client-21.0.1.pom - Vui long kiem tra settings.xml 
[FAILED] keycloak-admin-client-6.0.0.pom - Vui long kiem tra settings.xml 
[FAILED] keycloak-admin-client-6.0.1.pom - Vui long kiem tra settings.xml 
[FAILED] keycloak-authz-client-21.1.1.pom - Vui long kiem tra settings.xml 
[FAILED] keycloak-authz-client-6.0.1.pom - Vui long kiem tra settings.xml 
[FAILED] keycloak-authz-parent-21.1.1.pom - Vui long kiem tra settings.xml 
[FAILED] keycloak-authz-parent-6.0.1.pom - Vui long kiem tra settings.xml 
[FAILED] keycloak-common-21.0.1.pom - Vui long kiem tra settings.xml 
[FAILED] keycloak-common-21.1.1.pom - Vui long kiem tra settings.xml 
[FAILED] keycloak-common-6.0.1.pom - Vui long kiem tra settings.xml 
[FAILED] keycloak-core-21.1.1.pom - Vui long kiem tra settings.xml 
[FAILED] keycloak-core-6.0.1.pom - Vui long kiem tra settings.xml 
[FAILED] keycloak-crypto-default-21.1.1.pom - Vui long kiem tra settings.xml 
[FAILED] keycloak-crypto-parent-21.1.1.pom - Vui long kiem tra settings.xml 
[FAILED] keycloak-integration-parent-21.0.1.pom - Vui long kiem tra settings.xml 
[FAILED] keycloak-integration-parent-6.0.0.pom - Vui long kiem tra settings.xml 
[FAILED] keycloak-integration-parent-6.0.1.pom - Vui long kiem tra settings.xml 
[FAILED] keycloak-misc-parent-21.1.1.pom - Vui long kiem tra settings.xml 
[FAILED] keycloak-misc-parent-6.0.1.pom - Vui long kiem tra settings.xml 
[FAILED] keycloak-parent-21.0.1.pom - Vui long kiem tra settings.xml 
[FAILED] keycloak-parent-21.1.1.pom - Vui long kiem tra settings.xml 
[FAILED] keycloak-parent-6.0.0.pom - Vui long kiem tra settings.xml 
[FAILED] keycloak-parent-6.0.1.pom - Vui long kiem tra settings.xml 
[FAILED] keycloak-policy-enforcer-21.1.1.pom - Vui long kiem tra settings.xml 
[FAILED] keycloak-server-spi-21.1.1.pom - Vui long kiem tra settings.xml 
[FAILED] keycloak-server-spi-private-21.1.1.pom - Vui long kiem tra settings.xml 
[FAILED] keycloak-spring-boot-2-adapter-21.1.1.pom - Vui long kiem tra settings.xml 
[FAILED] keycloak-spring-boot-2-adapter-6.0.1.pom - Vui long kiem tra settings.xml 
[FAILED] keycloak-spring-boot-adapter-core-21.1.1.pom - Vui long kiem tra settings.xml 
[FAILED] keycloak-spring-boot-adapter-core-6.0.1.pom - Vui long kiem tra settings.xml 
[FAILED] keycloak-spring-boot-starter-21.1.1.pom - Vui long kiem tra settings.xml 
[FAILED] keycloak-spring-boot-starter-6.0.1.pom - Vui long kiem tra settings.xml 
[FAILED] keycloak-spring-boot-starter-parent-21.1.1.pom - Vui long kiem tra settings.xml 
[FAILED] keycloak-spring-boot-starter-parent-6.0.1.pom - Vui long kiem tra settings.xml 
[FAILED] keycloak-spring-security-adapter-21.1.1.pom - Vui long kiem tra settings.xml 
[FAILED] keycloak-spring-security-adapter-6.0.1.pom - Vui long kiem tra settings.xml 
[FAILED] spring-boot-container-bundle-21.1.1.pom - Vui long kiem tra settings.xml 
[FAILED] spring-boot-container-bundle-6.0.1.pom - Vui long kiem tra settings.xml 
[FAILED] groovy-sandbox-1.26-jaspersoft-2.pom - Vui long kiem tra settings.xml 
[FAILED] LatencyUtils-2.0.3.pom - Vui long kiem tra settings.xml 
[FAILED] liquibase-core-4.3.5.pom - Vui long kiem tra settings.xml 
[FAILED] liquibase-maven-plugin-4.24.0.pom - Vui long kiem tra settings.xml 
[FAILED] liquibase-maven-plugin-4.27.0.pom - Vui long kiem tra settings.xml 
[FAILED] liquibase-maven-plugin-4.9.1.pom - Vui long kiem tra settings.xml 
[FAILED] lz4-java-1.4.1.pom - Vui long kiem tra settings.xml 
[FAILED] lz4-java-1.7.1.pom - Vui long kiem tra settings.xml 
[FAILED] lz4-java-1.8.0.pom - Vui long kiem tra settings.xml 
[FAILED] mapstruct-1.2.0.Final.pom - Vui long kiem tra settings.xml 
[FAILED] mapstruct-1.3.1.Final.pom - Vui long kiem tra settings.xml 
[FAILED] mapstruct-1.5.3.Final.pom - Vui long kiem tra settings.xml 
[FAILED] mapstruct-parent-1.2.0.Final.pom - Vui long kiem tra settings.xml 
[FAILED] mapstruct-parent-1.3.1.Final.pom - Vui long kiem tra settings.xml 
[FAILED] mapstruct-parent-1.5.3.Final.pom - Vui long kiem tra settings.xml 
[FAILED] mapstruct-processor-1.3.1.Final.pom - Vui long kiem tra settings.xml 
[FAILED] mapstruct-processor-1.5.3.Final.pom - Vui long kiem tra settings.xml 
[FAILED] mockito-bom-4.11.0.pom - Vui long kiem tra settings.xml 
[FAILED] mockito-bom-4.5.1.pom - Vui long kiem tra settings.xml 
[FAILED] mockito-bom-4.8.1.pom - Vui long kiem tra settings.xml 
[FAILED] mockito-bom-5.11.0.pom - Vui long kiem tra settings.xml 
[FAILED] mockito-bom-5.17.0.pom - Vui long kiem tra settings.xml 
[FAILED] mockito-bom-5.3.1.pom - Vui long kiem tra settings.xml 
[FAILED] mockito-bom-5.7.0.pom - Vui long kiem tra settings.xml 
[FAILED] mockito-core-2.23.4.pom - Vui long kiem tra settings.xml 
[FAILED] mockito-core-3.3.3.pom - Vui long kiem tra settings.xml 
[FAILED] mockito-core-3.9.0.pom - Vui long kiem tra settings.xml 
[FAILED] mockito-core-4.0.0.pom - Vui long kiem tra settings.xml 
[FAILED] mockito-core-4.5.1.pom - Vui long kiem tra settings.xml 
[FAILED] mockito-core-4.8.1.pom - Vui long kiem tra settings.xml 
[FAILED] mockito-core-5.11.0.pom - Vui long kiem tra settings.xml 
[FAILED] mockito-core-5.17.0.pom - Vui long kiem tra settings.xml 
[FAILED] mockito-core-5.3.1.pom - Vui long kiem tra settings.xml 
[FAILED] mockito-core-5.7.0.pom - Vui long kiem tra settings.xml 
[FAILED] mockito-junit-jupiter-3.3.3.pom - Vui long kiem tra settings.xml 
[FAILED] mockito-junit-jupiter-3.9.0.pom - Vui long kiem tra settings.xml 
[FAILED] mockito-junit-jupiter-4.0.0.pom - Vui long kiem tra settings.xml 
[FAILED] mockito-junit-jupiter-4.5.1.pom - Vui long kiem tra settings.xml 
[FAILED] mockito-junit-jupiter-4.8.1.pom - Vui long kiem tra settings.xml 
[FAILED] mockito-junit-jupiter-5.11.0.pom - Vui long kiem tra settings.xml 
[FAILED] mockito-junit-jupiter-5.17.0.pom - Vui long kiem tra settings.xml 
[FAILED] mockito-junit-jupiter-5.3.1.pom - Vui long kiem tra settings.xml 
[FAILED] mockito-junit-jupiter-5.7.0.pom - Vui long kiem tra settings.xml 
[FAILED] modelmapper-3.0.0.pom - Vui long kiem tra settings.xml 
[FAILED] modelmapper-3.1.0.pom - Vui long kiem tra settings.xml 
[FAILED] modelmapper-3.1.1.pom - Vui long kiem tra settings.xml 
[FAILED] modelmapper-3.2.0.pom - Vui long kiem tra settings.xml 
[FAILED] modelmapper-parent-3.0.0.pom - Vui long kiem tra settings.xml 
[FAILED] modelmapper-parent-3.1.0.pom - Vui long kiem tra settings.xml 
[FAILED] modelmapper-parent-3.1.1.pom - Vui long kiem tra settings.xml 
[FAILED] modelmapper-parent-3.2.0.pom - Vui long kiem tra settings.xml 
[FAILED] mongodb-driver-bom-5.5.1.pom - Vui long kiem tra settings.xml 
[FAILED] jetty-6.1.25.pom - Vui long kiem tra settings.xml 
[FAILED] jetty-parent-10.pom - Vui long kiem tra settings.xml 
[FAILED] jetty-parent-7.pom - Vui long kiem tra settings.xml 
[FAILED] jetty-util-6.1.25.pom - Vui long kiem tra settings.xml 
[FAILED] project-6.1.25.pom - Vui long kiem tra settings.xml 
[FAILED] servlet-api-2.5-20081211.pom - Vui long kiem tra settings.xml 
[FAILED] rhino-1.7.14.pom - Vui long kiem tra settings.xml 
[FAILED] multiverse-0.7.0.pom - Vui long kiem tra settings.xml 
[FAILED] multiverse-core-0.7.0.pom - Vui long kiem tra settings.xml 
[FAILED] cvsclient-20060125.pom - Vui long kiem tra settings.xml 
[FAILED] autolink-0.6.0.pom - Vui long kiem tra settings.xml 
[FAILED] objenesis-2.6.pom - Vui long kiem tra settings.xml 
[FAILED] objenesis-3.2.pom - Vui long kiem tra settings.xml 
[FAILED] objenesis-3.3.pom - Vui long kiem tra settings.xml 
[FAILED] objenesis-parent-2.6.pom - Vui long kiem tra settings.xml 
[FAILED] objenesis-parent-3.2.pom - Vui long kiem tra settings.xml 
[FAILED] objenesis-parent-3.3.pom - Vui long kiem tra settings.xml 
[FAILED] olap4j-0.9.7.145.pom - Vui long kiem tra settings.xml 
[FAILED] olap4j-0.9.7.309-JS-3.pom - Vui long kiem tra settings.xml 
[FAILED] javafx-17.0.6.pom - Vui long kiem tra settings.xml 
[FAILED] javafx-base-17.0.6.pom - Vui long kiem tra settings.xml 
[FAILED] javafx-controls-17.0.6.pom - Vui long kiem tra settings.xml 
[FAILED] javafx-fxml-17.0.6.pom - Vui long kiem tra settings.xml 
[FAILED] javafx-graphics-17.0.6.pom - Vui long kiem tra settings.xml 
[FAILED] javafx-maven-plugin-0.0.8.pom - Vui long kiem tra settings.xml 
[FAILED] opentest4j-1.1.1.pom - Vui long kiem tra settings.xml 
[FAILED] opentest4j-1.2.0.pom - Vui long kiem tra settings.xml 
[FAILED] opentest4j-1.3.0.pom - Vui long kiem tra settings.xml 
[FAILED] org.osgi.core-6.0.0.pom - Vui long kiem tra settings.xml 
[FAILED] asm-4.0.pom - Vui long kiem tra settings.xml 
[FAILED] asm-4.1.pom - Vui long kiem tra settings.xml 
[FAILED] asm-5.0.4.pom - Vui long kiem tra settings.xml 
[FAILED] asm-6.0_ALPHA.pom - Vui long kiem tra settings.xml 
[FAILED] asm-6.1.1.pom - Vui long kiem tra settings.xml 
[FAILED] asm-6.2.pom - Vui long kiem tra settings.xml 
[FAILED] asm-7.0.pom - Vui long kiem tra settings.xml 
[FAILED] asm-7.0-beta.pom - Vui long kiem tra settings.xml 
[FAILED] asm-7.3.1.pom - Vui long kiem tra settings.xml 
[FAILED] asm-8.0.pom - Vui long kiem tra settings.xml 
[FAILED] asm-9.1.pom - Vui long kiem tra settings.xml 
[FAILED] asm-9.2.pom - Vui long kiem tra settings.xml 
[FAILED] asm-9.3.pom - Vui long kiem tra settings.xml 
[FAILED] asm-9.4.pom - Vui long kiem tra settings.xml 
[FAILED] asm-9.5.pom - Vui long kiem tra settings.xml 
[FAILED] asm-9.6.pom - Vui long kiem tra settings.xml 
[FAILED] asm-9.7.1.pom - Vui long kiem tra settings.xml 
[FAILED] asm-9.9.1.pom - Vui long kiem tra settings.xml 
[FAILED] asm-analysis-4.0.pom - Vui long kiem tra settings.xml 
[FAILED] asm-analysis-4.1.pom - Vui long kiem tra settings.xml 
[FAILED] asm-analysis-7.0.pom - Vui long kiem tra settings.xml 
[FAILED] asm-analysis-7.0-beta.pom - Vui long kiem tra settings.xml 
[FAILED] asm-analysis-8.0.pom - Vui long kiem tra settings.xml 
[FAILED] asm-analysis-9.2.pom - Vui long kiem tra settings.xml 
[FAILED] asm-bom-9.5.pom - Vui long kiem tra settings.xml 
[FAILED] asm-commons-4.0.pom - Vui long kiem tra settings.xml 
[FAILED] asm-commons-7.0.pom - Vui long kiem tra settings.xml 
[FAILED] asm-commons-7.0-beta.pom - Vui long kiem tra settings.xml 
[FAILED] asm-commons-8.0.pom - Vui long kiem tra settings.xml 
[FAILED] asm-commons-9.2.pom - Vui long kiem tra settings.xml 
[FAILED] asm-commons-9.5.pom - Vui long kiem tra settings.xml 
[FAILED] asm-commons-9.9.1.pom - Vui long kiem tra settings.xml 
[FAILED] asm-parent-4.0.pom - Vui long kiem tra settings.xml 
[FAILED] asm-parent-4.1.pom - Vui long kiem tra settings.xml 
[FAILED] asm-parent-5.0.4.pom - Vui long kiem tra settings.xml 
[FAILED] asm-parent-6.0_ALPHA.pom - Vui long kiem tra settings.xml 
[FAILED] asm-tree-4.0.pom - Vui long kiem tra settings.xml 
[FAILED] asm-tree-4.1.pom - Vui long kiem tra settings.xml 
[FAILED] asm-tree-7.0.pom - Vui long kiem tra settings.xml 
[FAILED] asm-tree-7.0-beta.pom - Vui long kiem tra settings.xml 
[FAILED] asm-tree-8.0.pom - Vui long kiem tra settings.xml 
[FAILED] asm-tree-9.2.pom - Vui long kiem tra settings.xml 
[FAILED] asm-tree-9.5.pom - Vui long kiem tra settings.xml 
[FAILED] asm-tree-9.9.1.pom - Vui long kiem tra settings.xml 
[FAILED] asm-util-4.0.pom - Vui long kiem tra settings.xml 
[FAILED] asm-util-4.1.pom - Vui long kiem tra settings.xml 
[FAILED] asm-util-7.0-beta.pom - Vui long kiem tra settings.xml 
[FAILED] asm-util-8.0.pom - Vui long kiem tra settings.xml 
[FAILED] ow2-1.3.pom - Vui long kiem tra settings.xml 
[FAILED] ow2-1.5.pom - Vui long kiem tra settings.xml 
[FAILED] ow2-1.5.1.pom - Vui long kiem tra settings.xml 
[FAILED] parboiled-core-1.1.4.pom - Vui long kiem tra settings.xml 
[FAILED] parboiled-java-1.1.4.pom - Vui long kiem tra settings.xml 
[FAILED] pegdown-1.2.1.pom - Vui long kiem tra settings.xml 
[FAILED] postgresql-42.2.24.pom - Vui long kiem tra settings.xml 
[FAILED] postgresql-42.3.5.pom - Vui long kiem tra settings.xml 
[FAILED] postgresql-42.3.8.pom - Vui long kiem tra settings.xml 
[FAILED] postgresql-42.6.2.pom - Vui long kiem tra settings.xml 
[FAILED] postgresql-42.7.3.pom - Vui long kiem tra settings.xml 
[FAILED] primefaces-extensions-11.0.2.pom - Vui long kiem tra settings.xml 
[FAILED] primefaces-extensions-parent-11.0.2.pom - Vui long kiem tra settings.xml 
[FAILED] primefaces-11.0.0.pom - Vui long kiem tra settings.xml 
[FAILED] primefaces-12.0.0.pom - Vui long kiem tra settings.xml 
[FAILED] primefaces-parent-11.0.0.pom - Vui long kiem tra settings.xml 
[FAILED] primefaces-parent-12.0.0.pom - Vui long kiem tra settings.xml 
[FAILED] ultima-theme-5.0.0.pom - Vui long kiem tra settings.xml 
[FAILED] lombok-1.18.12.pom - Vui long kiem tra settings.xml 
[FAILED] lombok-1.18.20.pom - Vui long kiem tra settings.xml 
[FAILED] lombok-1.18.22.pom - Vui long kiem tra settings.xml 
[FAILED] lombok-1.18.24.pom - Vui long kiem tra settings.xml 
[FAILED] lombok-1.18.26.pom - Vui long kiem tra settings.xml 
[FAILED] lombok-1.18.28.pom - Vui long kiem tra settings.xml 
[FAILED] lombok-1.18.30.pom - Vui long kiem tra settings.xml 
[FAILED] lombok-1.18.32.pom - Vui long kiem tra settings.xml 
[FAILED] lombok-1.18.34.pom - Vui long kiem tra settings.xml 
[FAILED] lombok-1.18.36.pom - Vui long kiem tra settings.xml 
[FAILED] lombok-1.18.38.pom - Vui long kiem tra settings.xml 
[FAILED] lombok-1.18.4.pom - Vui long kiem tra settings.xml 
[FAILED] lombok-1.18.8.pom - Vui long kiem tra settings.xml 
[FAILED] lombok-mapstruct-binding-0.2.0.pom - Vui long kiem tra settings.xml 
[FAILED] quartz-2.3.2.pom - Vui long kiem tra settings.xml 
[FAILED] quartz-parent-2.3.2.pom - Vui long kiem tra settings.xml 
[FAILED] maven-defaults-raisercostin-1.1.pom - Vui long kiem tra settings.xml 
[FAILED] reactive-streams-1.0.2.pom - Vui long kiem tra settings.xml 
[FAILED] reactive-streams-1.0.3.pom - Vui long kiem tra settings.xml 
[FAILED] reactive-streams-1.0.4.pom - Vui long kiem tra settings.xml 
[FAILED] reflections-0.10.2.pom - Vui long kiem tra settings.xml 
[FAILED] duct-tape-1.0.8.pom - Vui long kiem tra settings.xml 
[FAILED] rocksdbjni-5.18.3.pom - Vui long kiem tra settings.xml 
[FAILED] rocksdbjni-5.18.4.pom - Vui long kiem tra settings.xml 
[FAILED] rocksdbjni-7.9.2.pom - Vui long kiem tra settings.xml 
[FAILED] selenium-bom-4.14.1.pom - Vui long kiem tra settings.xml 
[FAILED] selenium-bom-4.19.1.pom - Vui long kiem tra settings.xml 
[FAILED] selenium-bom-4.31.0.pom - Vui long kiem tra settings.xml 
[FAILED] selenium-bom-4.8.3.pom - Vui long kiem tra settings.xml 
[FAILED] jsonassert-1.5.0.pom - Vui long kiem tra settings.xml 
[FAILED] jsonassert-1.5.1.pom - Vui long kiem tra settings.xml 
[FAILED] jsonassert-1.5.3.pom - Vui long kiem tra settings.xml 
[FAILED] jcl-over-slf4j-1.5.6.pom - Vui long kiem tra settings.xml 
[FAILED] jcl-over-slf4j-1.7.25.pom - Vui long kiem tra settings.xml 
[FAILED] jcl-over-slf4j-1.7.30.pom - Vui long kiem tra settings.xml 
[FAILED] jcl-over-slf4j-1.7.32.pom - Vui long kiem tra settings.xml 
[FAILED] jcl-over-slf4j-1.7.36.pom - Vui long kiem tra settings.xml 
[FAILED] jcl-over-slf4j-1.7.7.pom - Vui long kiem tra settings.xml 
[FAILED] jcl-over-slf4j-2.0.13.pom - Vui long kiem tra settings.xml 
[FAILED] jcl-over-slf4j-2.0.16.pom - Vui long kiem tra settings.xml 
[FAILED] jcl-over-slf4j-2.0.17.pom - Vui long kiem tra settings.xml 
[FAILED] jul-to-slf4j-1.7.25.pom - Vui long kiem tra settings.xml 
[FAILED] jul-to-slf4j-1.7.28.pom - Vui long kiem tra settings.xml 
[FAILED] jul-to-slf4j-1.7.30.pom - Vui long kiem tra settings.xml 
[FAILED] jul-to-slf4j-1.7.31.pom - Vui long kiem tra settings.xml 
[FAILED] jul-to-slf4j-1.7.32.pom - Vui long kiem tra settings.xml 
[FAILED] jul-to-slf4j-1.7.36.pom - Vui long kiem tra settings.xml 
[FAILED] jul-to-slf4j-2.0.11.pom - Vui long kiem tra settings.xml 
[FAILED] jul-to-slf4j-2.0.12.pom - Vui long kiem tra settings.xml 
[FAILED] jul-to-slf4j-2.0.13.pom - Vui long kiem tra settings.xml 
[FAILED] jul-to-slf4j-2.0.16.pom - Vui long kiem tra settings.xml 
[FAILED] jul-to-slf4j-2.0.17.pom - Vui long kiem tra settings.xml 
[FAILED] jul-to-slf4j-2.0.6.pom - Vui long kiem tra settings.xml 
[FAILED] jul-to-slf4j-2.0.7.pom - Vui long kiem tra settings.xml 
[FAILED] jul-to-slf4j-2.0.9.pom - Vui long kiem tra settings.xml 
[FAILED] slf4j-api-1.5.3.pom - Vui long kiem tra settings.xml 
[FAILED] slf4j-api-1.5.6.pom - Vui long kiem tra settings.xml 
[FAILED] slf4j-api-1.6.6.pom - Vui long kiem tra settings.xml 
[FAILED] slf4j-api-1.7.12.pom - Vui long kiem tra settings.xml 
[FAILED] slf4j-api-1.7.13.pom - Vui long kiem tra settings.xml 
[FAILED] slf4j-api-1.7.21.pom - Vui long kiem tra settings.xml 
[FAILED] slf4j-api-1.7.25.pom - Vui long kiem tra settings.xml 
[FAILED] slf4j-api-1.7.26.pom - Vui long kiem tra settings.xml 
[FAILED] slf4j-api-1.7.28.pom - Vui long kiem tra settings.xml 
[FAILED] slf4j-api-1.7.30.pom - Vui long kiem tra settings.xml 
[FAILED] slf4j-api-1.7.31.pom - Vui long kiem tra settings.xml 
[FAILED] slf4j-api-1.7.32.pom - Vui long kiem tra settings.xml 
[FAILED] slf4j-api-1.7.33.pom - Vui long kiem tra settings.xml 
[FAILED] slf4j-api-1.7.35.pom - Vui long kiem tra settings.xml 
[FAILED] slf4j-api-1.7.36.pom - Vui long kiem tra settings.xml 
[FAILED] slf4j-api-1.7.5.pom - Vui long kiem tra settings.xml 
[FAILED] slf4j-api-1.7.7.pom - Vui long kiem tra settings.xml 
[FAILED] slf4j-api-1.8.0-beta4.pom - Vui long kiem tra settings.xml 
[FAILED] slf4j-api-2.0.0-alpha1.pom - Vui long kiem tra settings.xml 
[FAILED] slf4j-api-2.0.11.pom - Vui long kiem tra settings.xml 
[FAILED] slf4j-api-2.0.12.pom - Vui long kiem tra settings.xml 
[FAILED] slf4j-api-2.0.13.pom - Vui long kiem tra settings.xml 
[FAILED] slf4j-api-2.0.16.pom - Vui long kiem tra settings.xml 
[FAILED] slf4j-api-2.0.17.pom - Vui long kiem tra settings.xml 
[FAILED] slf4j-api-2.0.2.pom - Vui long kiem tra settings.xml 
[FAILED] slf4j-api-2.0.4.pom - Vui long kiem tra settings.xml 
[FAILED] slf4j-api-2.0.6.pom - Vui long kiem tra settings.xml 
[FAILED] slf4j-api-2.0.7.pom - Vui long kiem tra settings.xml 
[FAILED] slf4j-api-2.0.9.pom - Vui long kiem tra settings.xml 
[FAILED] slf4j-bom-2.0.11.pom - Vui long kiem tra settings.xml 
[FAILED] slf4j-bom-2.0.12.pom - Vui long kiem tra settings.xml 
[FAILED] slf4j-bom-2.0.13.pom - Vui long kiem tra settings.xml 
[FAILED] slf4j-bom-2.0.16.pom - Vui long kiem tra settings.xml 
[FAILED] slf4j-bom-2.0.17.pom - Vui long kiem tra settings.xml 
[FAILED] slf4j-bom-2.0.9.pom - Vui long kiem tra settings.xml 
[FAILED] slf4j-jdk14-1.5.6.pom - Vui long kiem tra settings.xml 
[FAILED] slf4j-nop-1.5.3.pom - Vui long kiem tra settings.xml 
[FAILED] slf4j-parent-1.5.3.pom - Vui long kiem tra settings.xml 
[FAILED] slf4j-parent-1.5.6.pom - Vui long kiem tra settings.xml 
[FAILED] slf4j-parent-1.6.6.pom - Vui long kiem tra settings.xml 
[FAILED] slf4j-parent-1.7.12.pom - Vui long kiem tra settings.xml 
[FAILED] slf4j-parent-1.7.13.pom - Vui long kiem tra settings.xml 
[FAILED] slf4j-parent-1.7.21.pom - Vui long kiem tra settings.xml 
[FAILED] slf4j-parent-1.7.25.pom - Vui long kiem tra settings.xml 
[FAILED] slf4j-parent-1.7.26.pom - Vui long kiem tra settings.xml 
[FAILED] slf4j-parent-1.7.28.pom - Vui long kiem tra settings.xml 
[FAILED] slf4j-parent-1.7.30.pom - Vui long kiem tra settings.xml 
[FAILED] slf4j-parent-1.7.31.pom - Vui long kiem tra settings.xml 
[FAILED] slf4j-parent-1.7.32.pom - Vui long kiem tra settings.xml 
[FAILED] slf4j-parent-1.7.33.pom - Vui long kiem tra settings.xml 
[FAILED] slf4j-parent-1.7.35.pom - Vui long kiem tra settings.xml 
[FAILED] slf4j-parent-1.7.36.pom - Vui long kiem tra settings.xml 
[FAILED] slf4j-parent-1.7.5.pom - Vui long kiem tra settings.xml 
[FAILED] slf4j-parent-1.7.7.pom - Vui long kiem tra settings.xml 
[FAILED] slf4j-parent-1.8.0-beta4.pom - Vui long kiem tra settings.xml 
[FAILED] slf4j-parent-2.0.0-alpha1.pom - Vui long kiem tra settings.xml 
[FAILED] slf4j-parent-2.0.11.pom - Vui long kiem tra settings.xml 
[FAILED] slf4j-parent-2.0.12.pom - Vui long kiem tra settings.xml 
[FAILED] slf4j-parent-2.0.13.pom - Vui long kiem tra settings.xml 
[FAILED] slf4j-parent-2.0.16.pom - Vui long kiem tra settings.xml 
[FAILED] slf4j-parent-2.0.17.pom - Vui long kiem tra settings.xml 
[FAILED] slf4j-parent-2.0.2.pom - Vui long kiem tra settings.xml 
[FAILED] slf4j-parent-2.0.4.pom - Vui long kiem tra settings.xml 
[FAILED] slf4j-parent-2.0.6.pom - Vui long kiem tra settings.xml 
[FAILED] slf4j-parent-2.0.7.pom - Vui long kiem tra settings.xml 
[FAILED] slf4j-parent-2.0.9.pom - Vui long kiem tra settings.xml 
[FAILED] aether-1.13.1.pom - Vui long kiem tra settings.xml 
[FAILED] aether-api-1.13.1.pom - Vui long kiem tra settings.xml 
[FAILED] aether-api-1.7.pom - Vui long kiem tra settings.xml 
[FAILED] aether-impl-1.13.1.pom - Vui long kiem tra settings.xml 
[FAILED] aether-impl-1.7.pom - Vui long kiem tra settings.xml 
[FAILED] aether-parent-1.7.pom - Vui long kiem tra settings.xml 
[FAILED] aether-spi-1.13.1.pom - Vui long kiem tra settings.xml 
[FAILED] aether-spi-1.7.pom - Vui long kiem tra settings.xml 
[FAILED] aether-util-1.13.1.pom - Vui long kiem tra settings.xml 
[FAILED] aether-util-1.7.pom - Vui long kiem tra settings.xml 
[FAILED] buildsupport-5.pom - Vui long kiem tra settings.xml 
[FAILED] buildsupport-6.pom - Vui long kiem tra settings.xml 
[FAILED] public-parent-5.pom - Vui long kiem tra settings.xml 
[FAILED] public-parent-6.pom - Vui long kiem tra settings.xml 
[FAILED] forge-parent-10.pom - Vui long kiem tra settings.xml 
[FAILED] forge-parent-3.pom - Vui long kiem tra settings.xml 
[FAILED] forge-parent-38.pom - Vui long kiem tra settings.xml 
[FAILED] forge-parent-4.pom - Vui long kiem tra settings.xml 
[FAILED] forge-parent-5.pom - Vui long kiem tra settings.xml 
[FAILED] forge-parent-6.pom - Vui long kiem tra settings.xml 
[FAILED] forge-parent-7.pom - Vui long kiem tra settings.xml 
[FAILED] nexus-buildsupport-2.9.1-02.pom - Vui long kiem tra settings.xml 
[FAILED] nexus-buildsupport-all-2.9.1-02.pom - Vui long kiem tra settings.xml 
[FAILED] nexus-buildsupport-bouncycastle-2.9.1-02.pom - Vui long kiem tra settings.xml 
[FAILED] nexus-buildsupport-commons-2.9.1-02.pom - Vui long kiem tra settings.xml 
[FAILED] nexus-buildsupport-db-2.9.1-02.pom - Vui long kiem tra settings.xml 
[FAILED] nexus-buildsupport-goodies-2.9.1-02.pom - Vui long kiem tra settings.xml 
[FAILED] nexus-buildsupport-groovy-2.9.1-02.pom - Vui long kiem tra settings.xml 
[FAILED] nexus-buildsupport-guice-2.9.1-02.pom - Vui long kiem tra settings.xml 
[FAILED] nexus-buildsupport-httpclient-2.9.1-02.pom - Vui long kiem tra settings.xml 
[FAILED] nexus-buildsupport-jetty-2.9.1-02.pom - Vui long kiem tra settings.xml 
[FAILED] nexus-buildsupport-logging-2.9.1-02.pom - Vui long kiem tra settings.xml 
[FAILED] nexus-buildsupport-maven-2.9.1-02.pom - Vui long kiem tra settings.xml 
[FAILED] nexus-buildsupport-metrics-2.9.1-02.pom - Vui long kiem tra settings.xml 
[FAILED] nexus-buildsupport-osgi-2.9.1-02.pom - Vui long kiem tra settings.xml 
[FAILED] nexus-buildsupport-other-2.9.1-02.pom - Vui long kiem tra settings.xml 
[FAILED] nexus-buildsupport-plexus-2.9.1-02.pom - Vui long kiem tra settings.xml 
[FAILED] nexus-buildsupport-rest-2.9.1-02.pom - Vui long kiem tra settings.xml 
[FAILED] nexus-buildsupport-shiro-2.9.1-02.pom - Vui long kiem tra settings.xml 
[FAILED] nexus-buildsupport-testing-2.9.1-02.pom - Vui long kiem tra settings.xml 
[FAILED] nexus-common-1.6.7.pom - Vui long kiem tra settings.xml 
[FAILED] nexus-maven-plugins-1.6.7.pom - Vui long kiem tra settings.xml 
[FAILED] nexus-staging-1.6.7.pom - Vui long kiem tra settings.xml 
[FAILED] nexus-client-core-2.9.1-02.pom - Vui long kiem tra settings.xml 
[FAILED] nexus-components-2.9.1-02.pom - Vui long kiem tra settings.xml 
[FAILED] nexus-oss-2.9.1-02.pom - Vui long kiem tra settings.xml 
[FAILED] nexus-plugins-2.9.1-02.pom - Vui long kiem tra settings.xml 
[FAILED] nexus-plugins-restlet1x-2.9.1-02.pom - Vui long kiem tra settings.xml 
[FAILED] nexus-restlet1x-model-2.9.1-02.pom - Vui long kiem tra settings.xml 
[FAILED] oss-parent-5.pom - Vui long kiem tra settings.xml 
[FAILED] oss-parent-6.pom - Vui long kiem tra settings.xml 
[FAILED] oss-parent-7.pom - Vui long kiem tra settings.xml 
[FAILED] plexus-build-api-0.0.4.pom - Vui long kiem tra settings.xml 
[FAILED] plexus-build-api-0.0.7.pom - Vui long kiem tra settings.xml 
[FAILED] plexus-cipher-1.4.pom - Vui long kiem tra settings.xml 
[FAILED] plexus-cipher-1.7.pom - Vui long kiem tra settings.xml 
[FAILED] plexus-sec-dispatcher-1.3.pom - Vui long kiem tra settings.xml 
[FAILED] plexus-sec-dispatcher-1.4.pom - Vui long kiem tra settings.xml 
[FAILED] nexus-staging-maven-plugin-1.6.7.pom - Vui long kiem tra settings.xml 
[FAILED] containers-2.3.0.pom - Vui long kiem tra settings.xml 
[FAILED] guava-parent-0.9.9.pom - Vui long kiem tra settings.xml 
[FAILED] guice-bean-1.4.2.pom - Vui long kiem tra settings.xml 
[FAILED] guice-bean-2.1.1.pom - Vui long kiem tra settings.xml 
[FAILED] guice-bean-2.3.0.pom - Vui long kiem tra settings.xml 
[FAILED] guice-parent-2.9.4.pom - Vui long kiem tra settings.xml 
[FAILED] guice-parent-3.1.0.pom - Vui long kiem tra settings.xml 
[FAILED] guice-parent-3.2.3.pom - Vui long kiem tra settings.xml 
[FAILED] guice-plexus-1.4.2.pom - Vui long kiem tra settings.xml 
[FAILED] guice-plexus-2.1.1.pom - Vui long kiem tra settings.xml 
[FAILED] guice-plexus-2.3.0.pom - Vui long kiem tra settings.xml 
[FAILED] siesta-1.7.pom - Vui long kiem tra settings.xml 
[FAILED] siesta-client-1.7.pom - Vui long kiem tra settings.xml 
[FAILED] siesta-common-1.7.pom - Vui long kiem tra settings.xml 
[FAILED] siesta-jackson-1.7.pom - Vui long kiem tra settings.xml 
[FAILED] sisu-guava-0.9.9.pom - Vui long kiem tra settings.xml 
[FAILED] sisu-guice-2.1.7.pom - Vui long kiem tra settings.xml 
[FAILED] sisu-guice-2.9.4.pom - Vui long kiem tra settings.xml 
[FAILED] sisu-guice-3.1.0.pom - Vui long kiem tra settings.xml 
[FAILED] sisu-guice-3.2.3.pom - Vui long kiem tra settings.xml 
[FAILED] sisu-inject-1.4.2.pom - Vui long kiem tra settings.xml 
[FAILED] sisu-inject-2.1.1.pom - Vui long kiem tra settings.xml 
[FAILED] sisu-inject-2.3.0.pom - Vui long kiem tra settings.xml 
[FAILED] sisu-inject-bean-1.4.2.pom - Vui long kiem tra settings.xml 
[FAILED] sisu-inject-bean-2.1.1.pom - Vui long kiem tra settings.xml 
[FAILED] sisu-inject-bean-2.3.0.pom - Vui long kiem tra settings.xml 
[FAILED] sisu-inject-plexus-1.4.2.pom - Vui long kiem tra settings.xml 
[FAILED] sisu-inject-plexus-2.1.1.pom - Vui long kiem tra settings.xml 
[FAILED] sisu-inject-plexus-2.3.0.pom - Vui long kiem tra settings.xml 
[FAILED] sisu-parent-1.4.2.pom - Vui long kiem tra settings.xml 
[FAILED] sisu-parent-2.1.1.pom - Vui long kiem tra settings.xml 
[FAILED] sisu-parent-2.3.0.pom - Vui long kiem tra settings.xml 
[FAILED] spice-parent-10.pom - Vui long kiem tra settings.xml 
[FAILED] spice-parent-12.pom - Vui long kiem tra settings.xml 
[FAILED] spice-parent-15.pom - Vui long kiem tra settings.xml 
[FAILED] spice-parent-16.pom - Vui long kiem tra settings.xml 
[FAILED] spice-parent-17.pom - Vui long kiem tra settings.xml 
[FAILED] spice-zapper-1.3.pom - Vui long kiem tra settings.xml 
[FAILED] springdoc-openapi-1.5.12.pom - Vui long kiem tra settings.xml 
[FAILED] springdoc-openapi-1.6.9.pom - Vui long kiem tra settings.xml 
[FAILED] springdoc-openapi-1.7.0.pom - Vui long kiem tra settings.xml 
[FAILED] springdoc-openapi-2.0.0.pom - Vui long kiem tra settings.xml 
[FAILED] springdoc-openapi-2.0.2.pom - Vui long kiem tra settings.xml 
[FAILED] springdoc-openapi-2.5.0.pom - Vui long kiem tra settings.xml 
[FAILED] springdoc-openapi-2.6.0.pom - Vui long kiem tra settings.xml 
[FAILED] springdoc-openapi-common-1.5.12.pom - Vui long kiem tra settings.xml 
[FAILED] springdoc-openapi-common-1.6.9.pom - Vui long kiem tra settings.xml 
[FAILED] springdoc-openapi-common-1.7.0.pom - Vui long kiem tra settings.xml 
[FAILED] springdoc-openapi-starter-common-2.0.0.pom - Vui long kiem tra settings.xml 
[FAILED] springdoc-openapi-starter-common-2.0.2.pom - Vui long kiem tra settings.xml 
[FAILED] springdoc-openapi-starter-common-2.5.0.pom - Vui long kiem tra settings.xml 
[FAILED] springdoc-openapi-starter-common-2.6.0.pom - Vui long kiem tra settings.xml 
[FAILED] springdoc-openapi-starter-webmvc-api-2.0.0.pom - Vui long kiem tra settings.xml 
[FAILED] springdoc-openapi-starter-webmvc-api-2.0.2.pom - Vui long kiem tra settings.xml 
[FAILED] springdoc-openapi-starter-webmvc-api-2.5.0.pom - Vui long kiem tra settings.xml 
[FAILED] springdoc-openapi-starter-webmvc-api-2.6.0.pom - Vui long kiem tra settings.xml 
[FAILED] springdoc-openapi-starter-webmvc-ui-2.0.0.pom - Vui long kiem tra settings.xml 
[FAILED] springdoc-openapi-starter-webmvc-ui-2.0.2.pom - Vui long kiem tra settings.xml 
[FAILED] springdoc-openapi-starter-webmvc-ui-2.5.0.pom - Vui long kiem tra settings.xml 
[FAILED] springdoc-openapi-starter-webmvc-ui-2.6.0.pom - Vui long kiem tra settings.xml 
[FAILED] springdoc-openapi-ui-1.5.12.pom - Vui long kiem tra settings.xml 
[FAILED] springdoc-openapi-ui-1.6.9.pom - Vui long kiem tra settings.xml 
[FAILED] springdoc-openapi-ui-1.7.0.pom - Vui long kiem tra settings.xml 
[FAILED] springdoc-openapi-webmvc-core-1.5.12.pom - Vui long kiem tra settings.xml 
[FAILED] springdoc-openapi-webmvc-core-1.6.9.pom - Vui long kiem tra settings.xml 
[FAILED] springdoc-openapi-webmvc-core-1.7.0.pom - Vui long kiem tra settings.xml 
[FAILED] spring-amqp-2.1.8.RELEASE.pom - Vui long kiem tra settings.xml 
[FAILED] spring-amqp-bom-3.0.8.pom - Vui long kiem tra settings.xml 
[FAILED] spring-amqp-bom-3.0.9.pom - Vui long kiem tra settings.xml 
[FAILED] spring-amqp-bom-3.1.1.pom - Vui long kiem tra settings.xml 
[FAILED] spring-amqp-bom-3.1.12.pom - Vui long kiem tra settings.xml 
[FAILED] spring-amqp-bom-3.1.3.pom - Vui long kiem tra settings.xml 
[FAILED] spring-amqp-bom-3.1.4.pom - Vui long kiem tra settings.xml 
[FAILED] spring-amqp-bom-3.1.5.pom - Vui long kiem tra settings.xml 
[FAILED] spring-amqp-bom-3.1.6.pom - Vui long kiem tra settings.xml 
[FAILED] spring-amqp-bom-3.1.7.pom - Vui long kiem tra settings.xml 
[FAILED] spring-amqp-bom-3.1.8.pom - Vui long kiem tra settings.xml 
[FAILED] spring-amqp-bom-3.2.5.pom - Vui long kiem tra settings.xml 
[FAILED] spring-rabbit-2.1.8.RELEASE.pom - Vui long kiem tra settings.xml 
[FAILED] spring-rabbit-test-2.1.8.RELEASE.pom - Vui long kiem tra settings.xml 
[FAILED] spring-batch-bom-5.0.0.pom - Vui long kiem tra settings.xml 
[FAILED] spring-batch-bom-5.0.1.pom - Vui long kiem tra settings.xml 
[FAILED] spring-batch-bom-5.0.3.pom - Vui long kiem tra settings.xml 
[FAILED] spring-batch-bom-5.1.0.pom - Vui long kiem tra settings.xml 
[FAILED] spring-batch-bom-5.1.1.pom - Vui long kiem tra settings.xml 
[FAILED] spring-batch-bom-5.1.2.pom - Vui long kiem tra settings.xml 
[FAILED] spring-batch-bom-5.1.3.pom - Vui long kiem tra settings.xml 
[FAILED] spring-batch-bom-5.2.2.pom - Vui long kiem tra settings.xml 
[FAILED] spring-batch-core-4.3.1.pom - Vui long kiem tra settings.xml 
[FAILED] spring-batch-infrastructure-4.3.1.pom - Vui long kiem tra settings.xml 
[FAILED] spring-boot-2.1.1.RELEASE.pom - Vui long kiem tra settings.xml 
[FAILED] spring-boot-2.1.2.RELEASE.pom - Vui long kiem tra settings.xml 
[FAILED] spring-boot-2.1.8.RELEASE.pom - Vui long kiem tra settings.xml 
[FAILED] spring-boot-2.3.10.RELEASE.pom - Vui long kiem tra settings.xml 
[FAILED] spring-boot-2.3.12.RELEASE.pom - Vui long kiem tra settings.xml 
[FAILED] spring-boot-2.3.4.RELEASE.pom - Vui long kiem tra settings.xml 
[FAILED] spring-boot-2.4.3.pom - Vui long kiem tra settings.xml 
[FAILED] spring-boot-2.5.2.pom - Vui long kiem tra settings.xml 
[FAILED] spring-boot-2.5.6.pom - Vui long kiem tra settings.xml 
[FAILED] spring-boot-2.6.2.pom - Vui long kiem tra settings.xml 
[FAILED] spring-boot-2.7.0.pom - Vui long kiem tra settings.xml 
[FAILED] spring-boot-2.7.1.pom - Vui long kiem tra settings.xml 
[FAILED] spring-boot-2.7.10.pom - Vui long kiem tra settings.xml 
[FAILED] spring-boot-2.7.11.pom - Vui long kiem tra settings.xml 
[FAILED] spring-boot-2.7.12.pom - Vui long kiem tra settings.xml 
[FAILED] spring-boot-2.7.15.pom - Vui long kiem tra settings.xml 
[FAILED] spring-boot-2.7.16.pom - Vui long kiem tra settings.xml 
[FAILED] spring-boot-2.7.17.pom - Vui long kiem tra settings.xml 
[FAILED] spring-boot-2.7.18.pom - Vui long kiem tra settings.xml 
[FAILED] spring-boot-2.7.6.pom - Vui long kiem tra settings.xml 
[FAILED] spring-boot-2.7.9.pom - Vui long kiem tra settings.xml 
[FAILED] spring-boot-3.0.3.pom - Vui long kiem tra settings.xml 
[FAILED] spring-boot-3.0.7.pom - Vui long kiem tra settings.xml 
[FAILED] spring-boot-3.1.3.pom - Vui long kiem tra settings.xml 
[FAILED] spring-boot-3.1.4.pom - Vui long kiem tra settings.xml 
[FAILED] spring-boot-3.2.10.pom - Vui long kiem tra settings.xml 
[FAILED] spring-boot-3.2.12.pom - Vui long kiem tra settings.xml 
[FAILED] spring-boot-3.2.2.pom - Vui long kiem tra settings.xml 
[FAILED] spring-boot-3.2.4.pom - Vui long kiem tra settings.xml 
[FAILED] spring-boot-3.2.5.pom - Vui long kiem tra settings.xml 
[FAILED] spring-boot-3.2.7.pom - Vui long kiem tra settings.xml 
[FAILED] spring-boot-3.3.1.pom - Vui long kiem tra settings.xml 
[FAILED] spring-boot-3.3.13.pom - Vui long kiem tra settings.xml 
[FAILED] spring-boot-3.3.4.pom - Vui long kiem tra settings.xml 
[FAILED] spring-boot-3.5.2.pom - Vui long kiem tra settings.xml 
[FAILED] spring-boot-actuator-2.1.1.RELEASE.pom - Vui long kiem tra settings.xml 
[FAILED] spring-boot-actuator-2.3.10.RELEASE.pom - Vui long kiem tra settings.xml 
[FAILED] spring-boot-actuator-2.3.12.RELEASE.pom - Vui long kiem tra settings.xml 
[FAILED] spring-boot-actuator-2.3.4.RELEASE.pom - Vui long kiem tra settings.xml 
[FAILED] spring-boot-actuator-2.7.0.pom - Vui long kiem tra settings.xml 
[FAILED] spring-boot-actuator-2.7.10.pom - Vui long kiem tra settings.xml 
[FAILED] spring-boot-actuator-3.2.12.pom - Vui long kiem tra settings.xml 
[FAILED] spring-boot-actuator-3.2.2.pom - Vui long kiem tra settings.xml 
[FAILED] spring-boot-actuator-3.2.4.pom - Vui long kiem tra settings.xml 
[FAILED] spring-boot-actuator-3.2.5.pom - Vui long kiem tra settings.xml 
[FAILED] spring-boot-actuator-3.2.7.pom - Vui long kiem tra settings.xml 
[FAILED] spring-boot-actuator-3.3.1.pom - Vui long kiem tra settings.xml 
[FAILED] spring-boot-actuator-3.3.13.pom - Vui long kiem tra settings.xml 
[FAILED] spring-boot-actuator-3.5.2.pom - Vui long kiem tra settings.xml 
[FAILED] spring-boot-actuator-autoconfigure-2.1.1.RELEASE.pom - Vui long kiem tra settings.xml 
[FAILED] spring-boot-actuator-autoconfigure-2.3.10.RELEASE.pom - Vui long kiem tra settings.xml 
[FAILED] spring-boot-actuator-autoconfigure-2.3.12.RELEASE.pom - Vui long kiem tra settings.xml 
[FAILED] spring-boot-actuator-autoconfigure-2.3.4.RELEASE.pom - Vui long kiem tra settings.xml 
[FAILED] spring-boot-actuator-autoconfigure-2.7.0.pom - Vui long kiem tra settings.xml 
[FAILED] spring-boot-actuator-autoconfigure-2.7.10.pom - Vui long kiem tra settings.xml 
[FAILED] spring-boot-actuator-autoconfigure-3.2.12.pom - Vui long kiem tra settings.xml 
[FAILED] spring-boot-actuator-autoconfigure-3.2.2.pom - Vui long kiem tra settings.xml 
[FAILED] spring-boot-actuator-autoconfigure-3.2.4.pom - Vui long kiem tra settings.xml 
[FAILED] spring-boot-actuator-autoconfigure-3.2.5.pom - Vui long kiem tra settings.xml 
[FAILED] spring-boot-actuator-autoconfigure-3.2.7.pom - Vui long kiem tra settings.xml 
[FAILED] spring-boot-actuator-autoconfigure-3.3.1.pom - Vui long kiem tra settings.xml 
[FAILED] spring-boot-actuator-autoconfigure-3.3.13.pom - Vui long kiem tra settings.xml 
[FAILED] spring-boot-actuator-autoconfigure-3.5.2.pom - Vui long kiem tra settings.xml 
[FAILED] spring-boot-autoconfigure-2.1.1.RELEASE.pom - Vui long kiem tra settings.xml 
[FAILED] spring-boot-autoconfigure-2.1.2.RELEASE.pom - Vui long kiem tra settings.xml 
[FAILED] spring-boot-autoconfigure-2.1.8.RELEASE.pom - Vui long kiem tra settings.xml 
[FAILED] spring-boot-autoconfigure-2.3.10.RELEASE.pom - Vui long kiem tra settings.xml 
[FAILED] spring-boot-autoconfigure-2.3.12.RELEASE.pom - Vui long kiem tra settings.xml 
[FAILED] spring-boot-autoconfigure-2.3.4.RELEASE.pom - Vui long kiem tra settings.xml 
[FAILED] spring-boot-autoconfigure-2.4.3.pom - Vui long kiem tra settings.xml 
[FAILED] spring-boot-autoconfigure-2.5.2.pom - Vui long kiem tra settings.xml 
[FAILED] spring-boot-autoconfigure-2.5.6.pom - Vui long kiem tra settings.xml 
[FAILED] spring-boot-autoconfigure-2.6.2.pom - Vui long kiem tra settings.xml 
[FAILED] spring-boot-autoconfigure-2.7.0.pom - Vui long kiem tra settings.xml 
[FAILED] spring-boot-autoconfigure-2.7.1.pom - Vui long kiem tra settings.xml 
[FAILED] spring-boot-autoconfigure-2.7.10.pom - Vui long kiem tra settings.xml 
[FAILED] spring-boot-autoconfigure-2.7.11.pom - Vui long kiem tra settings.xml 
[FAILED] spring-boot-autoconfigure-2.7.12.pom - Vui long kiem tra settings.xml 
[FAILED] spring-boot-autoconfigure-2.7.15.pom - Vui long kiem tra settings.xml 
[FAILED] spring-boot-autoconfigure-2.7.16.pom - Vui long kiem tra settings.xml 
[FAILED] spring-boot-autoconfigure-2.7.17.pom - Vui long kiem tra settings.xml 
[FAILED] spring-boot-autoconfigure-2.7.18.pom - Vui long kiem tra settings.xml 
[FAILED] spring-boot-autoconfigure-2.7.6.pom - Vui long kiem tra settings.xml 
[FAILED] spring-boot-autoconfigure-2.7.9.pom - Vui long kiem tra settings.xml 
[FAILED] spring-boot-autoconfigure-3.0.3.pom - Vui long kiem tra settings.xml 
[FAILED] spring-boot-autoconfigure-3.0.7.pom - Vui long kiem tra settings.xml 
[FAILED] spring-boot-autoconfigure-3.1.3.pom - Vui long kiem tra settings.xml 
[FAILED] spring-boot-autoconfigure-3.1.4.pom - Vui long kiem tra settings.xml 
[FAILED] spring-boot-autoconfigure-3.2.10.pom - Vui long kiem tra settings.xml 
[FAILED] spring-boot-autoconfigure-3.2.12.pom - Vui long kiem tra settings.xml 
[FAILED] spring-boot-autoconfigure-3.2.2.pom - Vui long kiem tra settings.xml 
[FAILED] spring-boot-autoconfigure-3.2.4.pom - Vui long kiem tra settings.xml 
[FAILED] spring-boot-autoconfigure-3.2.5.pom - Vui long kiem tra settings.xml 
[FAILED] spring-boot-autoconfigure-3.2.7.pom - Vui long kiem tra settings.xml 
[FAILED] spring-boot-autoconfigure-3.3.1.pom - Vui long kiem tra settings.xml 
[FAILED] spring-boot-autoconfigure-3.3.13.pom - Vui long kiem tra settings.xml 
[FAILED] spring-boot-autoconfigure-3.3.4.pom - Vui long kiem tra settings.xml 
[FAILED] spring-boot-autoconfigure-3.5.2.pom - Vui long kiem tra settings.xml 
[FAILED] spring-boot-autoconfigure-processor-2.3.10.RELEASE.pom - Vui long kiem tra settings.xml 
[FAILED] spring-boot-autoconfigure-processor-2.3.12.RELEASE.pom - Vui long kiem tra settings.xml 
[FAILED] spring-boot-autoconfigure-processor-2.3.4.RELEASE.pom - Vui long kiem tra settings.xml 
[FAILED] spring-boot-autoconfigure-processor-3.2.4.pom - Vui long kiem tra settings.xml 
[FAILED] spring-boot-autoconfigure-processor-3.2.7.pom - Vui long kiem tra settings.xml 
[FAILED] spring-boot-autoconfigure-processor-3.3.13.pom - Vui long kiem tra settings.xml 
[FAILED] spring-boot-buildpack-platform-2.3.12.RELEASE.pom - Vui long kiem tra settings.xml 
[FAILED] spring-boot-buildpack-platform-2.4.3.pom - Vui long kiem tra settings.xml 
[FAILED] spring-boot-buildpack-platform-2.5.2.pom - Vui long kiem tra settings.xml 
[FAILED] spring-boot-buildpack-platform-2.6.2.pom - Vui long kiem tra settings.xml 
[FAILED] spring-boot-buildpack-platform-2.7.0.pom - Vui long kiem tra settings.xml 
[FAILED] spring-boot-buildpack-platform-2.7.1.pom - Vui long kiem tra settings.xml 
[FAILED] spring-boot-buildpack-platform-2.7.11.pom - Vui long kiem tra settings.xml 
[FAILED] spring-boot-buildpack-platform-2.7.12.pom - Vui long kiem tra settings.xml 
[FAILED] spring-boot-buildpack-platform-2.7.15.pom - Vui long kiem tra settings.xml 
[FAILED] spring-boot-buildpack-platform-2.7.16.pom - Vui long kiem tra settings.xml 
[FAILED] spring-boot-buildpack-platform-2.7.18.pom - Vui long kiem tra settings.xml 
[FAILED] spring-boot-buildpack-platform-2.7.6.pom - Vui long kiem tra settings.xml 
[FAILED] spring-boot-buildpack-platform-3.0.3.pom - Vui long kiem tra settings.xml 
[FAILED] spring-boot-buildpack-platform-3.1.3.pom - Vui long kiem tra settings.xml 
[FAILED] spring-boot-buildpack-platform-3.2.10.pom - Vui long kiem tra settings.xml 
[FAILED] spring-boot-buildpack-platform-3.2.12.pom - Vui long kiem tra settings.xml 
[FAILED] spring-boot-buildpack-platform-3.2.5.pom - Vui long kiem tra settings.xml 
[FAILED] spring-boot-buildpack-platform-3.3.1.pom - Vui long kiem tra settings.xml 
[FAILED] spring-boot-buildpack-platform-3.3.4.pom - Vui long kiem tra settings.xml 
[FAILED] spring-boot-configuration-processor-2.3.10.RELEASE.pom - Vui long kiem tra settings.xml 
[FAILED] spring-boot-configuration-processor-2.3.12.RELEASE.pom - Vui long kiem tra settings.xml 
[FAILED] spring-boot-configuration-processor-2.3.4.RELEASE.pom - Vui long kiem tra settings.xml 
[FAILED] spring-boot-configuration-processor-2.4.3.pom - Vui long kiem tra settings.xml 
[FAILED] spring-boot-configuration-processor-2.5.6.pom - Vui long kiem tra settings.xml 
[FAILED] spring-boot-configuration-processor-3.2.12.pom - Vui long kiem tra settings.xml 
[FAILED] spring-boot-configuration-processor-3.2.4.pom - Vui long kiem tra settings.xml 
[FAILED] spring-boot-configuration-processor-3.2.7.pom - Vui long kiem tra settings.xml 
[FAILED] spring-boot-configuration-processor-3.3.13.pom - Vui long kiem tra settings.xml 
[FAILED] spring-boot-dependencies-2.1.1.RELEASE.pom - Vui long kiem tra settings.xml 
[FAILED] spring-boot-dependencies-2.1.2.RELEASE.pom - Vui long kiem tra settings.xml 
[FAILED] spring-boot-dependencies-2.1.8.RELEASE.pom - Vui long kiem tra settings.xml 
[FAILED] spring-boot-dependencies-2.2.4.RELEASE.pom - Vui long kiem tra settings.xml 
[FAILED] spring-boot-dependencies-2.3.10.RELEASE.pom - Vui long kiem tra settings.xml 
[FAILED] spring-boot-dependencies-2.3.12.RELEASE.pom - Vui long kiem tra settings.xml 
[FAILED] spring-boot-dependencies-2.4.3.pom - Vui long kiem tra settings.xml 
[FAILED] spring-boot-dependencies-2.5.2.pom - Vui long kiem tra settings.xml 
[FAILED] spring-boot-dependencies-2.5.5.pom - Vui long kiem tra settings.xml 
[FAILED] spring-boot-dependencies-2.5.6.pom - Vui long kiem tra settings.xml 
[FAILED] spring-boot-dependencies-2.6.2.pom - Vui long kiem tra settings.xml 
[FAILED] spring-boot-dependencies-2.7.0.pom - Vui long kiem tra settings.xml 
[FAILED] spring-boot-dependencies-2.7.1.pom - Vui long kiem tra settings.xml 
[FAILED] spring-boot-dependencies-2.7.10.pom - Vui long kiem tra settings.xml 
[FAILED] spring-boot-dependencies-2.7.11.pom - Vui long kiem tra settings.xml 
[FAILED] spring-boot-dependencies-2.7.12.pom - Vui long kiem tra settings.xml 
[FAILED] spring-boot-dependencies-2.7.15.pom - Vui long kiem tra settings.xml 
[FAILED] spring-boot-dependencies-2.7.16.pom - Vui long kiem tra settings.xml 
[FAILED] spring-boot-dependencies-2.7.17.pom - Vui long kiem tra settings.xml 
[FAILED] spring-boot-dependencies-2.7.18.pom - Vui long kiem tra settings.xml 
[FAILED] spring-boot-dependencies-2.7.6.pom - Vui long kiem tra settings.xml 
[FAILED] spring-boot-dependencies-2.7.9.pom - Vui long kiem tra settings.xml 
[FAILED] spring-boot-dependencies-3.0.0.pom - Vui long kiem tra settings.xml 
[FAILED] spring-boot-dependencies-3.0.3.pom - Vui long kiem tra settings.xml 
[FAILED] spring-boot-dependencies-3.1.3.pom - Vui long kiem tra settings.xml 
[FAILED] spring-boot-dependencies-3.1.4.pom - Vui long kiem tra settings.xml 
[FAILED] spring-boot-dependencies-3.2.10.pom - Vui long kiem tra settings.xml 
[FAILED] spring-boot-dependencies-3.2.12.pom - Vui long kiem tra settings.xml 
[FAILED] spring-boot-dependencies-3.2.2.pom - Vui long kiem tra settings.xml 
[FAILED] spring-boot-dependencies-3.2.4.pom - Vui long kiem tra settings.xml 
[FAILED] spring-boot-dependencies-3.2.5.pom - Vui long kiem tra settings.xml 
[FAILED] spring-boot-dependencies-3.2.7.pom - Vui long kiem tra settings.xml 
[FAILED] spring-boot-dependencies-3.3.0.pom - Vui long kiem tra settings.xml 
[FAILED] spring-boot-dependencies-3.3.1.pom - Vui long kiem tra settings.xml 
[FAILED] spring-boot-dependencies-3.3.13.pom - Vui long kiem tra settings.xml 
[FAILED] spring-boot-dependencies-3.3.4.pom - Vui long kiem tra settings.xml 
[FAILED] spring-boot-dependencies-3.5.2.pom - Vui long kiem tra settings.xml 
[FAILED] spring-boot-devtools-2.1.1.RELEASE.pom - Vui long kiem tra settings.xml 
[FAILED] spring-boot-devtools-2.1.8.RELEASE.pom - Vui long kiem tra settings.xml 
[FAILED] spring-boot-devtools-2.4.3.pom - Vui long kiem tra settings.xml 
[FAILED] spring-boot-devtools-2.5.2.pom - Vui long kiem tra settings.xml 
[FAILED] spring-boot-devtools-2.5.6.pom - Vui long kiem tra settings.xml 
[FAILED] spring-boot-devtools-2.7.0.pom - Vui long kiem tra settings.xml 
[FAILED] spring-boot-devtools-2.7.1.pom - Vui long kiem tra settings.xml 
[FAILED] spring-boot-devtools-2.7.10.pom - Vui long kiem tra settings.xml 
[FAILED] spring-boot-devtools-2.7.12.pom - Vui long kiem tra settings.xml 
[FAILED] spring-boot-devtools-2.7.16.pom - Vui long kiem tra settings.xml 
[FAILED] spring-boot-devtools-2.7.18.pom - Vui long kiem tra settings.xml 
[FAILED] spring-boot-devtools-2.7.6.pom - Vui long kiem tra settings.xml 
[FAILED] spring-boot-devtools-3.2.12.pom - Vui long kiem tra settings.xml 
[FAILED] spring-boot-docker-compose-3.2.10.pom - Vui long kiem tra settings.xml 
[FAILED] spring-boot-loader-tools-2.1.1.RELEASE.pom - Vui long kiem tra settings.xml 
[FAILED] spring-boot-loader-tools-2.1.2.RELEASE.pom - Vui long kiem tra settings.xml 
[FAILED] spring-boot-loader-tools-2.1.8.RELEASE.pom - Vui long kiem tra settings.xml 
[FAILED] spring-boot-loader-tools-2.3.12.RELEASE.pom - Vui long kiem tra settings.xml 
[FAILED] spring-boot-loader-tools-2.4.3.pom - Vui long kiem tra settings.xml 
[FAILED] spring-boot-loader-tools-2.5.2.pom - Vui long kiem tra settings.xml 
[FAILED] spring-boot-loader-tools-2.6.2.pom - Vui long kiem tra settings.xml 
[FAILED] spring-boot-loader-tools-2.7.0.pom - Vui long kiem tra settings.xml 
[FAILED] spring-boot-loader-tools-2.7.1.pom - Vui long kiem tra settings.xml 
[FAILED] spring-boot-loader-tools-2.7.11.pom - Vui long kiem tra settings.xml 
[FAILED] spring-boot-loader-tools-2.7.12.pom - Vui long kiem tra settings.xml 
[FAILED] spring-boot-loader-tools-2.7.15.pom - Vui long kiem tra settings.xml 
[FAILED] spring-boot-loader-tools-2.7.16.pom - Vui long kiem tra settings.xml 
[FAILED] spring-boot-loader-tools-2.7.18.pom - Vui long kiem tra settings.xml 
[FAILED] spring-boot-loader-tools-2.7.6.pom - Vui long kiem tra settings.xml 
[FAILED] spring-boot-loader-tools-3.0.3.pom - Vui long kiem tra settings.xml 
[FAILED] spring-boot-loader-tools-3.1.3.pom - Vui long kiem tra settings.xml 
[FAILED] spring-boot-loader-tools-3.2.10.pom - Vui long kiem tra settings.xml 
[FAILED] spring-boot-loader-tools-3.2.12.pom - Vui long kiem tra settings.xml 
[FAILED] spring-boot-loader-tools-3.2.5.pom - Vui long kiem tra settings.xml 
[FAILED] spring-boot-loader-tools-3.3.1.pom - Vui long kiem tra settings.xml 
[FAILED] spring-boot-loader-tools-3.3.4.pom - Vui long kiem tra settings.xml 
[FAILED] spring-boot-maven-plugin-2.1.1.RELEASE.pom - Vui long kiem tra settings.xml 
[FAILED] spring-boot-maven-plugin-2.1.2.RELEASE.pom - Vui long kiem tra settings.xml 
[FAILED] spring-boot-maven-plugin-2.1.8.RELEASE.pom - Vui long kiem tra settings.xml 
[FAILED] spring-boot-maven-plugin-2.3.12.RELEASE.pom - Vui long kiem tra settings.xml 
[FAILED] spring-boot-maven-plugin-2.4.3.pom - Vui long kiem tra settings.xml 
[FAILED] spring-boot-maven-plugin-2.5.2.pom - Vui long kiem tra settings.xml 
[FAILED] spring-boot-maven-plugin-2.6.2.pom - Vui long kiem tra settings.xml 
[FAILED] spring-boot-maven-plugin-2.7.0.pom - Vui long kiem tra settings.xml 
[FAILED] spring-boot-maven-plugin-2.7.1.pom - Vui long kiem tra settings.xml 
[FAILED] spring-boot-maven-plugin-2.7.10.pom - Vui long kiem tra settings.xml 
[FAILED] spring-boot-maven-plugin-2.7.11.pom - Vui long kiem tra settings.xml 
[FAILED] spring-boot-maven-plugin-2.7.12.pom - Vui long kiem tra settings.xml 
[FAILED] spring-boot-maven-plugin-2.7.15.pom - Vui long kiem tra settings.xml 
[FAILED] spring-boot-maven-plugin-2.7.16.pom - Vui long kiem tra settings.xml 
[FAILED] spring-boot-maven-plugin-2.7.17.pom - Vui long kiem tra settings.xml 
[FAILED] spring-boot-maven-plugin-2.7.18.pom - Vui long kiem tra settings.xml 
[FAILED] spring-boot-maven-plugin-2.7.6.pom - Vui long kiem tra settings.xml 
[FAILED] spring-boot-maven-plugin-2.7.9.pom - Vui long kiem tra settings.xml 
[FAILED] spring-boot-maven-plugin-3.0.3.pom - Vui long kiem tra settings.xml 
[FAILED] spring-boot-maven-plugin-3.1.3.pom - Vui long kiem tra settings.xml 
[FAILED] spring-boot-maven-plugin-3.1.4.pom - Vui long kiem tra settings.xml 
[FAILED] spring-boot-maven-plugin-3.2.10.pom - Vui long kiem tra settings.xml 
[FAILED] spring-boot-maven-plugin-3.2.12.pom - Vui long kiem tra settings.xml 
[FAILED] spring-boot-maven-plugin-3.2.2.pom - Vui long kiem tra settings.xml 
[FAILED] spring-boot-maven-plugin-3.2.5.pom - Vui long kiem tra settings.xml 
[FAILED] spring-boot-maven-plugin-3.3.1.pom - Vui long kiem tra settings.xml 
[FAILED] spring-boot-maven-plugin-3.3.4.pom - Vui long kiem tra settings.xml 
[FAILED] spring-boot-maven-plugin-3.5.2.pom - Vui long kiem tra settings.xml 
[FAILED] spring-boot-parent-2.1.1.RELEASE.pom - Vui long kiem tra settings.xml 
[FAILED] spring-boot-parent-2.1.2.RELEASE.pom - Vui long kiem tra settings.xml 
[FAILED] spring-boot-parent-2.1.8.RELEASE.pom - Vui long kiem tra settings.xml 
[FAILED] spring-boot-starter-2.1.1.RELEASE.pom - Vui long kiem tra settings.xml 
[FAILED] spring-boot-starter-2.1.2.RELEASE.pom - Vui long kiem tra settings.xml 
[FAILED] spring-boot-starter-2.1.8.RELEASE.pom - Vui long kiem tra settings.xml 
[FAILED] spring-boot-starter-2.3.10.RELEASE.pom - Vui long kiem tra settings.xml 
[FAILED] spring-boot-starter-2.3.12.RELEASE.pom - Vui long kiem tra settings.xml 
[FAILED] spring-boot-starter-2.3.4.RELEASE.pom - Vui long kiem tra settings.xml 
[FAILED] spring-boot-starter-2.4.3.pom - Vui long kiem tra settings.xml 
[FAILED] spring-boot-starter-2.5.2.pom - Vui long kiem tra settings.xml 
[FAILED] spring-boot-starter-2.5.6.pom - Vui long kiem tra settings.xml 
[FAILED] spring-boot-starter-2.6.2.pom - Vui long kiem tra settings.xml 
[FAILED] spring-boot-starter-2.7.0.pom - Vui long kiem tra settings.xml 
[FAILED] spring-boot-starter-2.7.1.pom - Vui long kiem tra settings.xml 
[FAILED] spring-boot-starter-2.7.10.pom - Vui long kiem tra settings.xml 
[FAILED] spring-boot-starter-2.7.11.pom - Vui long kiem tra settings.xml 
[FAILED] spring-boot-starter-2.7.12.pom - Vui long kiem tra settings.xml 
[FAILED] spring-boot-starter-2.7.15.pom - Vui long kiem tra settings.xml 
[FAILED] spring-boot-starter-2.7.16.pom - Vui long kiem tra settings.xml 
[FAILED] spring-boot-starter-2.7.17.pom - Vui long kiem tra settings.xml 
[FAILED] spring-boot-starter-2.7.18.pom - Vui long kiem tra settings.xml 
[FAILED] spring-boot-starter-2.7.6.pom - Vui long kiem tra settings.xml 
[FAILED] spring-boot-starter-2.7.9.pom - Vui long kiem tra settings.xml 
[FAILED] spring-boot-starter-3.0.3.pom - Vui long kiem tra settings.xml 
[FAILED] spring-boot-starter-3.0.7.pom - Vui long kiem tra settings.xml 
[FAILED] spring-boot-starter-3.1.3.pom - Vui long kiem tra settings.xml 
[FAILED] spring-boot-starter-3.1.4.pom - Vui long kiem tra settings.xml 
[FAILED] spring-boot-starter-3.2.10.pom - Vui long kiem tra settings.xml 
[FAILED] spring-boot-starter-3.2.12.pom - Vui long kiem tra settings.xml 
[FAILED] spring-boot-starter-3.2.2.pom - Vui long kiem tra settings.xml 
[FAILED] spring-boot-starter-3.2.4.pom - Vui long kiem tra settings.xml 
[FAILED] spring-boot-starter-3.2.5.pom - Vui long kiem tra settings.xml 
[FAILED] spring-boot-starter-3.2.7.pom - Vui long kiem tra settings.xml 
[FAILED] spring-boot-starter-3.3.1.pom - Vui long kiem tra settings.xml 
[FAILED] spring-boot-starter-3.3.13.pom - Vui long kiem tra settings.xml 
[FAILED] spring-boot-starter-3.3.4.pom - Vui long kiem tra settings.xml 
[FAILED] spring-boot-starter-3.5.2.pom - Vui long kiem tra settings.xml 
[FAILED] spring-boot-starter-actuator-2.1.1.RELEASE.pom - Vui long kiem tra settings.xml 
[FAILED] spring-boot-starter-actuator-2.3.10.RELEASE.pom - Vui long kiem tra settings.xml 
[FAILED] spring-boot-starter-actuator-2.3.12.RELEASE.pom - Vui long kiem tra settings.xml 
[FAILED] spring-boot-starter-actuator-2.3.4.RELEASE.pom - Vui long kiem tra settings.xml 
[FAILED] spring-boot-starter-actuator-2.7.0.pom - Vui long kiem tra settings.xml 
[FAILED] spring-boot-starter-actuator-2.7.10.pom - Vui long kiem tra settings.xml 
[FAILED] spring-boot-starter-actuator-3.2.12.pom - Vui long kiem tra settings.xml 
[FAILED] spring-boot-starter-actuator-3.2.2.pom - Vui long kiem tra settings.xml 
[FAILED] spring-boot-starter-actuator-3.2.4.pom - Vui long kiem tra settings.xml 
[FAILED] spring-boot-starter-actuator-3.2.5.pom - Vui long kiem tra settings.xml 
[FAILED] spring-boot-starter-actuator-3.2.7.pom - Vui long kiem tra settings.xml 
[FAILED] spring-boot-starter-actuator-3.3.1.pom - Vui long kiem tra settings.xml 
[FAILED] spring-boot-starter-actuator-3.3.13.pom - Vui long kiem tra settings.xml 
[FAILED] spring-boot-starter-actuator-3.5.2.pom - Vui long kiem tra settings.xml 
[FAILED] spring-boot-starter-amqp-2.1.8.RELEASE.pom - Vui long kiem tra settings.xml 
[FAILED] spring-boot-starter-aop-2.1.1.RELEASE.pom - Vui long kiem tra settings.xml 
[FAILED] spring-boot-starter-aop-2.1.2.RELEASE.pom - Vui long kiem tra settings.xml 
[FAILED] spring-boot-starter-aop-2.1.8.RELEASE.pom - Vui long kiem tra settings.xml 
[FAILED] spring-boot-starter-aop-2.3.10.RELEASE.pom - Vui long kiem tra settings.xml 
[FAILED] spring-boot-starter-aop-2.3.12.RELEASE.pom - Vui long kiem tra settings.xml 
[FAILED] spring-boot-starter-aop-2.4.3.pom - Vui long kiem tra settings.xml 
[FAILED] spring-boot-starter-aop-2.5.2.pom - Vui long kiem tra settings.xml 
[FAILED] spring-boot-starter-aop-2.5.6.pom - Vui long kiem tra settings.xml 
[FAILED] spring-boot-starter-aop-2.6.2.pom - Vui long kiem tra settings.xml 
[FAILED] spring-boot-starter-aop-2.7.0.pom - Vui long kiem tra settings.xml 
[FAILED] spring-boot-starter-aop-2.7.1.pom - Vui long kiem tra settings.xml 
[FAILED] spring-boot-starter-aop-2.7.10.pom - Vui long kiem tra settings.xml 
[FAILED] spring-boot-starter-aop-2.7.12.pom - Vui long kiem tra settings.xml 
[FAILED] spring-boot-starter-aop-2.7.16.pom - Vui long kiem tra settings.xml 
[FAILED] spring-boot-starter-aop-2.7.17.pom - Vui long kiem tra settings.xml 
[FAILED] spring-boot-starter-aop-2.7.18.pom - Vui long kiem tra settings.xml 
[FAILED] spring-boot-starter-aop-2.7.6.pom - Vui long kiem tra settings.xml 
[FAILED] spring-boot-starter-aop-3.0.3.pom - Vui long kiem tra settings.xml 
[FAILED] spring-boot-starter-aop-3.2.12.pom - Vui long kiem tra settings.xml 
[FAILED] spring-boot-starter-aop-3.2.2.pom - Vui long kiem tra settings.xml 
[FAILED] spring-boot-starter-aop-3.2.5.pom - Vui long kiem tra settings.xml 
[FAILED] spring-boot-starter-aop-3.3.1.pom - Vui long kiem tra settings.xml 
[FAILED] spring-boot-starter-aop-3.5.2.pom - Vui long kiem tra settings.xml 
[FAILED] spring-boot-starter-batch-2.4.3.pom - Vui long kiem tra settings.xml 
[FAILED] spring-boot-starter-cache-2.3.12.RELEASE.pom - Vui long kiem tra settings.xml 
[FAILED] spring-boot-starter-cache-2.7.18.pom - Vui long kiem tra settings.xml 
[FAILED] spring-boot-starter-cache-3.2.12.pom - Vui long kiem tra settings.xml 
[FAILED] spring-boot-starter-cache-3.2.2.pom - Vui long kiem tra settings.xml 
[FAILED] spring-boot-starter-cache-3.2.5.pom - Vui long kiem tra settings.xml 
[FAILED] spring-boot-starter-cache-3.3.13.pom - Vui long kiem tra settings.xml 
[FAILED] spring-boot-starter-cache-3.5.2.pom - Vui long kiem tra settings.xml 
[FAILED] spring-boot-starter-data-jdbc-2.1.8.RELEASE.pom - Vui long kiem tra settings.xml 
[FAILED] spring-boot-starter-data-jdbc-3.3.1.pom - Vui long kiem tra settings.xml 
[FAILED] spring-boot-starter-data-jpa-2.1.2.RELEASE.pom - Vui long kiem tra settings.xml 
[FAILED] spring-boot-starter-data-jpa-2.1.8.RELEASE.pom - Vui long kiem tra settings.xml 
[FAILED] spring-boot-starter-data-jpa-2.3.12.RELEASE.pom - Vui long kiem tra settings.xml 
[FAILED] spring-boot-starter-data-jpa-2.4.3.pom - Vui long kiem tra settings.xml 
[FAILED] spring-boot-starter-data-jpa-2.5.2.pom - Vui long kiem tra settings.xml 
[FAILED] spring-boot-starter-data-jpa-2.5.6.pom - Vui long kiem tra settings.xml 
[FAILED] spring-boot-starter-data-jpa-2.6.2.pom - Vui long kiem tra settings.xml 
[FAILED] spring-boot-starter-data-jpa-2.7.0.pom - Vui long kiem tra settings.xml 
[FAILED] spring-boot-starter-data-jpa-2.7.1.pom - Vui long kiem tra settings.xml 
[FAILED] spring-boot-starter-data-jpa-2.7.10.pom - Vui long kiem tra settings.xml 
[FAILED] spring-boot-starter-data-jpa-2.7.12.pom - Vui long kiem tra settings.xml 
[FAILED] spring-boot-starter-data-jpa-2.7.16.pom - Vui long kiem tra settings.xml 
[FAILED] spring-boot-starter-data-jpa-2.7.17.pom - Vui long kiem tra settings.xml 
[FAILED] spring-boot-starter-data-jpa-2.7.18.pom - Vui long kiem tra settings.xml 
[FAILED] spring-boot-starter-data-jpa-2.7.6.pom - Vui long kiem tra settings.xml 
[FAILED] spring-boot-starter-data-jpa-3.0.3.pom - Vui long kiem tra settings.xml 
[FAILED] spring-boot-starter-data-jpa-3.2.12.pom - Vui long kiem tra settings.xml 
[FAILED] spring-boot-starter-data-jpa-3.2.2.pom - Vui long kiem tra settings.xml 
[FAILED] spring-boot-starter-data-jpa-3.2.5.pom - Vui long kiem tra settings.xml 
[FAILED] spring-boot-starter-data-jpa-3.3.1.pom - Vui long kiem tra settings.xml 
[FAILED] spring-boot-starter-data-redis-2.3.10.RELEASE.pom - Vui long kiem tra settings.xml 
[FAILED] spring-boot-starter-data-redis-2.3.12.RELEASE.pom - Vui long kiem tra settings.xml 
[FAILED] spring-boot-starter-data-redis-3.2.12.pom - Vui long kiem tra settings.xml 
[FAILED] spring-boot-starter-data-redis-3.2.7.pom - Vui long kiem tra settings.xml 
[FAILED] spring-boot-starter-data-redis-3.3.13.pom - Vui long kiem tra settings.xml 
[FAILED] spring-boot-starter-data-redis-reactive-2.3.12.RELEASE.pom - Vui long kiem tra settings.xml 
[FAILED] spring-boot-starter-data-redis-reactive-3.2.12.pom - Vui long kiem tra settings.xml 
[FAILED] spring-boot-starter-data-rest-2.1.1.RELEASE.pom - Vui long kiem tra settings.xml 
[FAILED] spring-boot-starter-freemarker-2.1.1.RELEASE.pom - Vui long kiem tra settings.xml 
[FAILED] spring-boot-starter-freemarker-2.3.12.RELEASE.pom - Vui long kiem tra settings.xml 
[FAILED] spring-boot-starter-freemarker-3.2.12.pom - Vui long kiem tra settings.xml 
[FAILED] spring-boot-starter-freemarker-3.2.5.pom - Vui long kiem tra settings.xml 
[FAILED] spring-boot-starter-freemarker-3.3.13.pom - Vui long kiem tra settings.xml 
[FAILED] spring-boot-starter-integration-2.7.18.pom - Vui long kiem tra settings.xml 
[FAILED] spring-boot-starter-integration-3.2.12.pom - Vui long kiem tra settings.xml 
[FAILED] spring-boot-starter-jdbc-2.1.2.RELEASE.pom - Vui long kiem tra settings.xml 
[FAILED] spring-boot-starter-jdbc-2.1.8.RELEASE.pom - Vui long kiem tra settings.xml 
[FAILED] spring-boot-starter-jdbc-2.3.10.RELEASE.pom - Vui long kiem tra settings.xml 
[FAILED] spring-boot-starter-jdbc-2.3.12.RELEASE.pom - Vui long kiem tra settings.xml 
[FAILED] spring-boot-starter-jdbc-2.4.3.pom - Vui long kiem tra settings.xml 
[FAILED] spring-boot-starter-jdbc-2.5.2.pom - Vui long kiem tra settings.xml 
[FAILED] spring-boot-starter-jdbc-2.5.6.pom - Vui long kiem tra settings.xml 
[FAILED] spring-boot-starter-jdbc-2.6.2.pom - Vui long kiem tra settings.xml 
[FAILED] spring-boot-starter-jdbc-2.7.0.pom - Vui long kiem tra settings.xml 
[FAILED] spring-boot-starter-jdbc-2.7.1.pom - Vui long kiem tra settings.xml 
[FAILED] spring-boot-starter-jdbc-2.7.10.pom - Vui long kiem tra settings.xml 
[FAILED] spring-boot-starter-jdbc-2.7.12.pom - Vui long kiem tra settings.xml 
[FAILED] spring-boot-starter-jdbc-2.7.16.pom - Vui long kiem tra settings.xml 
[FAILED] spring-boot-starter-jdbc-2.7.17.pom - Vui long kiem tra settings.xml 
[FAILED] spring-boot-starter-jdbc-2.7.18.pom - Vui long kiem tra settings.xml 
[FAILED] spring-boot-starter-jdbc-2.7.6.pom - Vui long kiem tra settings.xml 
[FAILED] spring-boot-starter-jdbc-3.0.3.pom - Vui long kiem tra settings.xml 
[FAILED] spring-boot-starter-jdbc-3.2.12.pom - Vui long kiem tra settings.xml 
[FAILED] spring-boot-starter-jdbc-3.2.2.pom - Vui long kiem tra settings.xml 
[FAILED] spring-boot-starter-jdbc-3.2.5.pom - Vui long kiem tra settings.xml 
[FAILED] spring-boot-starter-jdbc-3.2.7.pom - Vui long kiem tra settings.xml 
[FAILED] spring-boot-starter-jdbc-3.3.1.pom - Vui long kiem tra settings.xml 
[FAILED] spring-boot-starter-jdbc-3.3.13.pom - Vui long kiem tra settings.xml 
[FAILED] spring-boot-starter-json-2.1.1.RELEASE.pom - Vui long kiem tra settings.xml 
[FAILED] spring-boot-starter-json-2.1.2.RELEASE.pom - Vui long kiem tra settings.xml 
[FAILED] spring-boot-starter-json-2.1.8.RELEASE.pom - Vui long kiem tra settings.xml 
[FAILED] spring-boot-starter-json-2.3.10.RELEASE.pom - Vui long kiem tra settings.xml 
[FAILED] spring-boot-starter-json-2.3.12.RELEASE.pom - Vui long kiem tra settings.xml 
[FAILED] spring-boot-starter-json-2.3.4.RELEASE.pom - Vui long kiem tra settings.xml 
[FAILED] spring-boot-starter-json-2.4.3.pom - Vui long kiem tra settings.xml 
[FAILED] spring-boot-starter-json-2.5.2.pom - Vui long kiem tra settings.xml 
[FAILED] spring-boot-starter-json-2.5.6.pom - Vui long kiem tra settings.xml 
[FAILED] spring-boot-starter-json-2.6.2.pom - Vui long kiem tra settings.xml 
[FAILED] spring-boot-starter-json-2.7.0.pom - Vui long kiem tra settings.xml 
[FAILED] spring-boot-starter-json-2.7.1.pom - Vui long kiem tra settings.xml 
[FAILED] spring-boot-starter-json-2.7.10.pom - Vui long kiem tra settings.xml 
[FAILED] spring-boot-starter-json-2.7.11.pom - Vui long kiem tra settings.xml 
[FAILED] spring-boot-starter-json-2.7.12.pom - Vui long kiem tra settings.xml 
[FAILED] spring-boot-starter-json-2.7.15.pom - Vui long kiem tra settings.xml 
[FAILED] spring-boot-starter-json-2.7.16.pom - Vui long kiem tra settings.xml 
[FAILED] spring-boot-starter-json-2.7.17.pom - Vui long kiem tra settings.xml 
[FAILED] spring-boot-starter-json-2.7.18.pom - Vui long kiem tra settings.xml 
[FAILED] spring-boot-starter-json-2.7.6.pom - Vui long kiem tra settings.xml 
[FAILED] spring-boot-starter-json-2.7.9.pom - Vui long kiem tra settings.xml 
[FAILED] spring-boot-starter-json-3.0.3.pom - Vui long kiem tra settings.xml 
[FAILED] spring-boot-starter-json-3.0.7.pom - Vui long kiem tra settings.xml 
[FAILED] spring-boot-starter-json-3.1.3.pom - Vui long kiem tra settings.xml 
[FAILED] spring-boot-starter-json-3.1.4.pom - Vui long kiem tra settings.xml 
[FAILED] spring-boot-starter-json-3.2.10.pom - Vui long kiem tra settings.xml 
[FAILED] spring-boot-starter-json-3.2.12.pom - Vui long kiem tra settings.xml 
[FAILED] spring-boot-starter-json-3.2.2.pom - Vui long kiem tra settings.xml 
[FAILED] spring-boot-starter-json-3.2.4.pom - Vui long kiem tra settings.xml 
[FAILED] spring-boot-starter-json-3.2.5.pom - Vui long kiem tra settings.xml 
[FAILED] spring-boot-starter-json-3.2.7.pom - Vui long kiem tra settings.xml 
[FAILED] spring-boot-starter-json-3.3.1.pom - Vui long kiem tra settings.xml 
[FAILED] spring-boot-starter-json-3.3.13.pom - Vui long kiem tra settings.xml 
[FAILED] spring-boot-starter-json-3.3.4.pom - Vui long kiem tra settings.xml 
[FAILED] spring-boot-starter-json-3.5.2.pom - Vui long kiem tra settings.xml 
[FAILED] spring-boot-starter-logging-2.1.1.RELEASE.pom - Vui long kiem tra settings.xml 
[FAILED] spring-boot-starter-logging-2.1.2.RELEASE.pom - Vui long kiem tra settings.xml 
[FAILED] spring-boot-starter-logging-2.1.8.RELEASE.pom - Vui long kiem tra settings.xml 
[FAILED] spring-boot-starter-logging-2.3.10.RELEASE.pom - Vui long kiem tra settings.xml 
[FAILED] spring-boot-starter-logging-2.3.12.RELEASE.pom - Vui long kiem tra settings.xml 
[FAILED] spring-boot-starter-logging-2.3.4.RELEASE.pom - Vui long kiem tra settings.xml 
[FAILED] spring-boot-starter-logging-2.4.3.pom - Vui long kiem tra settings.xml 
[FAILED] spring-boot-starter-logging-2.5.2.pom - Vui long kiem tra settings.xml 
[FAILED] spring-boot-starter-logging-2.5.6.pom - Vui long kiem tra settings.xml 
[FAILED] spring-boot-starter-logging-2.6.2.pom - Vui long kiem tra settings.xml 
[FAILED] spring-boot-starter-logging-2.7.0.pom - Vui long kiem tra settings.xml 
[FAILED] spring-boot-starter-logging-2.7.1.pom - Vui long kiem tra settings.xml 
[FAILED] spring-boot-starter-logging-2.7.10.pom - Vui long kiem tra settings.xml 
[FAILED] spring-boot-starter-logging-2.7.11.pom - Vui long kiem tra settings.xml 
[FAILED] spring-boot-starter-logging-2.7.12.pom - Vui long kiem tra settings.xml 
[FAILED] spring-boot-starter-logging-2.7.15.pom - Vui long kiem tra settings.xml 
[FAILED] spring-boot-starter-logging-2.7.16.pom - Vui long kiem tra settings.xml 
[FAILED] spring-boot-starter-logging-2.7.17.pom - Vui long kiem tra settings.xml 
[FAILED] spring-boot-starter-logging-2.7.18.pom - Vui long kiem tra settings.xml 
[FAILED] spring-boot-starter-logging-2.7.6.pom - Vui long kiem tra settings.xml 
[FAILED] spring-boot-starter-logging-2.7.9.pom - Vui long kiem tra settings.xml 
[FAILED] spring-boot-starter-logging-3.0.3.pom - Vui long kiem tra settings.xml 
[FAILED] spring-boot-starter-logging-3.0.7.pom - Vui long kiem tra settings.xml 
[FAILED] spring-boot-starter-logging-3.1.3.pom - Vui long kiem tra settings.xml 
[FAILED] spring-boot-starter-logging-3.1.4.pom - Vui long kiem tra settings.xml 
[FAILED] spring-boot-starter-logging-3.2.10.pom - Vui long kiem tra settings.xml 
[FAILED] spring-boot-starter-logging-3.2.12.pom - Vui long kiem tra settings.xml 
[FAILED] spring-boot-starter-logging-3.2.2.pom - Vui long kiem tra settings.xml 
[FAILED] spring-boot-starter-logging-3.2.4.pom - Vui long kiem tra settings.xml 
[FAILED] spring-boot-starter-logging-3.2.5.pom - Vui long kiem tra settings.xml 
[FAILED] spring-boot-starter-logging-3.2.7.pom - Vui long kiem tra settings.xml 
[FAILED] spring-boot-starter-logging-3.3.1.pom - Vui long kiem tra settings.xml 
[FAILED] spring-boot-starter-logging-3.3.13.pom - Vui long kiem tra settings.xml 
[FAILED] spring-boot-starter-logging-3.3.4.pom - Vui long kiem tra settings.xml 
[FAILED] spring-boot-starter-logging-3.5.2.pom - Vui long kiem tra settings.xml 
[FAILED] spring-boot-starter-mail-2.1.8.RELEASE.pom - Vui long kiem tra settings.xml 
[FAILED] spring-boot-starter-mail-2.6.2.pom - Vui long kiem tra settings.xml 
[FAILED] spring-boot-starter-mail-2.7.0.pom - Vui long kiem tra settings.xml 
[FAILED] spring-boot-starter-mail-2.7.12.pom - Vui long kiem tra settings.xml 
[FAILED] spring-boot-starter-mail-2.7.18.pom - Vui long kiem tra settings.xml 
[FAILED] spring-boot-starter-mail-3.0.3.pom - Vui long kiem tra settings.xml 
[FAILED] spring-boot-starter-mail-3.2.12.pom - Vui long kiem tra settings.xml 
[FAILED] spring-boot-starter-oauth2-client-3.3.1.pom - Vui long kiem tra settings.xml 
[FAILED] spring-boot-starter-oauth2-resource-server-2.6.2.pom - Vui long kiem tra settings.xml 
[FAILED] spring-boot-starter-oauth2-resource-server-2.7.12.pom - Vui long kiem tra settings.xml 
[FAILED] spring-boot-starter-oauth2-resource-server-3.0.3.pom - Vui long kiem tra settings.xml 
[FAILED] spring-boot-starter-oauth2-resource-server-3.1.4.pom - Vui long kiem tra settings.xml 
[FAILED] spring-boot-starter-oauth2-resource-server-3.3.1.pom - Vui long kiem tra settings.xml 
[FAILED] spring-boot-starter-parent-2.1.1.RELEASE.pom - Vui long kiem tra settings.xml 
[FAILED] spring-boot-starter-parent-2.1.2.RELEASE.pom - Vui long kiem tra settings.xml 
[FAILED] spring-boot-starter-parent-2.1.8.RELEASE.pom - Vui long kiem tra settings.xml 
[FAILED] spring-boot-starter-parent-2.2.4.RELEASE.pom - Vui long kiem tra settings.xml 
[FAILED] spring-boot-starter-parent-2.3.12.RELEASE.pom - Vui long kiem tra settings.xml 
[FAILED] spring-boot-starter-parent-2.4.3.pom - Vui long kiem tra settings.xml 
[FAILED] spring-boot-starter-parent-2.5.2.pom - Vui long kiem tra settings.xml 
[FAILED] spring-boot-starter-parent-2.5.5.pom - Vui long kiem tra settings.xml 
[FAILED] spring-boot-starter-parent-2.5.6.pom - Vui long kiem tra settings.xml 
[FAILED] spring-boot-starter-parent-2.6.2.pom - Vui long kiem tra settings.xml 
[FAILED] spring-boot-starter-parent-2.7.0.pom - Vui long kiem tra settings.xml 
[FAILED] spring-boot-starter-parent-2.7.1.pom - Vui long kiem tra settings.xml 
[FAILED] spring-boot-starter-parent-2.7.10.pom - Vui long kiem tra settings.xml 
[FAILED] spring-boot-starter-parent-2.7.11.pom - Vui long kiem tra settings.xml 
[FAILED] spring-boot-starter-parent-2.7.12.pom - Vui long kiem tra settings.xml 
[FAILED] spring-boot-starter-parent-2.7.15.pom - Vui long kiem tra settings.xml 
[FAILED] spring-boot-starter-parent-2.7.16.pom - Vui long kiem tra settings.xml 
[FAILED] spring-boot-starter-parent-2.7.17.pom - Vui long kiem tra settings.xml 
[FAILED] spring-boot-starter-parent-2.7.18.pom - Vui long kiem tra settings.xml 
[FAILED] spring-boot-starter-parent-2.7.6.pom - Vui long kiem tra settings.xml 
[FAILED] spring-boot-starter-parent-2.7.9.pom - Vui long kiem tra settings.xml 
[FAILED] spring-boot-starter-parent-3.0.0.pom - Vui long kiem tra settings.xml 
[FAILED] spring-boot-starter-parent-3.0.3.pom - Vui long kiem tra settings.xml 
[FAILED] spring-boot-starter-parent-3.1.3.pom - Vui long kiem tra settings.xml 
[FAILED] spring-boot-starter-parent-3.1.4.pom - Vui long kiem tra settings.xml 
[FAILED] spring-boot-starter-parent-3.2.10.pom - Vui long kiem tra settings.xml 
[FAILED] spring-boot-starter-parent-3.2.12.pom - Vui long kiem tra settings.xml 
[FAILED] spring-boot-starter-parent-3.2.2.pom - Vui long kiem tra settings.xml 
[FAILED] spring-boot-starter-parent-3.2.4.pom - Vui long kiem tra settings.xml 
[FAILED] spring-boot-starter-parent-3.2.5.pom - Vui long kiem tra settings.xml 
[FAILED] spring-boot-starter-parent-3.3.0.pom - Vui long kiem tra settings.xml 
[FAILED] spring-boot-starter-parent-3.3.1.pom - Vui long kiem tra settings.xml 
[FAILED] spring-boot-starter-parent-3.3.4.pom - Vui long kiem tra settings.xml 
[FAILED] spring-boot-starter-parent-3.5.2.pom - Vui long kiem tra settings.xml 
[FAILED] spring-boot-starter-quartz-2.5.2.pom - Vui long kiem tra settings.xml 
[FAILED] spring-boot-starter-quartz-2.7.0.pom - Vui long kiem tra settings.xml 
[FAILED] spring-boot-starter-quartz-2.7.18.pom - Vui long kiem tra settings.xml 
[FAILED] spring-boot-starter-quartz-3.2.12.pom - Vui long kiem tra settings.xml 
[FAILED] spring-boot-starter-reactor-netty-2.3.12.RELEASE.pom - Vui long kiem tra settings.xml 
[FAILED] spring-boot-starter-reactor-netty-2.3.4.RELEASE.pom - Vui long kiem tra settings.xml 
[FAILED] spring-boot-starter-reactor-netty-3.2.12.pom - Vui long kiem tra settings.xml 
[FAILED] spring-boot-starter-reactor-netty-3.2.4.pom - Vui long kiem tra settings.xml 
[FAILED] spring-boot-starter-reactor-netty-3.3.1.pom - Vui long kiem tra settings.xml 
[FAILED] spring-boot-starter-reactor-netty-3.3.13.pom - Vui long kiem tra settings.xml 
[FAILED] spring-boot-starter-security-2.1.1.RELEASE.pom - Vui long kiem tra settings.xml 
[FAILED] spring-boot-starter-security-2.1.2.RELEASE.pom - Vui long kiem tra settings.xml 
[FAILED] spring-boot-starter-security-2.1.8.RELEASE.pom - Vui long kiem tra settings.xml 
[FAILED] spring-boot-starter-security-2.3.12.RELEASE.pom - Vui long kiem tra settings.xml 
[FAILED] spring-boot-starter-security-2.4.3.pom - Vui long kiem tra settings.xml 
[FAILED] spring-boot-starter-security-2.5.6.pom - Vui long kiem tra settings.xml 
[FAILED] spring-boot-starter-security-2.6.2.pom - Vui long kiem tra settings.xml 
[FAILED] spring-boot-starter-security-2.7.0.pom - Vui long kiem tra settings.xml 
[FAILED] spring-boot-starter-security-2.7.1.pom - Vui long kiem tra settings.xml 
[FAILED] spring-boot-starter-security-2.7.12.pom - Vui long kiem tra settings.xml 
[FAILED] spring-boot-starter-security-2.7.16.pom - Vui long kiem tra settings.xml 
[FAILED] spring-boot-starter-security-2.7.17.pom - Vui long kiem tra settings.xml 
[FAILED] spring-boot-starter-security-2.7.18.pom - Vui long kiem tra settings.xml 
[FAILED] spring-boot-starter-security-2.7.6.pom - Vui long kiem tra settings.xml 
[FAILED] spring-boot-starter-security-3.0.3.pom - Vui long kiem tra settings.xml 
[FAILED] spring-boot-starter-security-3.2.12.pom - Vui long kiem tra settings.xml 
[FAILED] spring-boot-starter-security-3.2.2.pom - Vui long kiem tra settings.xml 
[FAILED] spring-boot-starter-security-3.2.5.pom - Vui long kiem tra settings.xml 
[FAILED] spring-boot-starter-security-3.3.1.pom - Vui long kiem tra settings.xml 
[FAILED] spring-boot-starter-security-3.5.2.pom - Vui long kiem tra settings.xml 
[FAILED] spring-boot-starter-test-2.1.1.RELEASE.pom - Vui long kiem tra settings.xml 
[FAILED] spring-boot-starter-test-2.1.2.RELEASE.pom - Vui long kiem tra settings.xml 
[FAILED] spring-boot-starter-test-2.1.8.RELEASE.pom - Vui long kiem tra settings.xml 
[FAILED] spring-boot-starter-test-2.3.12.RELEASE.pom - Vui long kiem tra settings.xml 
[FAILED] spring-boot-starter-test-2.5.6.pom - Vui long kiem tra settings.xml 
[FAILED] spring-boot-starter-test-2.6.2.pom - Vui long kiem tra settings.xml 
[FAILED] spring-boot-starter-test-2.7.0.pom - Vui long kiem tra settings.xml 
[FAILED] spring-boot-starter-test-2.7.10.pom - Vui long kiem tra settings.xml 
[FAILED] spring-boot-starter-test-2.7.11.pom - Vui long kiem tra settings.xml 
[FAILED] spring-boot-starter-test-2.7.12.pom - Vui long kiem tra settings.xml 
[FAILED] spring-boot-starter-test-2.7.15.pom - Vui long kiem tra settings.xml 
[FAILED] spring-boot-starter-test-2.7.16.pom - Vui long kiem tra settings.xml 
[FAILED] spring-boot-starter-test-2.7.17.pom - Vui long kiem tra settings.xml 
[FAILED] spring-boot-starter-test-2.7.18.pom - Vui long kiem tra settings.xml 
[FAILED] spring-boot-starter-test-2.7.6.pom - Vui long kiem tra settings.xml 
[FAILED] spring-boot-starter-test-2.7.9.pom - Vui long kiem tra settings.xml 
[FAILED] spring-boot-starter-test-3.0.3.pom - Vui long kiem tra settings.xml 
[FAILED] spring-boot-starter-test-3.1.3.pom - Vui long kiem tra settings.xml 
[FAILED] spring-boot-starter-test-3.2.10.pom - Vui long kiem tra settings.xml 
[FAILED] spring-boot-starter-test-3.2.12.pom - Vui long kiem tra settings.xml 
[FAILED] spring-boot-starter-test-3.2.2.pom - Vui long kiem tra settings.xml 
[FAILED] spring-boot-starter-test-3.2.5.pom - Vui long kiem tra settings.xml 
[FAILED] spring-boot-starter-test-3.3.1.pom - Vui long kiem tra settings.xml 
[FAILED] spring-boot-starter-test-3.3.4.pom - Vui long kiem tra settings.xml 
[FAILED] spring-boot-starter-test-3.5.2.pom - Vui long kiem tra settings.xml 
[FAILED] spring-boot-starter-thymeleaf-2.1.8.RELEASE.pom - Vui long kiem tra settings.xml 
[FAILED] spring-boot-starter-thymeleaf-2.3.12.RELEASE.pom - Vui long kiem tra settings.xml 
[FAILED] spring-boot-starter-thymeleaf-2.3.4.RELEASE.pom - Vui long kiem tra settings.xml 
[FAILED] spring-boot-starter-thymeleaf-2.5.2.pom - Vui long kiem tra settings.xml 
[FAILED] spring-boot-starter-thymeleaf-2.6.2.pom - Vui long kiem tra settings.xml 
[FAILED] spring-boot-starter-thymeleaf-2.7.0.pom - Vui long kiem tra settings.xml 
[FAILED] spring-boot-starter-thymeleaf-2.7.10.pom - Vui long kiem tra settings.xml 
[FAILED] spring-boot-starter-thymeleaf-2.7.12.pom - Vui long kiem tra settings.xml 
[FAILED] spring-boot-starter-thymeleaf-2.7.18.pom - Vui long kiem tra settings.xml 
[FAILED] spring-boot-starter-thymeleaf-3.0.3.pom - Vui long kiem tra settings.xml 
[FAILED] spring-boot-starter-thymeleaf-3.2.12.pom - Vui long kiem tra settings.xml 
[FAILED] spring-boot-starter-thymeleaf-3.2.4.pom - Vui long kiem tra settings.xml 
[FAILED] spring-boot-starter-tomcat-2.1.1.RELEASE.pom - Vui long kiem tra settings.xml 
[FAILED] spring-boot-starter-tomcat-2.1.2.RELEASE.pom - Vui long kiem tra settings.xml 
[FAILED] spring-boot-starter-tomcat-2.1.8.RELEASE.pom - Vui long kiem tra settings.xml 
[FAILED] spring-boot-starter-tomcat-2.3.10.RELEASE.pom - Vui long kiem tra settings.xml 
[FAILED] spring-boot-starter-tomcat-2.3.12.RELEASE.pom - Vui long kiem tra settings.xml 
[FAILED] spring-boot-starter-tomcat-2.3.4.RELEASE.pom - Vui long kiem tra settings.xml 
[FAILED] spring-boot-starter-tomcat-2.4.3.pom - Vui long kiem tra settings.xml 
[FAILED] spring-boot-starter-tomcat-2.5.2.pom - Vui long kiem tra settings.xml 
[FAILED] spring-boot-starter-tomcat-2.5.6.pom - Vui long kiem tra settings.xml 
[FAILED] spring-boot-starter-tomcat-2.6.2.pom - Vui long kiem tra settings.xml 
[FAILED] spring-boot-starter-tomcat-2.7.0.pom - Vui long kiem tra settings.xml 
[FAILED] spring-boot-starter-tomcat-2.7.1.pom - Vui long kiem tra settings.xml 
[FAILED] spring-boot-starter-tomcat-2.7.10.pom - Vui long kiem tra settings.xml 
[FAILED] spring-boot-starter-tomcat-2.7.12.pom - Vui long kiem tra settings.xml 
[FAILED] spring-boot-starter-tomcat-2.7.15.pom - Vui long kiem tra settings.xml 
[FAILED] spring-boot-starter-tomcat-2.7.16.pom - Vui long kiem tra settings.xml 
[FAILED] spring-boot-starter-tomcat-2.7.17.pom - Vui long kiem tra settings.xml 
[FAILED] spring-boot-starter-tomcat-2.7.18.pom - Vui long kiem tra settings.xml 
[FAILED] spring-boot-starter-tomcat-2.7.6.pom - Vui long kiem tra settings.xml 
[FAILED] spring-boot-starter-tomcat-2.7.9.pom - Vui long kiem tra settings.xml 
[FAILED] spring-boot-starter-tomcat-3.0.3.pom - Vui long kiem tra settings.xml 
[FAILED] spring-boot-starter-tomcat-3.0.7.pom - Vui long kiem tra settings.xml 
[FAILED] spring-boot-starter-tomcat-3.1.3.pom - Vui long kiem tra settings.xml 
[FAILED] spring-boot-starter-tomcat-3.1.4.pom - Vui long kiem tra settings.xml 
[FAILED] spring-boot-starter-tomcat-3.2.10.pom - Vui long kiem tra settings.xml 
[FAILED] spring-boot-starter-tomcat-3.2.12.pom - Vui long kiem tra settings.xml 
[FAILED] spring-boot-starter-tomcat-3.2.2.pom - Vui long kiem tra settings.xml 
[FAILED] spring-boot-starter-tomcat-3.2.4.pom - Vui long kiem tra settings.xml 
[FAILED] spring-boot-starter-tomcat-3.2.5.pom - Vui long kiem tra settings.xml 
[FAILED] spring-boot-starter-tomcat-3.2.7.pom - Vui long kiem tra settings.xml 
[FAILED] spring-boot-starter-tomcat-3.3.1.pom - Vui long kiem tra settings.xml 
[FAILED] spring-boot-starter-tomcat-3.3.13.pom - Vui long kiem tra settings.xml 
[FAILED] spring-boot-starter-tomcat-3.3.4.pom - Vui long kiem tra settings.xml 
[FAILED] spring-boot-starter-tomcat-3.5.2.pom - Vui long kiem tra settings.xml 
[FAILED] spring-boot-starter-validation-2.3.10.RELEASE.pom - Vui long kiem tra settings.xml 
[FAILED] spring-boot-starter-validation-2.3.12.RELEASE.pom - Vui long kiem tra settings.xml 
[FAILED] spring-boot-starter-validation-2.4.5.pom - Vui long kiem tra settings.xml 
[FAILED] spring-boot-starter-validation-2.5.6.pom - Vui long kiem tra settings.xml 
[FAILED] spring-boot-starter-validation-2.6.2.pom - Vui long kiem tra settings.xml 
[FAILED] spring-boot-starter-validation-2.7.10.pom - Vui long kiem tra settings.xml 
[FAILED] spring-boot-starter-validation-2.7.12.pom - Vui long kiem tra settings.xml 
[FAILED] spring-boot-starter-validation-2.7.17.pom - Vui long kiem tra settings.xml 
[FAILED] spring-boot-starter-validation-2.7.6.pom - Vui long kiem tra settings.xml 
[FAILED] spring-boot-starter-validation-3.0.3.pom - Vui long kiem tra settings.xml 
[FAILED] spring-boot-starter-validation-3.0.7.pom - Vui long kiem tra settings.xml 
[FAILED] spring-boot-starter-validation-3.1.4.pom - Vui long kiem tra settings.xml 
[FAILED] spring-boot-starter-validation-3.2.12.pom - Vui long kiem tra settings.xml 
[FAILED] spring-boot-starter-validation-3.2.2.pom - Vui long kiem tra settings.xml 
[FAILED] spring-boot-starter-validation-3.2.5.pom - Vui long kiem tra settings.xml 
[FAILED] spring-boot-starter-validation-3.2.7.pom - Vui long kiem tra settings.xml 
[FAILED] spring-boot-starter-validation-3.3.1.pom - Vui long kiem tra settings.xml 
[FAILED] spring-boot-starter-validation-3.3.13.pom - Vui long kiem tra settings.xml 
[FAILED] spring-boot-starter-validation-3.5.2.pom - Vui long kiem tra settings.xml 
[FAILED] spring-boot-starter-web-2.1.1.RELEASE.pom - Vui long kiem tra settings.xml 
[FAILED] spring-boot-starter-web-2.1.2.RELEASE.pom - Vui long kiem tra settings.xml 
[FAILED] spring-boot-starter-web-2.1.8.RELEASE.pom - Vui long kiem tra settings.xml 
[FAILED] spring-boot-starter-web-2.3.10.RELEASE.pom - Vui long kiem tra settings.xml 
[FAILED] spring-boot-starter-web-2.3.12.RELEASE.pom - Vui long kiem tra settings.xml 
[FAILED] spring-boot-starter-web-2.3.4.RELEASE.pom - Vui long kiem tra settings.xml 
[FAILED] spring-boot-starter-web-2.4.3.pom - Vui long kiem tra settings.xml 
[FAILED] spring-boot-starter-web-2.5.2.pom - Vui long kiem tra settings.xml 
[FAILED] spring-boot-starter-web-2.5.6.pom - Vui long kiem tra settings.xml 
[FAILED] spring-boot-starter-web-2.6.2.pom - Vui long kiem tra settings.xml 
[FAILED] spring-boot-starter-web-2.7.0.pom - Vui long kiem tra settings.xml 
[FAILED] spring-boot-starter-web-2.7.1.pom - Vui long kiem tra settings.xml 
[FAILED] spring-boot-starter-web-2.7.10.pom - Vui long kiem tra settings.xml 
[FAILED] spring-boot-starter-web-2.7.11.pom - Vui long kiem tra settings.xml 
[FAILED] spring-boot-starter-web-2.7.12.pom - Vui long kiem tra settings.xml 
[FAILED] spring-boot-starter-web-2.7.15.pom - Vui long kiem tra settings.xml 
[FAILED] spring-boot-starter-web-2.7.16.pom - Vui long kiem tra settings.xml 
[FAILED] spring-boot-starter-web-2.7.17.pom - Vui long kiem tra settings.xml 
[FAILED] spring-boot-starter-web-2.7.18.pom - Vui long kiem tra settings.xml 
[FAILED] spring-boot-starter-web-2.7.6.pom - Vui long kiem tra settings.xml 
[FAILED] spring-boot-starter-web-2.7.9.pom - Vui long kiem tra settings.xml 
[FAILED] spring-boot-starter-web-3.0.3.pom - Vui long kiem tra settings.xml 
[FAILED] spring-boot-starter-web-3.0.7.pom - Vui long kiem tra settings.xml 
[FAILED] spring-boot-starter-web-3.1.3.pom - Vui long kiem tra settings.xml 
[FAILED] spring-boot-starter-web-3.1.4.pom - Vui long kiem tra settings.xml 
[FAILED] spring-boot-starter-web-3.2.10.pom - Vui long kiem tra settings.xml 
[FAILED] spring-boot-starter-web-3.2.12.pom - Vui long kiem tra settings.xml 
[FAILED] spring-boot-starter-web-3.2.2.pom - Vui long kiem tra settings.xml 
[FAILED] spring-boot-starter-web-3.2.4.pom - Vui long kiem tra settings.xml 
[FAILED] spring-boot-starter-web-3.2.5.pom - Vui long kiem tra settings.xml 
[FAILED] spring-boot-starter-web-3.2.7.pom - Vui long kiem tra settings.xml 
[FAILED] spring-boot-starter-web-3.3.1.pom - Vui long kiem tra settings.xml 
[FAILED] spring-boot-starter-web-3.3.13.pom - Vui long kiem tra settings.xml 
[FAILED] spring-boot-starter-web-3.3.4.pom - Vui long kiem tra settings.xml 
[FAILED] spring-boot-starter-web-3.5.2.pom - Vui long kiem tra settings.xml 
[FAILED] spring-boot-starter-webflux-2.3.12.RELEASE.pom - Vui long kiem tra settings.xml 
[FAILED] spring-boot-starter-webflux-2.3.4.RELEASE.pom - Vui long kiem tra settings.xml 
[FAILED] spring-boot-starter-webflux-3.2.12.pom - Vui long kiem tra settings.xml 
[FAILED] spring-boot-starter-webflux-3.2.4.pom - Vui long kiem tra settings.xml 
[FAILED] spring-boot-starter-webflux-3.3.1.pom - Vui long kiem tra settings.xml 
[FAILED] spring-boot-starter-webflux-3.3.13.pom - Vui long kiem tra settings.xml 
[FAILED] spring-boot-starter-websocket-2.3.12.RELEASE.pom - Vui long kiem tra settings.xml 
[FAILED] spring-boot-starter-websocket-2.5.6.pom - Vui long kiem tra settings.xml 
[FAILED] spring-boot-starter-websocket-2.7.0.pom - Vui long kiem tra settings.xml 
[FAILED] spring-boot-starter-websocket-3.2.12.pom - Vui long kiem tra settings.xml 
[FAILED] spring-boot-starters-2.1.1.RELEASE.pom - Vui long kiem tra settings.xml 
[FAILED] spring-boot-starters-2.1.2.RELEASE.pom - Vui long kiem tra settings.xml 
[FAILED] spring-boot-starters-2.1.8.RELEASE.pom - Vui long kiem tra settings.xml 
[FAILED] spring-boot-test-2.1.1.RELEASE.pom - Vui long kiem tra settings.xml 
[FAILED] spring-boot-test-2.1.2.RELEASE.pom - Vui long kiem tra settings.xml 
[FAILED] spring-boot-test-2.1.8.RELEASE.pom - Vui long kiem tra settings.xml 
[FAILED] spring-boot-test-2.3.12.RELEASE.pom - Vui long kiem tra settings.xml 
[FAILED] spring-boot-test-2.5.6.pom - Vui long kiem tra settings.xml 
[FAILED] spring-boot-test-2.6.2.pom - Vui long kiem tra settings.xml 
[FAILED] spring-boot-test-2.7.0.pom - Vui long kiem tra settings.xml 
[FAILED] spring-boot-test-2.7.10.pom - Vui long kiem tra settings.xml 
[FAILED] spring-boot-test-2.7.11.pom - Vui long kiem tra settings.xml 
[FAILED] spring-boot-test-2.7.12.pom - Vui long kiem tra settings.xml 
[FAILED] spring-boot-test-2.7.15.pom - Vui long kiem tra settings.xml 
[FAILED] spring-boot-test-2.7.16.pom - Vui long kiem tra settings.xml 
[FAILED] spring-boot-test-2.7.17.pom - Vui long kiem tra settings.xml 
[FAILED] spring-boot-test-2.7.18.pom - Vui long kiem tra settings.xml 
[FAILED] spring-boot-test-2.7.6.pom - Vui long kiem tra settings.xml 
[FAILED] spring-boot-test-2.7.9.pom - Vui long kiem tra settings.xml 
[FAILED] spring-boot-test-3.0.3.pom - Vui long kiem tra settings.xml 
[FAILED] spring-boot-test-3.1.3.pom - Vui long kiem tra settings.xml 
[FAILED] spring-boot-test-3.2.10.pom - Vui long kiem tra settings.xml 
[FAILED] spring-boot-test-3.2.12.pom - Vui long kiem tra settings.xml 
[FAILED] spring-boot-test-3.2.2.pom - Vui long kiem tra settings.xml 
[FAILED] spring-boot-test-3.2.5.pom - Vui long kiem tra settings.xml 
[FAILED] spring-boot-test-3.3.1.pom - Vui long kiem tra settings.xml 
[FAILED] spring-boot-test-3.3.4.pom - Vui long kiem tra settings.xml 
[FAILED] spring-boot-test-3.5.2.pom - Vui long kiem tra settings.xml 
[FAILED] spring-boot-test-autoconfigure-2.1.1.RELEASE.pom - Vui long kiem tra settings.xml 
[FAILED] spring-boot-test-autoconfigure-2.1.2.RELEASE.pom - Vui long kiem tra settings.xml 
[FAILED] spring-boot-test-autoconfigure-2.1.8.RELEASE.pom - Vui long kiem tra settings.xml 
[FAILED] spring-boot-test-autoconfigure-2.3.12.RELEASE.pom - Vui long kiem tra settings.xml 
[FAILED] spring-boot-test-autoconfigure-2.5.6.pom - Vui long kiem tra settings.xml 
[FAILED] spring-boot-test-autoconfigure-2.6.2.pom - Vui long kiem tra settings.xml 
[FAILED] spring-boot-test-autoconfigure-2.7.0.pom - Vui long kiem tra settings.xml 
[FAILED] spring-boot-test-autoconfigure-2.7.10.pom - Vui long kiem tra settings.xml 
[FAILED] spring-boot-test-autoconfigure-2.7.11.pom - Vui long kiem tra settings.xml 
[FAILED] spring-boot-test-autoconfigure-2.7.12.pom - Vui long kiem tra settings.xml 
[FAILED] spring-boot-test-autoconfigure-2.7.15.pom - Vui long kiem tra settings.xml 
[FAILED] spring-boot-test-autoconfigure-2.7.16.pom - Vui long kiem tra settings.xml 
[FAILED] spring-boot-test-autoconfigure-2.7.17.pom - Vui long kiem tra settings.xml 
[FAILED] spring-boot-test-autoconfigure-2.7.18.pom - Vui long kiem tra settings.xml 
[FAILED] spring-boot-test-autoconfigure-2.7.6.pom - Vui long kiem tra settings.xml 
[FAILED] spring-boot-test-autoconfigure-2.7.9.pom - Vui long kiem tra settings.xml 
[FAILED] spring-boot-test-autoconfigure-3.0.3.pom - Vui long kiem tra settings.xml 
[FAILED] spring-boot-test-autoconfigure-3.1.3.pom - Vui long kiem tra settings.xml 
[FAILED] spring-boot-test-autoconfigure-3.2.10.pom - Vui long kiem tra settings.xml 
[FAILED] spring-boot-test-autoconfigure-3.2.12.pom - Vui long kiem tra settings.xml 
[FAILED] spring-boot-test-autoconfigure-3.2.2.pom - Vui long kiem tra settings.xml 
[FAILED] spring-boot-test-autoconfigure-3.2.5.pom - Vui long kiem tra settings.xml 
[FAILED] spring-boot-test-autoconfigure-3.3.1.pom - Vui long kiem tra settings.xml 
[FAILED] spring-boot-test-autoconfigure-3.3.4.pom - Vui long kiem tra settings.xml 
[FAILED] spring-boot-test-autoconfigure-3.5.2.pom - Vui long kiem tra settings.xml 
[FAILED] spring-boot-tools-2.1.1.RELEASE.pom - Vui long kiem tra settings.xml 
[FAILED] spring-boot-tools-2.1.2.RELEASE.pom - Vui long kiem tra settings.xml 
[FAILED] spring-boot-tools-2.1.8.RELEASE.pom - Vui long kiem tra settings.xml 
[FAILED] spring-cloud-aws-dependencies-2.0.1.RELEASE.pom - Vui long kiem tra settings.xml 
[FAILED] spring-cloud-aws-dependencies-2.1.0.RELEASE.pom - Vui long kiem tra settings.xml 
[FAILED] spring-cloud-aws-dependencies-2.2.1.RELEASE.pom - Vui long kiem tra settings.xml 
[FAILED] spring-cloud-aws-dependencies-2.2.6.RELEASE.pom - Vui long kiem tra settings.xml 
[FAILED] spring-cloud-build-2.1.0.RC3.pom - Vui long kiem tra settings.xml 
[FAILED] spring-cloud-build-2.1.2.RELEASE.pom - Vui long kiem tra settings.xml 
[FAILED] spring-cloud-build-2.3.4.RELEASE.pom - Vui long kiem tra settings.xml 
[FAILED] spring-cloud-build-2.3.5.RELEASE.pom - Vui long kiem tra settings.xml 
[FAILED] spring-cloud-build-4.1.1.pom - Vui long kiem tra settings.xml 
[FAILED] spring-cloud-build-4.1.3.pom - Vui long kiem tra settings.xml 
[FAILED] spring-cloud-build-4.1.6.pom - Vui long kiem tra settings.xml 
[FAILED] spring-cloud-build-dependencies-2.1.0.RC3.pom - Vui long kiem tra settings.xml 
[FAILED] spring-cloud-build-dependencies-2.1.2.RELEASE.pom - Vui long kiem tra settings.xml 
[FAILED] spring-cloud-build-dependencies-2.3.4.RELEASE.pom - Vui long kiem tra settings.xml 
[FAILED] spring-cloud-build-dependencies-2.3.5.RELEASE.pom - Vui long kiem tra settings.xml 
[FAILED] spring-cloud-build-dependencies-4.1.1.pom - Vui long kiem tra settings.xml 
[FAILED] spring-cloud-build-dependencies-4.1.3.pom - Vui long kiem tra settings.xml 
[FAILED] spring-cloud-build-dependencies-4.1.6.pom - Vui long kiem tra settings.xml 
[FAILED] spring-cloud-bus-dependencies-2.1.0.RC2.pom - Vui long kiem tra settings.xml 
[FAILED] spring-cloud-bus-dependencies-2.1.0.RELEASE.pom - Vui long kiem tra settings.xml 
[FAILED] spring-cloud-bus-dependencies-2.2.0.RELEASE.pom - Vui long kiem tra settings.xml 
[FAILED] spring-cloud-bus-dependencies-2.2.4.RELEASE.pom - Vui long kiem tra settings.xml 
[FAILED] spring-cloud-bus-dependencies-3.1.2.pom - Vui long kiem tra settings.xml 
[FAILED] spring-cloud-bus-dependencies-4.1.1.pom - Vui long kiem tra settings.xml 
[FAILED] spring-cloud-bus-dependencies-4.1.2.pom - Vui long kiem tra settings.xml 
[FAILED] spring-cloud-bus-dependencies-4.1.3.pom - Vui long kiem tra settings.xml 
[FAILED] spring-cloud-circuitbreaker-1.0.6.RELEASE.pom - Vui long kiem tra settings.xml 
[FAILED] spring-cloud-circuitbreaker-3.1.5.pom - Vui long kiem tra settings.xml 
[FAILED] spring-cloud-circuitbreaker-dependencies-1.0.0.RELEASE.pom - Vui long kiem tra settings.xml 
[FAILED] spring-cloud-circuitbreaker-dependencies-1.0.5.RELEASE.pom - Vui long kiem tra settings.xml 
[FAILED] spring-cloud-circuitbreaker-dependencies-1.0.6.RELEASE.pom - Vui long kiem tra settings.xml 
[FAILED] spring-cloud-circuitbreaker-dependencies-2.1.5.pom - Vui long kiem tra settings.xml 
[FAILED] spring-cloud-circuitbreaker-dependencies-3.1.1.pom - Vui long kiem tra settings.xml 
[FAILED] spring-cloud-circuitbreaker-dependencies-3.1.2.pom - Vui long kiem tra settings.xml 
[FAILED] spring-cloud-circuitbreaker-dependencies-3.1.5.pom - Vui long kiem tra settings.xml 
[FAILED] spring-cloud-circuitbreaker-resilience4j-1.0.6.RELEASE.pom - Vui long kiem tra settings.xml 
[FAILED] spring-cloud-circuitbreaker-resilience4j-3.1.5.pom - Vui long kiem tra settings.xml 
[FAILED] spring-cloud-cloudfoundry-dependencies-2.1.0.RC2.pom - Vui long kiem tra settings.xml 
[FAILED] spring-cloud-cloudfoundry-dependencies-2.1.0.RELEASE.pom - Vui long kiem tra settings.xml 
[FAILED] spring-cloud-cloudfoundry-dependencies-2.2.0.RELEASE.pom - Vui long kiem tra settings.xml 
[FAILED] spring-cloud-cloudfoundry-dependencies-2.2.3.RELEASE.pom - Vui long kiem tra settings.xml 
[FAILED] spring-cloud-cloudfoundry-dependencies-3.1.2.pom - Vui long kiem tra settings.xml 
[FAILED] spring-cloud-commons-2.1.0.RC2.pom - Vui long kiem tra settings.xml 
[FAILED] spring-cloud-commons-2.1.0.RELEASE.pom - Vui long kiem tra settings.xml 
[FAILED] spring-cloud-commons-2.2.8.RELEASE.pom - Vui long kiem tra settings.xml 
[FAILED] spring-cloud-commons-2.2.9.RELEASE.pom - Vui long kiem tra settings.xml 
[FAILED] spring-cloud-commons-4.1.2.pom - Vui long kiem tra settings.xml 
[FAILED] spring-cloud-commons-4.1.4.pom - Vui long kiem tra settings.xml 
[FAILED] spring-cloud-commons-4.1.6.pom - Vui long kiem tra settings.xml 
[FAILED] spring-cloud-commons-dependencies-2.1.0.RC2.pom - Vui long kiem tra settings.xml 
[FAILED] spring-cloud-commons-dependencies-2.1.0.RELEASE.pom - Vui long kiem tra settings.xml 
[FAILED] spring-cloud-commons-dependencies-2.2.1.RELEASE.pom - Vui long kiem tra settings.xml 
[FAILED] spring-cloud-commons-dependencies-2.2.8.RELEASE.pom - Vui long kiem tra settings.xml 
[FAILED] spring-cloud-commons-dependencies-2.2.9.RELEASE.pom - Vui long kiem tra settings.xml 
[FAILED] spring-cloud-commons-dependencies-3.1.5.pom - Vui long kiem tra settings.xml 
[FAILED] spring-cloud-commons-dependencies-4.1.2.pom - Vui long kiem tra settings.xml 
[FAILED] spring-cloud-commons-dependencies-4.1.4.pom - Vui long kiem tra settings.xml 
[FAILED] spring-cloud-commons-dependencies-4.1.6.pom - Vui long kiem tra settings.xml 
[FAILED] spring-cloud-commons-parent-2.1.0.RC2.pom - Vui long kiem tra settings.xml 
[FAILED] spring-cloud-commons-parent-2.1.0.RELEASE.pom - Vui long kiem tra settings.xml 
[FAILED] spring-cloud-commons-parent-2.2.8.RELEASE.pom - Vui long kiem tra settings.xml 
[FAILED] spring-cloud-commons-parent-2.2.9.RELEASE.pom - Vui long kiem tra settings.xml 
[FAILED] spring-cloud-commons-parent-4.1.2.pom - Vui long kiem tra settings.xml 
[FAILED] spring-cloud-commons-parent-4.1.4.pom - Vui long kiem tra settings.xml 
[FAILED] spring-cloud-commons-parent-4.1.6.pom - Vui long kiem tra settings.xml 
[FAILED] spring-cloud-config-2.2.8.RELEASE.pom - Vui long kiem tra settings.xml 
[FAILED] spring-cloud-config-4.1.3.pom - Vui long kiem tra settings.xml 
[FAILED] spring-cloud-config-4.1.7.pom - Vui long kiem tra settings.xml 
[FAILED] spring-cloud-config-client-2.2.8.RELEASE.pom - Vui long kiem tra settings.xml 
[FAILED] spring-cloud-config-client-4.1.3.pom - Vui long kiem tra settings.xml 
[FAILED] spring-cloud-config-client-4.1.7.pom - Vui long kiem tra settings.xml 
[FAILED] spring-cloud-config-dependencies-2.1.0.RC2.pom - Vui long kiem tra settings.xml 
[FAILED] spring-cloud-config-dependencies-2.1.0.RELEASE.pom - Vui long kiem tra settings.xml 
[FAILED] spring-cloud-config-dependencies-2.2.1.RELEASE.pom - Vui long kiem tra settings.xml 
[FAILED] spring-cloud-config-dependencies-2.2.8.RELEASE.pom - Vui long kiem tra settings.xml 
[FAILED] spring-cloud-config-dependencies-3.1.5.pom - Vui long kiem tra settings.xml 
[FAILED] spring-cloud-config-dependencies-4.1.1.pom - Vui long kiem tra settings.xml 
[FAILED] spring-cloud-config-dependencies-4.1.3.pom - Vui long kiem tra settings.xml 
[FAILED] spring-cloud-config-dependencies-4.1.7.pom - Vui long kiem tra settings.xml 
[FAILED] spring-cloud-config-server-2.2.8.RELEASE.pom - Vui long kiem tra settings.xml 
[FAILED] spring-cloud-config-server-4.1.3.pom - Vui long kiem tra settings.xml 
[FAILED] spring-cloud-config-server-4.1.7.pom - Vui long kiem tra settings.xml 
[FAILED] spring-cloud-consul-dependencies-2.1.0.RC2.pom - Vui long kiem tra settings.xml 
[FAILED] spring-cloud-consul-dependencies-2.1.0.RELEASE.pom - Vui long kiem tra settings.xml 
[FAILED] spring-cloud-consul-dependencies-2.2.1.RELEASE.pom - Vui long kiem tra settings.xml 
[FAILED] spring-cloud-consul-dependencies-2.2.8.RELEASE.pom - Vui long kiem tra settings.xml 
[FAILED] spring-cloud-consul-dependencies-3.1.2.pom - Vui long kiem tra settings.xml 
[FAILED] spring-cloud-consul-dependencies-4.1.1.pom - Vui long kiem tra settings.xml 
[FAILED] spring-cloud-consul-dependencies-4.1.2.pom - Vui long kiem tra settings.xml 
[FAILED] spring-cloud-consul-dependencies-4.1.3.pom - Vui long kiem tra settings.xml 
[FAILED] spring-cloud-context-2.1.0.RC2.pom - Vui long kiem tra settings.xml 
[FAILED] spring-cloud-context-2.1.0.RELEASE.pom - Vui long kiem tra settings.xml 
[FAILED] spring-cloud-context-2.2.8.RELEASE.pom - Vui long kiem tra settings.xml 
[FAILED] spring-cloud-context-2.2.9.RELEASE.pom - Vui long kiem tra settings.xml 
[FAILED] spring-cloud-context-4.1.2.pom - Vui long kiem tra settings.xml 
[FAILED] spring-cloud-context-4.1.4.pom - Vui long kiem tra settings.xml 
[FAILED] spring-cloud-context-4.1.6.pom - Vui long kiem tra settings.xml 
[FAILED] spring-cloud-contract-dependencies-2.0.1.RELEASE.pom - Vui long kiem tra settings.xml 
[FAILED] spring-cloud-contract-dependencies-2.0.2.RELEASE.pom - Vui long kiem tra settings.xml 
[FAILED] spring-cloud-contract-dependencies-2.1.0.RC2.pom - Vui long kiem tra settings.xml 
[FAILED] spring-cloud-contract-dependencies-2.1.0.RELEASE.pom - Vui long kiem tra settings.xml 
[FAILED] spring-cloud-contract-dependencies-2.2.1.RELEASE.pom - Vui long kiem tra settings.xml 
[FAILED] spring-cloud-contract-dependencies-2.2.8.RELEASE.pom - Vui long kiem tra settings.xml 
[FAILED] spring-cloud-contract-dependencies-3.1.5.pom - Vui long kiem tra settings.xml 
[FAILED] spring-cloud-contract-dependencies-4.1.2.pom - Vui long kiem tra settings.xml 
[FAILED] spring-cloud-contract-dependencies-4.1.4.pom - Vui long kiem tra settings.xml 
[FAILED] spring-cloud-contract-dependencies-4.1.6.pom - Vui long kiem tra settings.xml 
[FAILED] spring-cloud-dependencies-2021.0.5.pom - Vui long kiem tra settings.xml 
[FAILED] spring-cloud-dependencies-2023.0.1.pom - Vui long kiem tra settings.xml 
[FAILED] spring-cloud-dependencies-2023.0.3.pom - Vui long kiem tra settings.xml 
[FAILED] spring-cloud-dependencies-2023.0.6.pom - Vui long kiem tra settings.xml 
[FAILED] spring-cloud-dependencies-Greenwich.RC1.pom - Vui long kiem tra settings.xml 
[FAILED] spring-cloud-dependencies-Greenwich.RELEASE.pom - Vui long kiem tra settings.xml 
[FAILED] spring-cloud-dependencies-Hoxton.SR1.pom - Vui long kiem tra settings.xml 
[FAILED] spring-cloud-dependencies-Hoxton.SR12.pom - Vui long kiem tra settings.xml 
[FAILED] spring-cloud-dependencies-parent-2.0.3.RELEASE.pom - Vui long kiem tra settings.xml 
[FAILED] spring-cloud-dependencies-parent-2.0.4.RELEASE.pom - Vui long kiem tra settings.xml 
[FAILED] spring-cloud-dependencies-parent-2.1.0.RC2.pom - Vui long kiem tra settings.xml 
[FAILED] spring-cloud-dependencies-parent-2.1.0.RC3.pom - Vui long kiem tra settings.xml 
[FAILED] spring-cloud-dependencies-parent-2.1.1.RELEASE.pom - Vui long kiem tra settings.xml 
[FAILED] spring-cloud-dependencies-parent-2.1.2.RELEASE.pom - Vui long kiem tra settings.xml 
[FAILED] spring-cloud-dependencies-parent-2.2.0.RELEASE.pom - Vui long kiem tra settings.xml 
[FAILED] spring-cloud-dependencies-parent-2.2.1.RELEASE.pom - Vui long kiem tra settings.xml 
[FAILED] spring-cloud-dependencies-parent-2.2.3.RELEASE.pom - Vui long kiem tra settings.xml 
[FAILED] spring-cloud-dependencies-parent-2.3.1.RELEASE.pom - Vui long kiem tra settings.xml 
[FAILED] spring-cloud-dependencies-parent-2.3.2.RELEASE.pom - Vui long kiem tra settings.xml 
[FAILED] spring-cloud-dependencies-parent-2.3.4.RELEASE.pom - Vui long kiem tra settings.xml 
[FAILED] spring-cloud-dependencies-parent-2.3.5.RELEASE.pom - Vui long kiem tra settings.xml 
[FAILED] spring-cloud-dependencies-parent-3.1.3.pom - Vui long kiem tra settings.xml 
[FAILED] spring-cloud-dependencies-parent-3.1.4.pom - Vui long kiem tra settings.xml 
[FAILED] spring-cloud-dependencies-parent-3.1.5.pom - Vui long kiem tra settings.xml 
[FAILED] spring-cloud-dependencies-parent-4.1.1.pom - Vui long kiem tra settings.xml 
[FAILED] spring-cloud-dependencies-parent-4.1.3.pom - Vui long kiem tra settings.xml 
[FAILED] spring-cloud-dependencies-parent-4.1.4.pom - Vui long kiem tra settings.xml 
[FAILED] spring-cloud-dependencies-parent-4.1.6.pom - Vui long kiem tra settings.xml 
[FAILED] spring-cloud-function-context-3.0.14.RELEASE.pom - Vui long kiem tra settings.xml 
[FAILED] spring-cloud-function-context-4.1.6.pom - Vui long kiem tra settings.xml 
[FAILED] spring-cloud-function-core-3.0.14.RELEASE.pom - Vui long kiem tra settings.xml 
[FAILED] spring-cloud-function-core-4.1.6.pom - Vui long kiem tra settings.xml 
[FAILED] spring-cloud-function-dependencies-2.0.0.RC2.pom - Vui long kiem tra settings.xml 
[FAILED] spring-cloud-function-dependencies-2.0.0.RELEASE.pom - Vui long kiem tra settings.xml 
[FAILED] spring-cloud-function-dependencies-3.0.1.RELEASE.pom - Vui long kiem tra settings.xml 
[FAILED] spring-cloud-function-dependencies-3.0.14.RELEASE.pom - Vui long kiem tra settings.xml 
[FAILED] spring-cloud-function-dependencies-3.2.8.pom - Vui long kiem tra settings.xml 
[FAILED] spring-cloud-function-dependencies-4.1.1.pom - Vui long kiem tra settings.xml 
[FAILED] spring-cloud-function-dependencies-4.1.3.pom - Vui long kiem tra settings.xml 
[FAILED] spring-cloud-function-dependencies-4.1.6.pom - Vui long kiem tra settings.xml 
[FAILED] spring-cloud-function-parent-3.0.14.RELEASE.pom - Vui long kiem tra settings.xml 
[FAILED] spring-cloud-function-parent-4.1.6.pom - Vui long kiem tra settings.xml 
[FAILED] spring-cloud-gateway-2.2.9.RELEASE.pom - Vui long kiem tra settings.xml 
[FAILED] spring-cloud-gateway-4.1.9.pom - Vui long kiem tra settings.xml 
[FAILED] spring-cloud-gateway-dependencies-2.1.0.RC2.pom - Vui long kiem tra settings.xml 
[FAILED] spring-cloud-gateway-dependencies-2.1.0.RELEASE.pom - Vui long kiem tra settings.xml 
[FAILED] spring-cloud-gateway-dependencies-2.2.1.RELEASE.pom - Vui long kiem tra settings.xml 
[FAILED] spring-cloud-gateway-dependencies-2.2.8.RELEASE.pom - Vui long kiem tra settings.xml 
[FAILED] spring-cloud-gateway-dependencies-2.2.9.RELEASE.pom - Vui long kiem tra settings.xml 
[FAILED] spring-cloud-gateway-dependencies-3.1.4.pom - Vui long kiem tra settings.xml 
[FAILED] spring-cloud-gateway-dependencies-4.1.2.pom - Vui long kiem tra settings.xml 
[FAILED] spring-cloud-gateway-dependencies-4.1.5.pom - Vui long kiem tra settings.xml 
[FAILED] spring-cloud-gateway-dependencies-4.1.9.pom - Vui long kiem tra settings.xml 
[FAILED] spring-cloud-gateway-server-2.2.9.RELEASE.pom - Vui long kiem tra settings.xml 
[FAILED] spring-cloud-gateway-server-4.1.9.pom - Vui long kiem tra settings.xml 
[FAILED] spring-cloud-gcp-dependencies-1.1.0.RC1.pom - Vui long kiem tra settings.xml 
[FAILED] spring-cloud-gcp-dependencies-1.1.0.RELEASE.pom - Vui long kiem tra settings.xml 
[FAILED] spring-cloud-gcp-dependencies-1.2.1.RELEASE.pom - Vui long kiem tra settings.xml 
[FAILED] spring-cloud-gcp-dependencies-1.2.8.RELEASE.pom - Vui long kiem tra settings.xml 
[FAILED] spring-cloud-kubernetes-dependencies-1.0.0.RC1.pom - Vui long kiem tra settings.xml 
[FAILED] spring-cloud-kubernetes-dependencies-1.0.0.RELEASE.pom - Vui long kiem tra settings.xml 
[FAILED] spring-cloud-kubernetes-dependencies-1.1.1.RELEASE.pom - Vui long kiem tra settings.xml 
[FAILED] spring-cloud-kubernetes-dependencies-1.1.10.RELEASE.pom - Vui long kiem tra settings.xml 
[FAILED] spring-cloud-kubernetes-dependencies-2.1.5.pom - Vui long kiem tra settings.xml 
[FAILED] spring-cloud-kubernetes-dependencies-3.1.1.pom - Vui long kiem tra settings.xml 
[FAILED] spring-cloud-kubernetes-dependencies-3.1.3.pom - Vui long kiem tra settings.xml 
[FAILED] spring-cloud-kubernetes-dependencies-3.1.6.pom - Vui long kiem tra settings.xml 
[FAILED] spring-cloud-loadbalancer-2.2.9.RELEASE.pom - Vui long kiem tra settings.xml 
[FAILED] spring-cloud-loadbalancer-4.1.2.pom - Vui long kiem tra settings.xml 
[FAILED] spring-cloud-loadbalancer-4.1.6.pom - Vui long kiem tra settings.xml 
[FAILED] spring-cloud-netflix-2.1.0.RC2.pom - Vui long kiem tra settings.xml 
[FAILED] spring-cloud-netflix-2.1.0.RELEASE.pom - Vui long kiem tra settings.xml 
[FAILED] spring-cloud-netflix-2.2.9.RELEASE.pom - Vui long kiem tra settings.xml 
[FAILED] spring-cloud-netflix-4.1.1.pom - Vui long kiem tra settings.xml 
[FAILED] spring-cloud-netflix-4.1.6.pom - Vui long kiem tra settings.xml 
[FAILED] spring-cloud-netflix-archaius-2.1.0.RC2.pom - Vui long kiem tra settings.xml 
[FAILED] spring-cloud-netflix-archaius-2.1.0.RELEASE.pom - Vui long kiem tra settings.xml 
[FAILED] spring-cloud-netflix-archaius-2.2.9.RELEASE.pom - Vui long kiem tra settings.xml 
[FAILED] spring-cloud-netflix-dependencies-2.1.0.RC2.pom - Vui long kiem tra settings.xml 
[FAILED] spring-cloud-netflix-dependencies-2.1.0.RELEASE.pom - Vui long kiem tra settings.xml 
[FAILED] spring-cloud-netflix-dependencies-2.2.1.RELEASE.pom - Vui long kiem tra settings.xml 
[FAILED] spring-cloud-netflix-dependencies-2.2.8.RELEASE.pom - Vui long kiem tra settings.xml 
[FAILED] spring-cloud-netflix-dependencies-2.2.9.RELEASE.pom - Vui long kiem tra settings.xml 
[FAILED] spring-cloud-netflix-dependencies-3.1.4.pom - Vui long kiem tra settings.xml 
[FAILED] spring-cloud-netflix-dependencies-4.1.1.pom - Vui long kiem tra settings.xml 
[FAILED] spring-cloud-netflix-dependencies-4.1.3.pom - Vui long kiem tra settings.xml 
[FAILED] spring-cloud-netflix-dependencies-4.1.6.pom - Vui long kiem tra settings.xml 
[FAILED] spring-cloud-netflix-eureka-client-2.1.0.RC2.pom - Vui long kiem tra settings.xml 
[FAILED] spring-cloud-netflix-eureka-client-2.1.0.RELEASE.pom - Vui long kiem tra settings.xml 
[FAILED] spring-cloud-netflix-eureka-client-2.2.9.RELEASE.pom - Vui long kiem tra settings.xml 
[FAILED] spring-cloud-netflix-eureka-client-4.1.1.pom - Vui long kiem tra settings.xml 
[FAILED] spring-cloud-netflix-eureka-client-4.1.6.pom - Vui long kiem tra settings.xml 
[FAILED] spring-cloud-netflix-eureka-server-2.1.0.RC2.pom - Vui long kiem tra settings.xml 
[FAILED] spring-cloud-netflix-eureka-server-2.1.0.RELEASE.pom - Vui long kiem tra settings.xml 
[FAILED] spring-cloud-netflix-eureka-server-2.2.9.RELEASE.pom - Vui long kiem tra settings.xml 
[FAILED] spring-cloud-netflix-eureka-server-4.1.1.pom - Vui long kiem tra settings.xml 
[FAILED] spring-cloud-netflix-eureka-server-4.1.6.pom - Vui long kiem tra settings.xml 
[FAILED] spring-cloud-netflix-hystrix-2.1.0.RC2.pom - Vui long kiem tra settings.xml 
[FAILED] spring-cloud-netflix-hystrix-2.1.0.RELEASE.pom - Vui long kiem tra settings.xml 
[FAILED] spring-cloud-netflix-hystrix-2.2.9.RELEASE.pom - Vui long kiem tra settings.xml 
[FAILED] spring-cloud-netflix-hystrix-dashboard-2.2.9.RELEASE.pom - Vui long kiem tra settings.xml 
[FAILED] spring-cloud-netflix-hystrix-stream-2.2.9.RELEASE.pom - Vui long kiem tra settings.xml 
[FAILED] spring-cloud-netflix-ribbon-2.1.0.RC2.pom - Vui long kiem tra settings.xml 
[FAILED] spring-cloud-netflix-ribbon-2.1.0.RELEASE.pom - Vui long kiem tra settings.xml 
[FAILED] spring-cloud-netflix-ribbon-2.2.9.RELEASE.pom - Vui long kiem tra settings.xml 
[FAILED] spring-cloud-netflix-turbine-stream-2.2.9.RELEASE.pom - Vui long kiem tra settings.xml 
[FAILED] spring-cloud-netflix-zuul-2.1.0.RC2.pom - Vui long kiem tra settings.xml 
[FAILED] spring-cloud-netflix-zuul-2.1.0.RELEASE.pom - Vui long kiem tra settings.xml 
[FAILED] spring-cloud-netflix-zuul-2.2.9.RELEASE.pom - Vui long kiem tra settings.xml 
[FAILED] spring-cloud-openfeign-dependencies-2.1.0.RC2.pom - Vui long kiem tra settings.xml 
[FAILED] spring-cloud-openfeign-dependencies-2.1.0.RELEASE.pom - Vui long kiem tra settings.xml 
[FAILED] spring-cloud-openfeign-dependencies-2.2.1.RELEASE.pom - Vui long kiem tra settings.xml 
[FAILED] spring-cloud-openfeign-dependencies-2.2.8.RELEASE.pom - Vui long kiem tra settings.xml 
[FAILED] spring-cloud-openfeign-dependencies-2.2.9.RELEASE.pom - Vui long kiem tra settings.xml 
[FAILED] spring-cloud-openfeign-dependencies-3.1.5.pom - Vui long kiem tra settings.xml 
[FAILED] spring-cloud-openfeign-dependencies-4.1.1.pom - Vui long kiem tra settings.xml 
[FAILED] spring-cloud-openfeign-dependencies-4.1.3.pom - Vui long kiem tra settings.xml 
[FAILED] spring-cloud-openfeign-dependencies-4.1.5.pom - Vui long kiem tra settings.xml 
[FAILED] spring-cloud-security-dependencies-2.1.0.RC2.pom - Vui long kiem tra settings.xml 
[FAILED] spring-cloud-security-dependencies-2.1.0.RELEASE.pom - Vui long kiem tra settings.xml 
[FAILED] spring-cloud-security-dependencies-2.2.0.RELEASE.pom - Vui long kiem tra settings.xml 
[FAILED] spring-cloud-security-dependencies-2.2.5.RELEASE.pom - Vui long kiem tra settings.xml 
[FAILED] spring-cloud-sleuth-2.1.0.RC2.pom - Vui long kiem tra settings.xml 
[FAILED] spring-cloud-sleuth-2.1.0.RELEASE.pom - Vui long kiem tra settings.xml 
[FAILED] spring-cloud-sleuth-2.2.8.RELEASE.pom - Vui long kiem tra settings.xml 
[FAILED] spring-cloud-sleuth-core-2.1.0.RC2.pom - Vui long kiem tra settings.xml 
[FAILED] spring-cloud-sleuth-core-2.1.0.RELEASE.pom - Vui long kiem tra settings.xml 
[FAILED] spring-cloud-sleuth-core-2.2.8.RELEASE.pom - Vui long kiem tra settings.xml 
[FAILED] spring-cloud-sleuth-dependencies-2.1.0.RC2.pom - Vui long kiem tra settings.xml 
[FAILED] spring-cloud-sleuth-dependencies-2.1.0.RELEASE.pom - Vui long kiem tra settings.xml 
[FAILED] spring-cloud-sleuth-dependencies-2.2.1.RELEASE.pom - Vui long kiem tra settings.xml 
[FAILED] spring-cloud-sleuth-dependencies-2.2.8.RELEASE.pom - Vui long kiem tra settings.xml 
[FAILED] spring-cloud-sleuth-dependencies-3.1.5.pom - Vui long kiem tra settings.xml 
[FAILED] spring-cloud-starter-2.1.0.RC2.pom - Vui long kiem tra settings.xml 
[FAILED] spring-cloud-starter-2.1.0.RELEASE.pom - Vui long kiem tra settings.xml 
[FAILED] spring-cloud-starter-2.2.8.RELEASE.pom - Vui long kiem tra settings.xml 
[FAILED] spring-cloud-starter-2.2.9.RELEASE.pom - Vui long kiem tra settings.xml 
[FAILED] spring-cloud-starter-4.1.2.pom - Vui long kiem tra settings.xml 
[FAILED] spring-cloud-starter-4.1.4.pom - Vui long kiem tra settings.xml 
[FAILED] spring-cloud-starter-4.1.6.pom - Vui long kiem tra settings.xml 
[FAILED] spring-cloud-starter-bootstrap-4.1.6.pom - Vui long kiem tra settings.xml 
[FAILED] spring-cloud-starter-circuitbreaker-1.0.6.RELEASE.pom - Vui long kiem tra settings.xml 
[FAILED] spring-cloud-starter-circuitbreaker-3.1.5.pom - Vui long kiem tra settings.xml 
[FAILED] spring-cloud-starter-circuitbreaker-resilience4j-1.0.6.RELEASE.pom - Vui long kiem tra settings.xml 
[FAILED] spring-cloud-starter-circuitbreaker-resilience4j-3.1.5.pom - Vui long kiem tra settings.xml 
[FAILED] spring-cloud-starter-config-2.2.8.RELEASE.pom - Vui long kiem tra settings.xml 
[FAILED] spring-cloud-starter-config-4.1.3.pom - Vui long kiem tra settings.xml 
[FAILED] spring-cloud-starter-config-4.1.7.pom - Vui long kiem tra settings.xml 
[FAILED] spring-cloud-starter-gateway-2.2.9.RELEASE.pom - Vui long kiem tra settings.xml 
[FAILED] spring-cloud-starter-gateway-4.1.9.pom - Vui long kiem tra settings.xml 
[FAILED] spring-cloud-starter-loadbalancer-2.2.9.RELEASE.pom - Vui long kiem tra settings.xml 
[FAILED] spring-cloud-starter-loadbalancer-4.1.2.pom - Vui long kiem tra settings.xml 
[FAILED] spring-cloud-starter-loadbalancer-4.1.6.pom - Vui long kiem tra settings.xml 
[FAILED] spring-cloud-starter-netflix-2.1.0.RC2.pom - Vui long kiem tra settings.xml 
[FAILED] spring-cloud-starter-netflix-2.1.0.RELEASE.pom - Vui long kiem tra settings.xml 
[FAILED] spring-cloud-starter-netflix-2.2.9.RELEASE.pom - Vui long kiem tra settings.xml 
[FAILED] spring-cloud-starter-netflix-archaius-2.1.0.RC2.pom - Vui long kiem tra settings.xml 
[FAILED] spring-cloud-starter-netflix-archaius-2.1.0.RELEASE.pom - Vui long kiem tra settings.xml 
[FAILED] spring-cloud-starter-netflix-archaius-2.2.9.RELEASE.pom - Vui long kiem tra settings.xml 
[FAILED] spring-cloud-starter-netflix-eureka-client-2.1.0.RC2.pom - Vui long kiem tra settings.xml 
[FAILED] spring-cloud-starter-netflix-eureka-client-2.1.0.RELEASE.pom - Vui long kiem tra settings.xml 
[FAILED] spring-cloud-starter-netflix-eureka-client-2.2.9.RELEASE.pom - Vui long kiem tra settings.xml 
[FAILED] spring-cloud-starter-netflix-eureka-client-4.1.6.pom - Vui long kiem tra settings.xml 
[FAILED] spring-cloud-starter-netflix-eureka-server-2.1.0.RC2.pom - Vui long kiem tra settings.xml 
[FAILED] spring-cloud-starter-netflix-eureka-server-2.1.0.RELEASE.pom - Vui long kiem tra settings.xml 
[FAILED] spring-cloud-starter-netflix-eureka-server-2.2.9.RELEASE.pom - Vui long kiem tra settings.xml 
[FAILED] spring-cloud-starter-netflix-eureka-server-4.1.1.pom - Vui long kiem tra settings.xml 
[FAILED] spring-cloud-starter-netflix-eureka-server-4.1.6.pom - Vui long kiem tra settings.xml 
[FAILED] spring-cloud-starter-netflix-hystrix-2.1.0.RC2.pom - Vui long kiem tra settings.xml 
[FAILED] spring-cloud-starter-netflix-hystrix-2.1.0.RELEASE.pom - Vui long kiem tra settings.xml 
[FAILED] spring-cloud-starter-netflix-hystrix-2.2.9.RELEASE.pom - Vui long kiem tra settings.xml 
[FAILED] spring-cloud-starter-netflix-hystrix-dashboard-2.2.9.RELEASE.pom - Vui long kiem tra settings.xml 
[FAILED] spring-cloud-starter-netflix-ribbon-2.1.0.RC2.pom - Vui long kiem tra settings.xml 
[FAILED] spring-cloud-starter-netflix-ribbon-2.1.0.RELEASE.pom - Vui long kiem tra settings.xml 
[FAILED] spring-cloud-starter-netflix-ribbon-2.2.9.RELEASE.pom - Vui long kiem tra settings.xml 
[FAILED] spring-cloud-starter-netflix-turbine-stream-2.2.9.RELEASE.pom - Vui long kiem tra settings.xml 
[FAILED] spring-cloud-starter-netflix-zuul-2.1.0.RC2.pom - Vui long kiem tra settings.xml 
[FAILED] spring-cloud-starter-netflix-zuul-2.1.0.RELEASE.pom - Vui long kiem tra settings.xml 
[FAILED] spring-cloud-starter-netflix-zuul-2.2.9.RELEASE.pom - Vui long kiem tra settings.xml 
[FAILED] spring-cloud-starter-sleuth-2.1.0.RC2.pom - Vui long kiem tra settings.xml 
[FAILED] spring-cloud-starter-sleuth-2.1.0.RELEASE.pom - Vui long kiem tra settings.xml 
[FAILED] spring-cloud-starter-sleuth-2.2.8.RELEASE.pom - Vui long kiem tra settings.xml 
[FAILED] spring-cloud-starter-stream-kafka-3.0.13.RELEASE.pom - Vui long kiem tra settings.xml 
[FAILED] spring-cloud-starter-stream-kafka-4.1.6.pom - Vui long kiem tra settings.xml 
[FAILED] spring-cloud-stream-3.0.13.RELEASE.pom - Vui long kiem tra settings.xml 
[FAILED] spring-cloud-stream-4.1.6.pom - Vui long kiem tra settings.xml 
[FAILED] spring-cloud-stream-binder-kafka-3.0.13.RELEASE.pom - Vui long kiem tra settings.xml 
[FAILED] spring-cloud-stream-binder-kafka-4.1.6.pom - Vui long kiem tra settings.xml 
[FAILED] spring-cloud-stream-binder-kafka-core-3.0.13.RELEASE.pom - Vui long kiem tra settings.xml 
[FAILED] spring-cloud-stream-binder-kafka-core-4.1.6.pom - Vui long kiem tra settings.xml 
[FAILED] spring-cloud-stream-binder-kafka-parent-3.0.13.RELEASE.pom - Vui long kiem tra settings.xml 
[FAILED] spring-cloud-stream-binder-kafka-parent-4.1.6.pom - Vui long kiem tra settings.xml 
[FAILED] spring-cloud-stream-binders-4.1.6.pom - Vui long kiem tra settings.xml 
[FAILED] spring-cloud-stream-core-4.1.6.pom - Vui long kiem tra settings.xml 
[FAILED] spring-cloud-stream-dependencies-3.2.6.pom - Vui long kiem tra settings.xml 
[FAILED] spring-cloud-stream-dependencies-4.1.1.pom - Vui long kiem tra settings.xml 
[FAILED] spring-cloud-stream-dependencies-4.1.3.pom - Vui long kiem tra settings.xml 
[FAILED] spring-cloud-stream-dependencies-4.1.6.pom - Vui long kiem tra settings.xml 
[FAILED] spring-cloud-stream-dependencies-Fishtown.RC2.pom - Vui long kiem tra settings.xml 
[FAILED] spring-cloud-stream-dependencies-Fishtown.RELEASE.pom - Vui long kiem tra settings.xml 
[FAILED] spring-cloud-stream-dependencies-Horsham.SR1.pom - Vui long kiem tra settings.xml 
[FAILED] spring-cloud-stream-dependencies-Horsham.SR12.pom - Vui long kiem tra settings.xml 
[FAILED] spring-cloud-stream-dependencies-Horsham.SR13.pom - Vui long kiem tra settings.xml 
[FAILED] spring-cloud-stream-parent-3.0.13.RELEASE.pom - Vui long kiem tra settings.xml 
[FAILED] spring-cloud-stream-parent-4.1.6.pom - Vui long kiem tra settings.xml 
[FAILED] spring-cloud-task-dependencies-2.1.0.M1.pom - Vui long kiem tra settings.xml 
[FAILED] spring-cloud-task-dependencies-2.1.0.RELEASE.pom - Vui long kiem tra settings.xml 
[FAILED] spring-cloud-task-dependencies-2.2.2.RELEASE.pom - Vui long kiem tra settings.xml 
[FAILED] spring-cloud-task-dependencies-2.2.5.RELEASE.pom - Vui long kiem tra settings.xml 
[FAILED] spring-cloud-task-dependencies-2.4.5.pom - Vui long kiem tra settings.xml 
[FAILED] spring-cloud-task-dependencies-3.1.1.pom - Vui long kiem tra settings.xml 
[FAILED] spring-cloud-task-dependencies-3.1.2.pom - Vui long kiem tra settings.xml 
[FAILED] spring-cloud-task-dependencies-3.1.3.pom - Vui long kiem tra settings.xml 
[FAILED] spring-cloud-vault-dependencies-2.1.0.RC1.pom - Vui long kiem tra settings.xml 
[FAILED] spring-cloud-vault-dependencies-2.1.0.RELEASE.pom - Vui long kiem tra settings.xml 
[FAILED] spring-cloud-vault-dependencies-2.2.1.RELEASE.pom - Vui long kiem tra settings.xml 
[FAILED] spring-cloud-vault-dependencies-2.2.7.RELEASE.pom - Vui long kiem tra settings.xml 
[FAILED] spring-cloud-vault-dependencies-3.1.1.pom - Vui long kiem tra settings.xml 
[FAILED] spring-cloud-vault-dependencies-4.1.1.pom - Vui long kiem tra settings.xml 
[FAILED] spring-cloud-vault-dependencies-4.1.3.pom - Vui long kiem tra settings.xml 
[FAILED] spring-cloud-vault-dependencies-4.1.4.pom - Vui long kiem tra settings.xml 
[FAILED] spring-cloud-zookeeper-dependencies-2.1.0.RC2.pom - Vui long kiem tra settings.xml 
[FAILED] spring-cloud-zookeeper-dependencies-2.1.0.RELEASE.pom - Vui long kiem tra settings.xml 
[FAILED] spring-cloud-zookeeper-dependencies-2.2.0.RELEASE.pom - Vui long kiem tra settings.xml 
[FAILED] spring-cloud-zookeeper-dependencies-2.2.5.RELEASE.pom - Vui long kiem tra settings.xml 
[FAILED] spring-cloud-zookeeper-dependencies-3.1.3.pom - Vui long kiem tra settings.xml 
[FAILED] spring-cloud-zookeeper-dependencies-4.1.1.pom - Vui long kiem tra settings.xml 
[FAILED] spring-cloud-zookeeper-dependencies-4.1.2.pom - Vui long kiem tra settings.xml 
[FAILED] spring-cloud-zookeeper-dependencies-4.1.3.pom - Vui long kiem tra settings.xml 
[FAILED] spring-credhub-core-2.0.0.RELEASE.pom - Vui long kiem tra settings.xml 
[FAILED] spring-credhub-core-2.1.1.RELEASE.pom - Vui long kiem tra settings.xml 
[FAILED] spring-data-build-2.1.10.RELEASE.pom - Vui long kiem tra settings.xml 
[FAILED] spring-data-build-2.1.3.RELEASE.pom - Vui long kiem tra settings.xml 
[FAILED] spring-data-build-2.1.4.RELEASE.pom - Vui long kiem tra settings.xml 
[FAILED] spring-data-build-2.2.4.RELEASE.pom - Vui long kiem tra settings.xml 
[FAILED] spring-data-build-2.3.9.RELEASE.pom - Vui long kiem tra settings.xml 
[FAILED] spring-data-build-2.4.5.pom - Vui long kiem tra settings.xml 
[FAILED] spring-data-build-2.5.2.pom - Vui long kiem tra settings.xml 
[FAILED] spring-data-build-2.5.6.pom - Vui long kiem tra settings.xml 
[FAILED] spring-data-build-2.6.0.pom - Vui long kiem tra settings.xml 
[FAILED] spring-data-build-2.7.0.pom - Vui long kiem tra settings.xml 
[FAILED] spring-data-build-2.7.1.pom - Vui long kiem tra settings.xml 
[FAILED] spring-data-build-2.7.10.pom - Vui long kiem tra settings.xml 
[FAILED] spring-data-build-2.7.12.pom - Vui long kiem tra settings.xml 
[FAILED] spring-data-build-2.7.16.pom - Vui long kiem tra settings.xml 
[FAILED] spring-data-build-2.7.17.pom - Vui long kiem tra settings.xml 
[FAILED] spring-data-build-2.7.18.pom - Vui long kiem tra settings.xml 
[FAILED] spring-data-build-2.7.6.pom - Vui long kiem tra settings.xml 
[FAILED] spring-data-build-3.0.2.pom - Vui long kiem tra settings.xml 
[FAILED] spring-data-build-3.2.12.pom - Vui long kiem tra settings.xml 
[FAILED] spring-data-build-3.2.2.pom - Vui long kiem tra settings.xml 
[FAILED] spring-data-build-3.2.5.pom - Vui long kiem tra settings.xml 
[FAILED] spring-data-build-3.2.7.pom - Vui long kiem tra settings.xml 
[FAILED] spring-data-build-3.3.1.pom - Vui long kiem tra settings.xml 
[FAILED] spring-data-build-3.3.13.pom - Vui long kiem tra settings.xml 
[FAILED] spring-data-parent-2.1.10.RELEASE.pom - Vui long kiem tra settings.xml 
[FAILED] spring-data-parent-2.1.3.RELEASE.pom - Vui long kiem tra settings.xml 
[FAILED] spring-data-parent-2.1.4.RELEASE.pom - Vui long kiem tra settings.xml 
[FAILED] spring-data-parent-2.3.9.RELEASE.pom - Vui long kiem tra settings.xml 
[FAILED] spring-data-parent-2.4.5.pom - Vui long kiem tra settings.xml 
[FAILED] spring-data-parent-2.5.2.pom - Vui long kiem tra settings.xml 
[FAILED] spring-data-parent-2.5.6.pom - Vui long kiem tra settings.xml 
[FAILED] spring-data-parent-2.6.0.pom - Vui long kiem tra settings.xml 
[FAILED] spring-data-parent-2.7.0.pom - Vui long kiem tra settings.xml 
[FAILED] spring-data-parent-2.7.1.pom - Vui long kiem tra settings.xml 
[FAILED] spring-data-parent-2.7.10.pom - Vui long kiem tra settings.xml 
[FAILED] spring-data-parent-2.7.12.pom - Vui long kiem tra settings.xml 
[FAILED] spring-data-parent-2.7.16.pom - Vui long kiem tra settings.xml 
[FAILED] spring-data-parent-2.7.17.pom - Vui long kiem tra settings.xml 
[FAILED] spring-data-parent-2.7.18.pom - Vui long kiem tra settings.xml 
[FAILED] spring-data-parent-2.7.6.pom - Vui long kiem tra settings.xml 
[FAILED] spring-data-parent-3.0.2.pom - Vui long kiem tra settings.xml 
[FAILED] spring-data-parent-3.2.12.pom - Vui long kiem tra settings.xml 
[FAILED] spring-data-parent-3.2.2.pom - Vui long kiem tra settings.xml 
[FAILED] spring-data-parent-3.2.5.pom - Vui long kiem tra settings.xml 
[FAILED] spring-data-parent-3.2.7.pom - Vui long kiem tra settings.xml 
[FAILED] spring-data-parent-3.3.1.pom - Vui long kiem tra settings.xml 
[FAILED] spring-data-parent-3.3.13.pom - Vui long kiem tra settings.xml 
[FAILED] spring-data-bom-2020.0.5.pom - Vui long kiem tra settings.xml 
[FAILED] spring-data-bom-2021.0.2.pom - Vui long kiem tra settings.xml 
[FAILED] spring-data-bom-2021.0.5.pom - Vui long kiem tra settings.xml 
[FAILED] spring-data-bom-2021.0.6.pom - Vui long kiem tra settings.xml 
[FAILED] spring-data-bom-2021.1.0.pom - Vui long kiem tra settings.xml 
[FAILED] spring-data-bom-2021.2.0.pom - Vui long kiem tra settings.xml 
[FAILED] spring-data-bom-2021.2.1.pom - Vui long kiem tra settings.xml 
[FAILED] spring-data-bom-2021.2.10.pom - Vui long kiem tra settings.xml 
[FAILED] spring-data-bom-2021.2.11.pom - Vui long kiem tra settings.xml 
[FAILED] spring-data-bom-2021.2.12.pom - Vui long kiem tra settings.xml 
[FAILED] spring-data-bom-2021.2.15.pom - Vui long kiem tra settings.xml 
[FAILED] spring-data-bom-2021.2.16.pom - Vui long kiem tra settings.xml 
[FAILED] spring-data-bom-2021.2.17.pom - Vui long kiem tra settings.xml 
[FAILED] spring-data-bom-2021.2.18.pom - Vui long kiem tra settings.xml 
[FAILED] spring-data-bom-2021.2.6.pom - Vui long kiem tra settings.xml 
[FAILED] spring-data-bom-2021.2.8.pom - Vui long kiem tra settings.xml 
[FAILED] spring-data-bom-2022.0.0.pom - Vui long kiem tra settings.xml 
[FAILED] spring-data-bom-2022.0.2.pom - Vui long kiem tra settings.xml 
[FAILED] spring-data-bom-2023.0.3.pom - Vui long kiem tra settings.xml 
[FAILED] spring-data-bom-2023.0.4.pom - Vui long kiem tra settings.xml 
[FAILED] spring-data-bom-2023.1.10.pom - Vui long kiem tra settings.xml 
[FAILED] spring-data-bom-2023.1.12.pom - Vui long kiem tra settings.xml 
[FAILED] spring-data-bom-2023.1.2.pom - Vui long kiem tra settings.xml 
[FAILED] spring-data-bom-2023.1.4.pom - Vui long kiem tra settings.xml 
[FAILED] spring-data-bom-2023.1.5.pom - Vui long kiem tra settings.xml 
[FAILED] spring-data-bom-2023.1.7.pom - Vui long kiem tra settings.xml 
[FAILED] spring-data-bom-2024.0.0.pom - Vui long kiem tra settings.xml 
[FAILED] spring-data-bom-2024.0.1.pom - Vui long kiem tra settings.xml 
[FAILED] spring-data-bom-2024.0.13.pom - Vui long kiem tra settings.xml 
[FAILED] spring-data-bom-2024.0.4.pom - Vui long kiem tra settings.xml 
[FAILED] spring-data-bom-2025.0.1.pom - Vui long kiem tra settings.xml 
[FAILED] spring-data-commons-2.1.10.RELEASE.pom - Vui long kiem tra settings.xml 
[FAILED] spring-data-commons-2.1.3.RELEASE.pom - Vui long kiem tra settings.xml 
[FAILED] spring-data-commons-2.1.4.RELEASE.pom - Vui long kiem tra settings.xml 
[FAILED] spring-data-commons-2.3.9.RELEASE.pom - Vui long kiem tra settings.xml 
[FAILED] spring-data-commons-2.4.5.pom - Vui long kiem tra settings.xml 
[FAILED] spring-data-commons-2.5.2.pom - Vui long kiem tra settings.xml 
[FAILED] spring-data-commons-2.5.6.pom - Vui long kiem tra settings.xml 
[FAILED] spring-data-commons-2.6.0.pom - Vui long kiem tra settings.xml 
[FAILED] spring-data-commons-2.7.0.pom - Vui long kiem tra settings.xml 
[FAILED] spring-data-commons-2.7.1.pom - Vui long kiem tra settings.xml 
[FAILED] spring-data-commons-2.7.10.pom - Vui long kiem tra settings.xml 
[FAILED] spring-data-commons-2.7.12.pom - Vui long kiem tra settings.xml 
[FAILED] spring-data-commons-2.7.16.pom - Vui long kiem tra settings.xml 
[FAILED] spring-data-commons-2.7.17.pom - Vui long kiem tra settings.xml 
[FAILED] spring-data-commons-2.7.18.pom - Vui long kiem tra settings.xml 
[FAILED] spring-data-commons-2.7.6.pom - Vui long kiem tra settings.xml 
[FAILED] spring-data-commons-3.0.2.pom - Vui long kiem tra settings.xml 
[FAILED] spring-data-commons-3.2.12.pom - Vui long kiem tra settings.xml 
[FAILED] spring-data-commons-3.2.2.pom - Vui long kiem tra settings.xml 
[FAILED] spring-data-commons-3.2.5.pom - Vui long kiem tra settings.xml 
[FAILED] spring-data-commons-3.2.7.pom - Vui long kiem tra settings.xml 
[FAILED] spring-data-commons-3.3.1.pom - Vui long kiem tra settings.xml 
[FAILED] spring-data-commons-3.3.13.pom - Vui long kiem tra settings.xml 
[FAILED] spring-data-jdbc-1.0.10.RELEASE.pom - Vui long kiem tra settings.xml 
[FAILED] spring-data-jdbc-3.3.1.pom - Vui long kiem tra settings.xml 
[FAILED] spring-data-jpa-2.1.10.RELEASE.pom - Vui long kiem tra settings.xml 
[FAILED] spring-data-jpa-2.1.4.RELEASE.pom - Vui long kiem tra settings.xml 
[FAILED] spring-data-jpa-2.3.9.RELEASE.pom - Vui long kiem tra settings.xml 
[FAILED] spring-data-jpa-2.4.5.pom - Vui long kiem tra settings.xml 
[FAILED] spring-data-jpa-2.5.2.pom - Vui long kiem tra settings.xml 
[FAILED] spring-data-jpa-2.5.6.pom - Vui long kiem tra settings.xml 
[FAILED] spring-data-jpa-2.6.0.pom - Vui long kiem tra settings.xml 
[FAILED] spring-data-jpa-2.7.0.pom - Vui long kiem tra settings.xml 
[FAILED] spring-data-jpa-2.7.1.pom - Vui long kiem tra settings.xml 
[FAILED] spring-data-jpa-2.7.10.pom - Vui long kiem tra settings.xml 
[FAILED] spring-data-jpa-2.7.12.pom - Vui long kiem tra settings.xml 
[FAILED] spring-data-jpa-2.7.16.pom - Vui long kiem tra settings.xml 
[FAILED] spring-data-jpa-2.7.17.pom - Vui long kiem tra settings.xml 
[FAILED] spring-data-jpa-2.7.18.pom - Vui long kiem tra settings.xml 
[FAILED] spring-data-jpa-2.7.6.pom - Vui long kiem tra settings.xml 
[FAILED] spring-data-jpa-3.0.2.pom - Vui long kiem tra settings.xml 
[FAILED] spring-data-jpa-3.2.12.pom - Vui long kiem tra settings.xml 
[FAILED] spring-data-jpa-3.2.2.pom - Vui long kiem tra settings.xml 
[FAILED] spring-data-jpa-3.2.5.pom - Vui long kiem tra settings.xml 
[FAILED] spring-data-jpa-3.3.1.pom - Vui long kiem tra settings.xml 
[FAILED] spring-data-jpa-parent-3.0.2.pom - Vui long kiem tra settings.xml 
[FAILED] spring-data-jpa-parent-3.2.12.pom - Vui long kiem tra settings.xml 
[FAILED] spring-data-jpa-parent-3.2.2.pom - Vui long kiem tra settings.xml 
[FAILED] spring-data-jpa-parent-3.2.5.pom - Vui long kiem tra settings.xml 
[FAILED] spring-data-jpa-parent-3.3.1.pom - Vui long kiem tra settings.xml 
[FAILED] spring-data-keyvalue-2.3.9.RELEASE.pom - Vui long kiem tra settings.xml 
[FAILED] spring-data-keyvalue-3.2.12.pom - Vui long kiem tra settings.xml 
[FAILED] spring-data-keyvalue-3.2.7.pom - Vui long kiem tra settings.xml 
[FAILED] spring-data-keyvalue-3.3.13.pom - Vui long kiem tra settings.xml 
[FAILED] spring-data-redis-2.3.9.RELEASE.pom - Vui long kiem tra settings.xml 
[FAILED] spring-data-redis-3.2.12.pom - Vui long kiem tra settings.xml 
[FAILED] spring-data-redis-3.2.7.pom - Vui long kiem tra settings.xml 
[FAILED] spring-data-redis-3.3.13.pom - Vui long kiem tra settings.xml 
[FAILED] spring-data-relational-3.3.1.pom - Vui long kiem tra settings.xml 
[FAILED] spring-data-relational-parent-3.3.1.pom - Vui long kiem tra settings.xml 
[FAILED] spring-data-releasetrain-Lovelace-SR10.pom - Vui long kiem tra settings.xml 
[FAILED] spring-data-releasetrain-Lovelace-SR3.pom - Vui long kiem tra settings.xml 
[FAILED] spring-data-releasetrain-Lovelace-SR4.pom - Vui long kiem tra settings.xml 
[FAILED] spring-data-releasetrain-Moore-SR4.pom - Vui long kiem tra settings.xml 
[FAILED] spring-data-releasetrain-Neumann-SR9.pom - Vui long kiem tra settings.xml 
[FAILED] spring-data-rest-core-3.1.3.RELEASE.pom - Vui long kiem tra settings.xml 
[FAILED] spring-data-rest-parent-3.1.3.RELEASE.pom - Vui long kiem tra settings.xml 
[FAILED] spring-data-rest-webmvc-3.1.3.RELEASE.pom - Vui long kiem tra settings.xml 
[FAILED] spring-hateoas-0.25.0.RELEASE.pom - Vui long kiem tra settings.xml 
[FAILED] spring-integration-bom-5.1.1.RELEASE.pom - Vui long kiem tra settings.xml 
[FAILED] spring-integration-bom-5.1.2.RELEASE.pom - Vui long kiem tra settings.xml 
[FAILED] spring-integration-bom-5.1.7.RELEASE.pom - Vui long kiem tra settings.xml 
[FAILED] spring-integration-bom-5.2.3.RELEASE.pom - Vui long kiem tra settings.xml 
[FAILED] spring-integration-bom-5.3.7.RELEASE.pom - Vui long kiem tra settings.xml 
[FAILED] spring-integration-bom-5.3.8.RELEASE.pom - Vui long kiem tra settings.xml 
[FAILED] spring-integration-bom-5.4.4.pom - Vui long kiem tra settings.xml 
[FAILED] spring-integration-bom-5.5.1.pom - Vui long kiem tra settings.xml 
[FAILED] spring-integration-bom-5.5.12.pom - Vui long kiem tra settings.xml 
[FAILED] spring-integration-bom-5.5.13.pom - Vui long kiem tra settings.xml 
[FAILED] spring-integration-bom-5.5.15.pom - Vui long kiem tra settings.xml 
[FAILED] spring-integration-bom-5.5.16.pom - Vui long kiem tra settings.xml 
[FAILED] spring-integration-bom-5.5.17.pom - Vui long kiem tra settings.xml 
[FAILED] spring-integration-bom-5.5.18.pom - Vui long kiem tra settings.xml 
[FAILED] spring-integration-bom-5.5.19.pom - Vui long kiem tra settings.xml 
[FAILED] spring-integration-bom-5.5.20.pom - Vui long kiem tra settings.xml 
[FAILED] spring-integration-bom-5.5.4.pom - Vui long kiem tra settings.xml 
[FAILED] spring-integration-bom-5.5.5.pom - Vui long kiem tra settings.xml 
[FAILED] spring-integration-bom-5.5.7.pom - Vui long kiem tra settings.xml 
[FAILED] spring-integration-bom-6.0.0.pom - Vui long kiem tra settings.xml 
[FAILED] spring-integration-bom-6.0.3.pom - Vui long kiem tra settings.xml 
[FAILED] spring-integration-bom-6.1.2.pom - Vui long kiem tra settings.xml 
[FAILED] spring-integration-bom-6.1.3.pom - Vui long kiem tra settings.xml 
[FAILED] spring-integration-bom-6.2.1.pom - Vui long kiem tra settings.xml 
[FAILED] spring-integration-bom-6.2.11.pom - Vui long kiem tra settings.xml 
[FAILED] spring-integration-bom-6.2.3.pom - Vui long kiem tra settings.xml 
[FAILED] spring-integration-bom-6.2.4.pom - Vui long kiem tra settings.xml 
[FAILED] spring-integration-bom-6.2.6.pom - Vui long kiem tra settings.xml 
[FAILED] spring-integration-bom-6.2.9.pom - Vui long kiem tra settings.xml 
[FAILED] spring-integration-bom-6.3.0.pom - Vui long kiem tra settings.xml 
[FAILED] spring-integration-bom-6.3.1.pom - Vui long kiem tra settings.xml 
[FAILED] spring-integration-bom-6.3.11.pom - Vui long kiem tra settings.xml 
[FAILED] spring-integration-bom-6.3.4.pom - Vui long kiem tra settings.xml 
[FAILED] spring-integration-bom-6.5.0.pom - Vui long kiem tra settings.xml 
[FAILED] spring-integration-core-5.3.8.RELEASE.pom - Vui long kiem tra settings.xml 
[FAILED] spring-integration-core-5.4.4.pom - Vui long kiem tra settings.xml 
[FAILED] spring-integration-core-5.5.20.pom - Vui long kiem tra settings.xml 
[FAILED] spring-integration-core-6.2.11.pom - Vui long kiem tra settings.xml 
[FAILED] spring-integration-core-6.3.11.pom - Vui long kiem tra settings.xml 
[FAILED] spring-integration-file-5.4.4.pom - Vui long kiem tra settings.xml 
[FAILED] spring-integration-file-5.5.20.pom - Vui long kiem tra settings.xml 
[FAILED] spring-integration-file-6.2.11.pom - Vui long kiem tra settings.xml 
[FAILED] spring-integration-jmx-5.3.8.RELEASE.pom - Vui long kiem tra settings.xml 
[FAILED] spring-integration-jmx-6.2.11.pom - Vui long kiem tra settings.xml 
[FAILED] spring-integration-jmx-6.3.11.pom - Vui long kiem tra settings.xml 
[FAILED] spring-integration-kafka-3.3.1.RELEASE.pom - Vui long kiem tra settings.xml 
[FAILED] spring-integration-kafka-6.2.11.pom - Vui long kiem tra settings.xml 
[FAILED] spring-integration-kafka-6.3.11.pom - Vui long kiem tra settings.xml 
[FAILED] spring-integration-sftp-5.4.4.pom - Vui long kiem tra settings.xml 
[FAILED] spring-integration-sftp-5.5.20.pom - Vui long kiem tra settings.xml 
[FAILED] spring-integration-sftp-6.2.11.pom - Vui long kiem tra settings.xml 
[FAILED] spring-kafka-2.5.14.RELEASE.pom - Vui long kiem tra settings.xml 
[FAILED] spring-kafka-2.6.6.pom - Vui long kiem tra settings.xml 
[FAILED] spring-kafka-2.8.11.pom - Vui long kiem tra settings.xml 
[FAILED] spring-kafka-2.8.6.pom - Vui long kiem tra settings.xml 
[FAILED] spring-kafka-3.1.1.pom - Vui long kiem tra settings.xml 
[FAILED] spring-kafka-3.1.10.pom - Vui long kiem tra settings.xml 
[FAILED] spring-kafka-3.2.10.pom - Vui long kiem tra settings.xml 
[FAILED] spring-kafka-3.3.7.pom - Vui long kiem tra settings.xml 
[FAILED] spring-plugin-1.2.0.RELEASE.pom - Vui long kiem tra settings.xml 
[FAILED] spring-plugin-2.0.0.RELEASE.pom - Vui long kiem tra settings.xml 
[FAILED] spring-plugin-core-1.2.0.RELEASE.pom - Vui long kiem tra settings.xml 
[FAILED] spring-plugin-core-2.0.0.RELEASE.pom - Vui long kiem tra settings.xml 
[FAILED] spring-plugin-metadata-1.2.0.RELEASE.pom - Vui long kiem tra settings.xml 
[FAILED] spring-plugin-metadata-2.0.0.RELEASE.pom - Vui long kiem tra settings.xml 
[FAILED] spring-pulsar-bom-1.0.10.pom - Vui long kiem tra settings.xml 
[FAILED] spring-pulsar-bom-1.0.12.pom - Vui long kiem tra settings.xml 
[FAILED] spring-pulsar-bom-1.0.2.pom - Vui long kiem tra settings.xml 
[FAILED] spring-pulsar-bom-1.0.4.pom - Vui long kiem tra settings.xml 
[FAILED] spring-pulsar-bom-1.0.5.pom - Vui long kiem tra settings.xml 
[FAILED] spring-pulsar-bom-1.0.7.pom - Vui long kiem tra settings.xml 
[FAILED] spring-pulsar-bom-1.1.0.pom - Vui long kiem tra settings.xml 
[FAILED] spring-pulsar-bom-1.1.1.pom - Vui long kiem tra settings.xml 
[FAILED] spring-pulsar-bom-1.1.13.pom - Vui long kiem tra settings.xml 
[FAILED] spring-pulsar-bom-1.1.4.pom - Vui long kiem tra settings.xml 
[FAILED] spring-pulsar-bom-1.2.7.pom - Vui long kiem tra settings.xml 
[FAILED] spring-restdocs-asciidoctor-2.0.7.RELEASE.pom - Vui long kiem tra settings.xml 
[FAILED] spring-restdocs-bom-3.0.0.pom - Vui long kiem tra settings.xml 
[FAILED] spring-restdocs-bom-3.0.1.pom - Vui long kiem tra settings.xml 
[FAILED] spring-restdocs-bom-3.0.3.pom - Vui long kiem tra settings.xml 
[FAILED] spring-restdocs-bom-3.0.4.pom - Vui long kiem tra settings.xml 
[FAILED] spring-restdocs-core-2.0.7.RELEASE.pom - Vui long kiem tra settings.xml 
[FAILED] spring-restdocs-mockmvc-2.0.7.RELEASE.pom - Vui long kiem tra settings.xml 
[FAILED] spring-retry-1.2.4.RELEASE.pom - Vui long kiem tra settings.xml 
[FAILED] spring-retry-1.2.5.RELEASE.pom - Vui long kiem tra settings.xml 
[FAILED] spring-retry-1.3.1.pom - Vui long kiem tra settings.xml 
[FAILED] spring-retry-1.3.3.pom - Vui long kiem tra settings.xml 
[FAILED] spring-retry-1.3.4.pom - Vui long kiem tra settings.xml 
[FAILED] spring-retry-2.0.10.pom - Vui long kiem tra settings.xml 
[FAILED] spring-retry-2.0.12.pom - Vui long kiem tra settings.xml 
[FAILED] spring-retry-2.0.5.pom - Vui long kiem tra settings.xml 
[FAILED] spring-security-bom-5.1.2.RELEASE.pom - Vui long kiem tra settings.xml 
[FAILED] spring-security-bom-5.1.3.RELEASE.pom - Vui long kiem tra settings.xml 
[FAILED] spring-security-bom-5.1.6.RELEASE.pom - Vui long kiem tra settings.xml 
[FAILED] spring-security-bom-5.2.1.RELEASE.pom - Vui long kiem tra settings.xml 
[FAILED] spring-security-bom-5.2.4.RELEASE.pom - Vui long kiem tra settings.xml 
[FAILED] spring-security-bom-5.3.9.RELEASE.pom - Vui long kiem tra settings.xml 
[FAILED] spring-security-bom-5.4.5.pom - Vui long kiem tra settings.xml 
[FAILED] spring-security-bom-5.5.1.pom - Vui long kiem tra settings.xml 
[FAILED] spring-security-bom-5.5.2.pom - Vui long kiem tra settings.xml 
[FAILED] spring-security-bom-5.5.3.pom - Vui long kiem tra settings.xml 
[FAILED] spring-security-bom-5.6.1.pom - Vui long kiem tra settings.xml 
[FAILED] spring-security-bom-5.7.1.pom - Vui long kiem tra settings.xml 
[FAILED] spring-security-bom-5.7.10.pom - Vui long kiem tra settings.xml 
[FAILED] spring-security-bom-5.7.11.pom - Vui long kiem tra settings.xml 
[FAILED] spring-security-bom-5.7.2.pom - Vui long kiem tra settings.xml 
[FAILED] spring-security-bom-5.7.5.pom - Vui long kiem tra settings.xml 
[FAILED] spring-security-bom-5.7.7.pom - Vui long kiem tra settings.xml 
[FAILED] spring-security-bom-5.7.8.pom - Vui long kiem tra settings.xml 
[FAILED] spring-security-bom-6.0.0.pom - Vui long kiem tra settings.xml 
[FAILED] spring-security-bom-6.0.2.pom - Vui long kiem tra settings.xml 
[FAILED] spring-security-bom-6.1.3.pom - Vui long kiem tra settings.xml 
[FAILED] spring-security-bom-6.1.4.pom - Vui long kiem tra settings.xml 
[FAILED] spring-security-bom-6.2.1.pom - Vui long kiem tra settings.xml 
[FAILED] spring-security-bom-6.2.3.pom - Vui long kiem tra settings.xml 
[FAILED] spring-security-bom-6.2.4.pom - Vui long kiem tra settings.xml 
[FAILED] spring-security-bom-6.2.5.pom - Vui long kiem tra settings.xml 
[FAILED] spring-security-bom-6.2.6.pom - Vui long kiem tra settings.xml 
[FAILED] spring-security-bom-6.2.8.pom - Vui long kiem tra settings.xml 
[FAILED] spring-security-bom-6.3.0.pom - Vui long kiem tra settings.xml 
[FAILED] spring-security-bom-6.3.1.pom - Vui long kiem tra settings.xml 
[FAILED] spring-security-bom-6.3.10.pom - Vui long kiem tra settings.xml 
[FAILED] spring-security-bom-6.3.3.pom - Vui long kiem tra settings.xml 
[FAILED] spring-security-bom-6.5.1.pom - Vui long kiem tra settings.xml 
[FAILED] spring-security-config-5.1.2.RELEASE.pom - Vui long kiem tra settings.xml 
[FAILED] spring-security-config-5.1.3.RELEASE.pom - Vui long kiem tra settings.xml 
[FAILED] spring-security-config-5.1.6.RELEASE.pom - Vui long kiem tra settings.xml 
[FAILED] spring-security-config-5.3.9.RELEASE.pom - Vui long kiem tra settings.xml 
[FAILED] spring-security-config-5.4.5.pom - Vui long kiem tra settings.xml 
[FAILED] spring-security-config-5.5.3.pom - Vui long kiem tra settings.xml 
[FAILED] spring-security-config-5.6.1.pom - Vui long kiem tra settings.xml 
[FAILED] spring-security-config-5.7.1.pom - Vui long kiem tra settings.xml 
[FAILED] spring-security-config-5.7.11.pom - Vui long kiem tra settings.xml 
[FAILED] spring-security-config-5.7.2.pom - Vui long kiem tra settings.xml 
[FAILED] spring-security-config-5.7.5.pom - Vui long kiem tra settings.xml 
[FAILED] spring-security-config-5.7.8.pom - Vui long kiem tra settings.xml 
[FAILED] spring-security-config-6.0.2.pom - Vui long kiem tra settings.xml 
[FAILED] spring-security-config-6.1.4.pom - Vui long kiem tra settings.xml 
[FAILED] spring-security-config-6.2.1.pom - Vui long kiem tra settings.xml 
[FAILED] spring-security-config-6.2.4.pom - Vui long kiem tra settings.xml 
[FAILED] spring-security-config-6.2.8.pom - Vui long kiem tra settings.xml 
[FAILED] spring-security-config-6.3.1.pom - Vui long kiem tra settings.xml 
[FAILED] spring-security-config-6.5.1.pom - Vui long kiem tra settings.xml 
[FAILED] spring-security-core-5.1.2.RELEASE.pom - Vui long kiem tra settings.xml 
[FAILED] spring-security-core-5.1.3.RELEASE.pom - Vui long kiem tra settings.xml 
[FAILED] spring-security-core-5.1.6.RELEASE.pom - Vui long kiem tra settings.xml 
[FAILED] spring-security-core-5.3.9.RELEASE.pom - Vui long kiem tra settings.xml 
[FAILED] spring-security-core-5.4.5.pom - Vui long kiem tra settings.xml 
[FAILED] spring-security-core-5.5.3.pom - Vui long kiem tra settings.xml 
[FAILED] spring-security-core-5.6.1.pom - Vui long kiem tra settings.xml 
[FAILED] spring-security-core-5.7.1.pom - Vui long kiem tra settings.xml 
[FAILED] spring-security-core-5.7.11.pom - Vui long kiem tra settings.xml 
[FAILED] spring-security-core-5.7.2.pom - Vui long kiem tra settings.xml 
[FAILED] spring-security-core-5.7.5.pom - Vui long kiem tra settings.xml 
[FAILED] spring-security-core-5.7.8.pom - Vui long kiem tra settings.xml 
[FAILED] spring-security-core-6.0.2.pom - Vui long kiem tra settings.xml 
[FAILED] spring-security-core-6.1.4.pom - Vui long kiem tra settings.xml 
[FAILED] spring-security-core-6.2.1.pom - Vui long kiem tra settings.xml 
[FAILED] spring-security-core-6.2.4.pom - Vui long kiem tra settings.xml 
[FAILED] spring-security-core-6.2.5.pom - Vui long kiem tra settings.xml 
[FAILED] spring-security-core-6.2.8.pom - Vui long kiem tra settings.xml 
[FAILED] spring-security-core-6.3.1.pom - Vui long kiem tra settings.xml 
[FAILED] spring-security-core-6.3.10.pom - Vui long kiem tra settings.xml 
[FAILED] spring-security-core-6.5.1.pom - Vui long kiem tra settings.xml 
[FAILED] spring-security-crypto-5.1.2.RELEASE.pom - Vui long kiem tra settings.xml 
[FAILED] spring-security-crypto-5.3.9.RELEASE.pom - Vui long kiem tra settings.xml 
[FAILED] spring-security-crypto-5.5.3.pom - Vui long kiem tra settings.xml 
[FAILED] spring-security-crypto-5.6.1.pom - Vui long kiem tra settings.xml 
[FAILED] spring-security-crypto-5.7.1.pom - Vui long kiem tra settings.xml 
[FAILED] spring-security-crypto-5.7.11.pom - Vui long kiem tra settings.xml 
[FAILED] spring-security-crypto-5.7.2.pom - Vui long kiem tra settings.xml 
[FAILED] spring-security-crypto-5.7.5.pom - Vui long kiem tra settings.xml 
[FAILED] spring-security-crypto-5.7.8.pom - Vui long kiem tra settings.xml 
[FAILED] spring-security-crypto-6.0.2.pom - Vui long kiem tra settings.xml 
[FAILED] spring-security-crypto-6.1.4.pom - Vui long kiem tra settings.xml 
[FAILED] spring-security-crypto-6.2.1.pom - Vui long kiem tra settings.xml 
[FAILED] spring-security-crypto-6.2.4.pom - Vui long kiem tra settings.xml 
[FAILED] spring-security-crypto-6.2.5.pom - Vui long kiem tra settings.xml 
[FAILED] spring-security-crypto-6.2.8.pom - Vui long kiem tra settings.xml 
[FAILED] spring-security-crypto-6.3.1.pom - Vui long kiem tra settings.xml 
[FAILED] spring-security-crypto-6.3.10.pom - Vui long kiem tra settings.xml 
[FAILED] spring-security-crypto-6.5.1.pom - Vui long kiem tra settings.xml 
[FAILED] spring-security-oauth2-client-5.3.9.RELEASE.pom - Vui long kiem tra settings.xml 
[FAILED] spring-security-oauth2-client-6.2.5.pom - Vui long kiem tra settings.xml 
[FAILED] spring-security-oauth2-client-6.3.1.pom - Vui long kiem tra settings.xml 
[FAILED] spring-security-oauth2-client-6.3.10.pom - Vui long kiem tra settings.xml 
[FAILED] spring-security-oauth2-core-5.3.9.RELEASE.pom - Vui long kiem tra settings.xml 
[FAILED] spring-security-oauth2-core-5.6.1.pom - Vui long kiem tra settings.xml 
[FAILED] spring-security-oauth2-core-5.7.8.pom - Vui long kiem tra settings.xml 
[FAILED] spring-security-oauth2-core-6.0.2.pom - Vui long kiem tra settings.xml 
[FAILED] spring-security-oauth2-core-6.1.4.pom - Vui long kiem tra settings.xml 
[FAILED] spring-security-oauth2-core-6.2.5.pom - Vui long kiem tra settings.xml 
[FAILED] spring-security-oauth2-core-6.3.1.pom - Vui long kiem tra settings.xml 
[FAILED] spring-security-oauth2-core-6.3.10.pom - Vui long kiem tra settings.xml 
[FAILED] spring-security-oauth2-jose-5.6.1.pom - Vui long kiem tra settings.xml 
[FAILED] spring-security-oauth2-jose-5.7.8.pom - Vui long kiem tra settings.xml 
[FAILED] spring-security-oauth2-jose-6.0.2.pom - Vui long kiem tra settings.xml 
[FAILED] spring-security-oauth2-jose-6.1.4.pom - Vui long kiem tra settings.xml 
[FAILED] spring-security-oauth2-jose-6.3.1.pom - Vui long kiem tra settings.xml 
[FAILED] spring-security-oauth2-resource-server-5.6.1.pom - Vui long kiem tra settings.xml 
[FAILED] spring-security-oauth2-resource-server-5.7.8.pom - Vui long kiem tra settings.xml 
[FAILED] spring-security-oauth2-resource-server-6.0.2.pom - Vui long kiem tra settings.xml 
[FAILED] spring-security-oauth2-resource-server-6.1.4.pom - Vui long kiem tra settings.xml 
[FAILED] spring-security-oauth2-resource-server-6.3.1.pom - Vui long kiem tra settings.xml 
[FAILED] spring-security-rsa-1.0.7.RELEASE.pom - Vui long kiem tra settings.xml 
[FAILED] spring-security-rsa-1.0.9.RELEASE.pom - Vui long kiem tra settings.xml 
[FAILED] spring-security-rsa-1.1.2.pom - Vui long kiem tra settings.xml 
[FAILED] spring-security-rsa-1.1.3.pom - Vui long kiem tra settings.xml 
[FAILED] spring-security-test-5.1.2.RELEASE.pom - Vui long kiem tra settings.xml 
[FAILED] spring-security-test-5.1.3.RELEASE.pom - Vui long kiem tra settings.xml 
[FAILED] spring-security-test-5.1.6.RELEASE.pom - Vui long kiem tra settings.xml 
[FAILED] spring-security-test-5.5.3.pom - Vui long kiem tra settings.xml 
[FAILED] spring-security-test-5.6.1.pom - Vui long kiem tra settings.xml 
[FAILED] spring-security-test-5.7.11.pom - Vui long kiem tra settings.xml 
[FAILED] spring-security-test-5.7.8.pom - Vui long kiem tra settings.xml 
[FAILED] spring-security-test-6.0.2.pom - Vui long kiem tra settings.xml 
[FAILED] spring-security-test-6.2.4.pom - Vui long kiem tra settings.xml 
[FAILED] spring-security-web-5.1.2.RELEASE.pom - Vui long kiem tra settings.xml 
[FAILED] spring-security-web-5.1.3.RELEASE.pom - Vui long kiem tra settings.xml 
[FAILED] spring-security-web-5.1.6.RELEASE.pom - Vui long kiem tra settings.xml 
[FAILED] spring-security-web-5.3.9.RELEASE.pom - Vui long kiem tra settings.xml 
[FAILED] spring-security-web-5.4.5.pom - Vui long kiem tra settings.xml 
[FAILED] spring-security-web-5.5.3.pom - Vui long kiem tra settings.xml 
[FAILED] spring-security-web-5.6.1.pom - Vui long kiem tra settings.xml 
[FAILED] spring-security-web-5.7.1.pom - Vui long kiem tra settings.xml 
[FAILED] spring-security-web-5.7.11.pom - Vui long kiem tra settings.xml 
[FAILED] spring-security-web-5.7.2.pom - Vui long kiem tra settings.xml 
[FAILED] spring-security-web-5.7.5.pom - Vui long kiem tra settings.xml 
[FAILED] spring-security-web-5.7.8.pom - Vui long kiem tra settings.xml 
[FAILED] spring-security-web-6.0.2.pom - Vui long kiem tra settings.xml 
[FAILED] spring-security-web-6.1.4.pom - Vui long kiem tra settings.xml 
[FAILED] spring-security-web-6.2.1.pom - Vui long kiem tra settings.xml 
[FAILED] spring-security-web-6.2.4.pom - Vui long kiem tra settings.xml 
[FAILED] spring-security-web-6.2.8.pom - Vui long kiem tra settings.xml 
[FAILED] spring-security-web-6.3.1.pom - Vui long kiem tra settings.xml 
[FAILED] spring-security-web-6.5.1.pom - Vui long kiem tra settings.xml 
[FAILED] spring-session-bom-2020.0.3.pom - Vui long kiem tra settings.xml 
[FAILED] spring-session-bom-2021.0.1.pom - Vui long kiem tra settings.xml 
[FAILED] spring-session-bom-2021.0.2.pom - Vui long kiem tra settings.xml 
[FAILED] spring-session-bom-2021.0.3.pom - Vui long kiem tra settings.xml 
[FAILED] spring-session-bom-2021.1.1.pom - Vui long kiem tra settings.xml 
[FAILED] spring-session-bom-2021.2.0.pom - Vui long kiem tra settings.xml 
[FAILED] spring-session-bom-2021.2.1.pom - Vui long kiem tra settings.xml 
[FAILED] spring-session-bom-2021.2.2.pom - Vui long kiem tra settings.xml 
[FAILED] spring-session-bom-2021.2.3.pom - Vui long kiem tra settings.xml 
[FAILED] spring-session-bom-3.0.0.pom - Vui long kiem tra settings.xml 
[FAILED] spring-session-bom-3.1.2.pom - Vui long kiem tra settings.xml 
[FAILED] spring-session-bom-3.2.1.pom - Vui long kiem tra settings.xml 
[FAILED] spring-session-bom-3.2.2.pom - Vui long kiem tra settings.xml 
[FAILED] spring-session-bom-3.2.4.pom - Vui long kiem tra settings.xml 
[FAILED] spring-session-bom-3.2.5.pom - Vui long kiem tra settings.xml 
[FAILED] spring-session-bom-3.2.6.pom - Vui long kiem tra settings.xml 
[FAILED] spring-session-bom-3.3.0.pom - Vui long kiem tra settings.xml 
[FAILED] spring-session-bom-3.3.1.pom - Vui long kiem tra settings.xml 
[FAILED] spring-session-bom-3.3.2.pom - Vui long kiem tra settings.xml 
[FAILED] spring-session-bom-3.3.7.pom - Vui long kiem tra settings.xml 
[FAILED] spring-session-bom-3.5.1.pom - Vui long kiem tra settings.xml 
[FAILED] spring-session-bom-Bean-SR1.pom - Vui long kiem tra settings.xml 
[FAILED] spring-session-bom-Bean-SR2.pom - Vui long kiem tra settings.xml 
[FAILED] spring-session-bom-Bean-SR7.pom - Vui long kiem tra settings.xml 
[FAILED] spring-session-bom-Corn-RELEASE.pom - Vui long kiem tra settings.xml 
[FAILED] spring-session-bom-Dragonfruit-SR3.pom - Vui long kiem tra settings.xml 
[FAILED] spring-aop-4.3.22.RELEASE.pom - Vui long kiem tra settings.xml 
[FAILED] spring-aop-5.1.3.RELEASE.pom - Vui long kiem tra settings.xml 
[FAILED] spring-aop-5.1.4.RELEASE.pom - Vui long kiem tra settings.xml 
[FAILED] spring-aop-5.1.9.RELEASE.pom - Vui long kiem tra settings.xml 
[FAILED] spring-aop-5.2.13.RELEASE.pom - Vui long kiem tra settings.xml 
[FAILED] spring-aop-5.2.14.RELEASE.pom - Vui long kiem tra settings.xml 
[FAILED] spring-aop-5.2.15.RELEASE.pom - Vui long kiem tra settings.xml 
[FAILED] spring-aop-5.2.9.RELEASE.pom - Vui long kiem tra settings.xml 
[FAILED] spring-aop-5.3.12.pom - Vui long kiem tra settings.xml 
[FAILED] spring-aop-5.3.14.pom - Vui long kiem tra settings.xml 
[FAILED] spring-aop-5.3.20.pom - Vui long kiem tra settings.xml 
[FAILED] spring-aop-5.3.21.pom - Vui long kiem tra settings.xml 
[FAILED] spring-aop-5.3.24.pom - Vui long kiem tra settings.xml 
[FAILED] spring-aop-5.3.25.pom - Vui long kiem tra settings.xml 
[FAILED] spring-aop-5.3.26.pom - Vui long kiem tra settings.xml 
[FAILED] spring-aop-5.3.27.pom - Vui long kiem tra settings.xml 
[FAILED] spring-aop-5.3.29.pom - Vui long kiem tra settings.xml 
[FAILED] spring-aop-5.3.30.pom - Vui long kiem tra settings.xml 
[FAILED] spring-aop-5.3.31.pom - Vui long kiem tra settings.xml 
[FAILED] spring-aop-5.3.4.pom - Vui long kiem tra settings.xml 
[FAILED] spring-aop-5.3.8.pom - Vui long kiem tra settings.xml 
[FAILED] spring-aop-6.0.11.pom - Vui long kiem tra settings.xml 
[FAILED] spring-aop-6.0.12.pom - Vui long kiem tra settings.xml 
[FAILED] spring-aop-6.0.23.pom - Vui long kiem tra settings.xml 
[FAILED] spring-aop-6.0.5.pom - Vui long kiem tra settings.xml 
[FAILED] spring-aop-6.0.9.pom - Vui long kiem tra settings.xml 
[FAILED] spring-aop-6.1.10.pom - Vui long kiem tra settings.xml 
[FAILED] spring-aop-6.1.13.pom - Vui long kiem tra settings.xml 
[FAILED] spring-aop-6.1.15.pom - Vui long kiem tra settings.xml 
[FAILED] spring-aop-6.1.21.pom - Vui long kiem tra settings.xml 
[FAILED] spring-aop-6.1.3.pom - Vui long kiem tra settings.xml 
[FAILED] spring-aop-6.1.5.pom - Vui long kiem tra settings.xml 
[FAILED] spring-aop-6.1.6.pom - Vui long kiem tra settings.xml 
[FAILED] spring-aop-6.1.9.pom - Vui long kiem tra settings.xml 
[FAILED] spring-aop-6.2.8.pom - Vui long kiem tra settings.xml 
[FAILED] spring-aspects-5.1.4.RELEASE.pom - Vui long kiem tra settings.xml 
[FAILED] spring-aspects-5.1.9.RELEASE.pom - Vui long kiem tra settings.xml 
[FAILED] spring-aspects-5.2.15.RELEASE.pom - Vui long kiem tra settings.xml 
[FAILED] spring-aspects-5.3.12.pom - Vui long kiem tra settings.xml 
[FAILED] spring-aspects-5.3.14.pom - Vui long kiem tra settings.xml 
[FAILED] spring-aspects-5.3.20.pom - Vui long kiem tra settings.xml 
[FAILED] spring-aspects-5.3.21.pom - Vui long kiem tra settings.xml 
[FAILED] spring-aspects-5.3.24.pom - Vui long kiem tra settings.xml 
[FAILED] spring-aspects-5.3.26.pom - Vui long kiem tra settings.xml 
[FAILED] spring-aspects-5.3.27.pom - Vui long kiem tra settings.xml 
[FAILED] spring-aspects-5.3.30.pom - Vui long kiem tra settings.xml 
[FAILED] spring-aspects-5.3.31.pom - Vui long kiem tra settings.xml 
[FAILED] spring-aspects-5.3.4.pom - Vui long kiem tra settings.xml 
[FAILED] spring-aspects-5.3.8.pom - Vui long kiem tra settings.xml 
[FAILED] spring-aspects-6.0.5.pom - Vui long kiem tra settings.xml 
[FAILED] spring-aspects-6.1.10.pom - Vui long kiem tra settings.xml 
[FAILED] spring-aspects-6.1.15.pom - Vui long kiem tra settings.xml 
[FAILED] spring-aspects-6.1.3.pom - Vui long kiem tra settings.xml 
[FAILED] spring-aspects-6.1.6.pom - Vui long kiem tra settings.xml 
[FAILED] spring-beans-2.5.pom - Vui long kiem tra settings.xml 
[FAILED] spring-beans-4.0.3.RELEASE.pom - Vui long kiem tra settings.xml 
[FAILED] spring-beans-4.3.22.RELEASE.pom - Vui long kiem tra settings.xml 
[FAILED] spring-beans-5.1.3.RELEASE.pom - Vui long kiem tra settings.xml 
[FAILED] spring-beans-5.1.4.RELEASE.pom - Vui long kiem tra settings.xml 
[FAILED] spring-beans-5.1.9.RELEASE.pom - Vui long kiem tra settings.xml 
[FAILED] spring-beans-5.2.13.RELEASE.pom - Vui long kiem tra settings.xml 
[FAILED] spring-beans-5.2.14.RELEASE.pom - Vui long kiem tra settings.xml 
[FAILED] spring-beans-5.2.15.RELEASE.pom - Vui long kiem tra settings.xml 
[FAILED] spring-beans-5.2.9.RELEASE.pom - Vui long kiem tra settings.xml 
[FAILED] spring-beans-5.3.12.pom - Vui long kiem tra settings.xml 
[FAILED] spring-beans-5.3.14.pom - Vui long kiem tra settings.xml 
[FAILED] spring-beans-5.3.20.pom - Vui long kiem tra settings.xml 
[FAILED] spring-beans-5.3.21.pom - Vui long kiem tra settings.xml 
[FAILED] spring-beans-5.3.24.pom - Vui long kiem tra settings.xml 
[FAILED] spring-beans-5.3.25.pom - Vui long kiem tra settings.xml 
[FAILED] spring-beans-5.3.26.pom - Vui long kiem tra settings.xml 
[FAILED] spring-beans-5.3.27.pom - Vui long kiem tra settings.xml 
[FAILED] spring-beans-5.3.29.pom - Vui long kiem tra settings.xml 
[FAILED] spring-beans-5.3.30.pom - Vui long kiem tra settings.xml 
[FAILED] spring-beans-5.3.31.pom - Vui long kiem tra settings.xml 
[FAILED] spring-beans-5.3.4.pom - Vui long kiem tra settings.xml 
[FAILED] spring-beans-5.3.8.pom - Vui long kiem tra settings.xml 
[FAILED] spring-beans-6.0.11.pom - Vui long kiem tra settings.xml 
[FAILED] spring-beans-6.0.12.pom - Vui long kiem tra settings.xml 
[FAILED] spring-beans-6.0.23.pom - Vui long kiem tra settings.xml 
[FAILED] spring-beans-6.0.5.pom - Vui long kiem tra settings.xml 
[FAILED] spring-beans-6.0.9.pom - Vui long kiem tra settings.xml 
[FAILED] spring-beans-6.1.10.pom - Vui long kiem tra settings.xml 
[FAILED] spring-beans-6.1.13.pom - Vui long kiem tra settings.xml 
[FAILED] spring-beans-6.1.15.pom - Vui long kiem tra settings.xml 
[FAILED] spring-beans-6.1.21.pom - Vui long kiem tra settings.xml 
[FAILED] spring-beans-6.1.3.pom - Vui long kiem tra settings.xml 
[FAILED] spring-beans-6.1.5.pom - Vui long kiem tra settings.xml 
[FAILED] spring-beans-6.1.6.pom - Vui long kiem tra settings.xml 
[FAILED] spring-beans-6.1.9.pom - Vui long kiem tra settings.xml 
[FAILED] spring-beans-6.2.8.pom - Vui long kiem tra settings.xml 
[FAILED] spring-context-4.0.3.RELEASE.pom - Vui long kiem tra settings.xml 
[FAILED] spring-context-4.3.22.RELEASE.pom - Vui long kiem tra settings.xml 
[FAILED] spring-context-5.1.3.RELEASE.pom - Vui long kiem tra settings.xml 
[FAILED] spring-context-5.1.4.RELEASE.pom - Vui long kiem tra settings.xml 
[FAILED] spring-context-5.1.9.RELEASE.pom - Vui long kiem tra settings.xml 
[FAILED] spring-context-5.2.13.RELEASE.pom - Vui long kiem tra settings.xml 
[FAILED] spring-context-5.2.14.RELEASE.pom - Vui long kiem tra settings.xml 
[FAILED] spring-context-5.2.15.RELEASE.pom - Vui long kiem tra settings.xml 
[FAILED] spring-context-5.2.9.RELEASE.pom - Vui long kiem tra settings.xml 
[FAILED] spring-context-5.3.12.pom - Vui long kiem tra settings.xml 
[FAILED] spring-context-5.3.14.pom - Vui long kiem tra settings.xml 
[FAILED] spring-context-5.3.20.pom - Vui long kiem tra settings.xml 
[FAILED] spring-context-5.3.21.pom - Vui long kiem tra settings.xml 
[FAILED] spring-context-5.3.24.pom - Vui long kiem tra settings.xml 
[FAILED] spring-context-5.3.25.pom - Vui long kiem tra settings.xml 
[FAILED] spring-context-5.3.26.pom - Vui long kiem tra settings.xml 
[FAILED] spring-context-5.3.27.pom - Vui long kiem tra settings.xml 
[FAILED] spring-context-5.3.29.pom - Vui long kiem tra settings.xml 
[FAILED] spring-context-5.3.30.pom - Vui long kiem tra settings.xml 
[FAILED] spring-context-5.3.31.pom - Vui long kiem tra settings.xml 
[FAILED] spring-context-5.3.4.pom - Vui long kiem tra settings.xml 
[FAILED] spring-context-5.3.8.pom - Vui long kiem tra settings.xml 
[FAILED] spring-context-6.0.11.pom - Vui long kiem tra settings.xml 
[FAILED] spring-context-6.0.12.pom - Vui long kiem tra settings.xml 
[FAILED] spring-context-6.0.23.pom - Vui long kiem tra settings.xml 
[FAILED] spring-context-6.0.5.pom - Vui long kiem tra settings.xml 
[FAILED] spring-context-6.0.9.pom - Vui long kiem tra settings.xml 
[FAILED] spring-context-6.1.10.pom - Vui long kiem tra settings.xml 
[FAILED] spring-context-6.1.13.pom - Vui long kiem tra settings.xml 
[FAILED] spring-context-6.1.15.pom - Vui long kiem tra settings.xml 
[FAILED] spring-context-6.1.21.pom - Vui long kiem tra settings.xml 
[FAILED] spring-context-6.1.3.pom - Vui long kiem tra settings.xml 
[FAILED] spring-context-6.1.5.pom - Vui long kiem tra settings.xml 
[FAILED] spring-context-6.1.6.pom - Vui long kiem tra settings.xml 
[FAILED] spring-context-6.1.9.pom - Vui long kiem tra settings.xml 
[FAILED] spring-context-6.2.8.pom - Vui long kiem tra settings.xml 
[FAILED] spring-context-support-5.1.3.RELEASE.pom - Vui long kiem tra settings.xml 
[FAILED] spring-context-support-5.1.9.RELEASE.pom - Vui long kiem tra settings.xml 
[FAILED] spring-context-support-5.2.14.RELEASE.pom - Vui long kiem tra settings.xml 
[FAILED] spring-context-support-5.2.15.RELEASE.pom - Vui long kiem tra settings.xml 
[FAILED] spring-context-support-5.3.12.pom - Vui long kiem tra settings.xml 
[FAILED] spring-context-support-5.3.14.pom - Vui long kiem tra settings.xml 
[FAILED] spring-context-support-5.3.20.pom - Vui long kiem tra settings.xml 
[FAILED] spring-context-support-5.3.27.pom - Vui long kiem tra settings.xml 
[FAILED] spring-context-support-5.3.31.pom - Vui long kiem tra settings.xml 
[FAILED] spring-context-support-5.3.4.pom - Vui long kiem tra settings.xml 
[FAILED] spring-context-support-5.3.8.pom - Vui long kiem tra settings.xml 
[FAILED] spring-context-support-6.0.5.pom - Vui long kiem tra settings.xml 
[FAILED] spring-context-support-6.1.10.pom - Vui long kiem tra settings.xml 
[FAILED] spring-context-support-6.1.15.pom - Vui long kiem tra settings.xml 
[FAILED] spring-context-support-6.1.21.pom - Vui long kiem tra settings.xml 
[FAILED] spring-context-support-6.1.3.pom - Vui long kiem tra settings.xml 
[FAILED] spring-context-support-6.1.6.pom - Vui long kiem tra settings.xml 
[FAILED] spring-context-support-6.2.8.pom - Vui long kiem tra settings.xml 
[FAILED] spring-core-2.5.pom - Vui long kiem tra settings.xml 
[FAILED] spring-core-4.3.22.RELEASE.pom - Vui long kiem tra settings.xml 
[FAILED] spring-core-5.1.3.RELEASE.pom - Vui long kiem tra settings.xml 
[FAILED] spring-core-5.1.4.RELEASE.pom - Vui long kiem tra settings.xml 
[FAILED] spring-core-5.1.9.RELEASE.pom - Vui long kiem tra settings.xml 
[FAILED] spring-core-5.2.13.RELEASE.pom - Vui long kiem tra settings.xml 
[FAILED] spring-core-5.2.14.RELEASE.pom - Vui long kiem tra settings.xml 
[FAILED] spring-core-5.2.15.RELEASE.pom - Vui long kiem tra settings.xml 
[FAILED] spring-core-5.2.9.RELEASE.pom - Vui long kiem tra settings.xml 
[FAILED] spring-core-5.3.12.pom - Vui long kiem tra settings.xml 
[FAILED] spring-core-5.3.14.pom - Vui long kiem tra settings.xml 
[FAILED] spring-core-5.3.20.pom - Vui long kiem tra settings.xml 
[FAILED] spring-core-5.3.21.pom - Vui long kiem tra settings.xml 
[FAILED] spring-core-5.3.24.pom - Vui long kiem tra settings.xml 
[FAILED] spring-core-5.3.25.pom - Vui long kiem tra settings.xml 
[FAILED] spring-core-5.3.26.pom - Vui long kiem tra settings.xml 
[FAILED] spring-core-5.3.27.pom - Vui long kiem tra settings.xml 
[FAILED] spring-core-5.3.29.pom - Vui long kiem tra settings.xml 
[FAILED] spring-core-5.3.30.pom - Vui long kiem tra settings.xml 
[FAILED] spring-core-5.3.31.pom - Vui long kiem tra settings.xml 
[FAILED] spring-core-5.3.4.pom - Vui long kiem tra settings.xml 
[FAILED] spring-core-5.3.8.pom - Vui long kiem tra settings.xml 
[FAILED] spring-core-6.0.10.pom - Vui long kiem tra settings.xml 
[FAILED] spring-core-6.0.11.pom - Vui long kiem tra settings.xml 
[FAILED] spring-core-6.0.12.pom - Vui long kiem tra settings.xml 
[FAILED] spring-core-6.0.21.pom - Vui long kiem tra settings.xml 
[FAILED] spring-core-6.0.23.pom - Vui long kiem tra settings.xml 
[FAILED] spring-core-6.0.5.pom - Vui long kiem tra settings.xml 
[FAILED] spring-core-6.0.9.pom - Vui long kiem tra settings.xml 
[FAILED] spring-core-6.1.10.pom - Vui long kiem tra settings.xml 
[FAILED] spring-core-6.1.13.pom - Vui long kiem tra settings.xml 
[FAILED] spring-core-6.1.15.pom - Vui long kiem tra settings.xml 
[FAILED] spring-core-6.1.21.pom - Vui long kiem tra settings.xml 
[FAILED] spring-core-6.1.3.pom - Vui long kiem tra settings.xml 
[FAILED] spring-core-6.1.5.pom - Vui long kiem tra settings.xml 
[FAILED] spring-core-6.1.6.pom - Vui long kiem tra settings.xml 
[FAILED] spring-core-6.1.9.pom - Vui long kiem tra settings.xml 
[FAILED] spring-core-6.2.8.pom - Vui long kiem tra settings.xml 
[FAILED] spring-expression-4.3.22.RELEASE.pom - Vui long kiem tra settings.xml 
[FAILED] spring-expression-5.1.3.RELEASE.pom - Vui long kiem tra settings.xml 
[FAILED] spring-expression-5.1.4.RELEASE.pom - Vui long kiem tra settings.xml 
[FAILED] spring-expression-5.1.9.RELEASE.pom - Vui long kiem tra settings.xml 
[FAILED] spring-expression-5.2.13.RELEASE.pom - Vui long kiem tra settings.xml 
[FAILED] spring-expression-5.2.14.RELEASE.pom - Vui long kiem tra settings.xml 
[FAILED] spring-expression-5.2.15.RELEASE.pom - Vui long kiem tra settings.xml 
[FAILED] spring-expression-5.2.9.RELEASE.pom - Vui long kiem tra settings.xml 
[FAILED] spring-expression-5.3.12.pom - Vui long kiem tra settings.xml 
[FAILED] spring-expression-5.3.14.pom - Vui long kiem tra settings.xml 
[FAILED] spring-expression-5.3.20.pom - Vui long kiem tra settings.xml 
[FAILED] spring-expression-5.3.21.pom - Vui long kiem tra settings.xml 
[FAILED] spring-expression-5.3.24.pom - Vui long kiem tra settings.xml 
[FAILED] spring-expression-5.3.25.pom - Vui long kiem tra settings.xml 
[FAILED] spring-expression-5.3.26.pom - Vui long kiem tra settings.xml 
[FAILED] spring-expression-5.3.27.pom - Vui long kiem tra settings.xml 
[FAILED] spring-expression-5.3.29.pom - Vui long kiem tra settings.xml 
[FAILED] spring-expression-5.3.30.pom - Vui long kiem tra settings.xml 
[FAILED] spring-expression-5.3.31.pom - Vui long kiem tra settings.xml 
[FAILED] spring-expression-5.3.4.pom - Vui long kiem tra settings.xml 
[FAILED] spring-expression-5.3.8.pom - Vui long kiem tra settings.xml 
[FAILED] spring-expression-6.0.11.pom - Vui long kiem tra settings.xml 
[FAILED] spring-expression-6.0.12.pom - Vui long kiem tra settings.xml 
[FAILED] spring-expression-6.0.23.pom - Vui long kiem tra settings.xml 
[FAILED] spring-expression-6.0.5.pom - Vui long kiem tra settings.xml 
[FAILED] spring-expression-6.0.9.pom - Vui long kiem tra settings.xml 
[FAILED] spring-expression-6.1.10.pom - Vui long kiem tra settings.xml 
[FAILED] spring-expression-6.1.13.pom - Vui long kiem tra settings.xml 
[FAILED] spring-expression-6.1.15.pom - Vui long kiem tra settings.xml 
[FAILED] spring-expression-6.1.21.pom - Vui long kiem tra settings.xml 
[FAILED] spring-expression-6.1.3.pom - Vui long kiem tra settings.xml 
[FAILED] spring-expression-6.1.5.pom - Vui long kiem tra settings.xml 
[FAILED] spring-expression-6.1.6.pom - Vui long kiem tra settings.xml 
[FAILED] spring-expression-6.1.9.pom - Vui long kiem tra settings.xml 
[FAILED] spring-expression-6.2.8.pom - Vui long kiem tra settings.xml 
[FAILED] spring-framework-bom-4.3.22.RELEASE.pom - Vui long kiem tra settings.xml 
[FAILED] spring-framework-bom-4.3.29.RELEASE.pom - Vui long kiem tra settings.xml 
[FAILED] spring-framework-bom-5.0.2.RELEASE.pom - Vui long kiem tra settings.xml 
[FAILED] spring-framework-bom-5.1.2.RELEASE.pom - Vui long kiem tra settings.xml 
[FAILED] spring-framework-bom-5.1.3.RELEASE.pom - Vui long kiem tra settings.xml 
[FAILED] spring-framework-bom-5.1.4.RELEASE.pom - Vui long kiem tra settings.xml 
[FAILED] spring-framework-bom-5.1.9.RELEASE.pom - Vui long kiem tra settings.xml 
[FAILED] spring-framework-bom-5.2.14.RELEASE.pom - Vui long kiem tra settings.xml 
[FAILED] spring-framework-bom-5.2.15.RELEASE.pom - Vui long kiem tra settings.xml 
[FAILED] spring-framework-bom-5.2.3.RELEASE.pom - Vui long kiem tra settings.xml 
[FAILED] spring-framework-bom-5.2.5.RELEASE.pom - Vui long kiem tra settings.xml 
[FAILED] spring-framework-bom-5.3.10.pom - Vui long kiem tra settings.xml 
[FAILED] spring-framework-bom-5.3.11.pom - Vui long kiem tra settings.xml 
[FAILED] spring-framework-bom-5.3.12.pom - Vui long kiem tra settings.xml 
[FAILED] spring-framework-bom-5.3.13.pom - Vui long kiem tra settings.xml 
[FAILED] spring-framework-bom-5.3.14.pom - Vui long kiem tra settings.xml 
[FAILED] spring-framework-bom-5.3.20.pom - Vui long kiem tra settings.xml 
[FAILED] spring-framework-bom-5.3.21.pom - Vui long kiem tra settings.xml 
[FAILED] spring-framework-bom-5.3.24.pom - Vui long kiem tra settings.xml 
[FAILED] spring-framework-bom-5.3.25.pom - Vui long kiem tra settings.xml 
[FAILED] spring-framework-bom-5.3.26.pom - Vui long kiem tra settings.xml 
[FAILED] spring-framework-bom-5.3.27.pom - Vui long kiem tra settings.xml 
[FAILED] spring-framework-bom-5.3.28.pom - Vui long kiem tra settings.xml 
[FAILED] spring-framework-bom-5.3.29.pom - Vui long kiem tra settings.xml 
[FAILED] spring-framework-bom-5.3.30.pom - Vui long kiem tra settings.xml 
[FAILED] spring-framework-bom-5.3.31.pom - Vui long kiem tra settings.xml 
[FAILED] spring-framework-bom-5.3.32.pom - Vui long kiem tra settings.xml 
[FAILED] spring-framework-bom-5.3.39.pom - Vui long kiem tra settings.xml 
[FAILED] spring-framework-bom-5.3.4.pom - Vui long kiem tra settings.xml 
[FAILED] spring-framework-bom-5.3.6.pom - Vui long kiem tra settings.xml 
[FAILED] spring-framework-bom-5.3.8.pom - Vui long kiem tra settings.xml 
[FAILED] spring-framework-bom-6.0.11.pom - Vui long kiem tra settings.xml 
[FAILED] spring-framework-bom-6.0.12.pom - Vui long kiem tra settings.xml 
[FAILED] spring-framework-bom-6.0.15.pom - Vui long kiem tra settings.xml 
[FAILED] spring-framework-bom-6.0.2.pom - Vui long kiem tra settings.xml 
[FAILED] spring-framework-bom-6.0.23.pom - Vui long kiem tra settings.xml 
[FAILED] spring-framework-bom-6.0.5.pom - Vui long kiem tra settings.xml 
[FAILED] spring-framework-bom-6.1.10.pom - Vui long kiem tra settings.xml 
[FAILED] spring-framework-bom-6.1.13.pom - Vui long kiem tra settings.xml 
[FAILED] spring-framework-bom-6.1.15.pom - Vui long kiem tra settings.xml 
[FAILED] spring-framework-bom-6.1.21.pom - Vui long kiem tra settings.xml 
[FAILED] spring-framework-bom-6.1.3.pom - Vui long kiem tra settings.xml 
[FAILED] spring-framework-bom-6.1.5.pom - Vui long kiem tra settings.xml 
[FAILED] spring-framework-bom-6.1.6.pom - Vui long kiem tra settings.xml 
[FAILED] spring-framework-bom-6.1.8.pom - Vui long kiem tra settings.xml 
[FAILED] spring-framework-bom-6.1.9.pom - Vui long kiem tra settings.xml 
[FAILED] spring-framework-bom-6.2.8.pom - Vui long kiem tra settings.xml 
[FAILED] spring-jcl-5.1.3.RELEASE.pom - Vui long kiem tra settings.xml 
[FAILED] spring-jcl-5.1.4.RELEASE.pom - Vui long kiem tra settings.xml 
[FAILED] spring-jcl-5.1.9.RELEASE.pom - Vui long kiem tra settings.xml 
[FAILED] spring-jcl-5.2.13.RELEASE.pom - Vui long kiem tra settings.xml 
[FAILED] spring-jcl-5.2.14.RELEASE.pom - Vui long kiem tra settings.xml 
[FAILED] spring-jcl-5.2.15.RELEASE.pom - Vui long kiem tra settings.xml 
[FAILED] spring-jcl-5.2.9.RELEASE.pom - Vui long kiem tra settings.xml 
[FAILED] spring-jcl-5.3.12.pom - Vui long kiem tra settings.xml 
[FAILED] spring-jcl-5.3.14.pom - Vui long kiem tra settings.xml 
[FAILED] spring-jcl-5.3.20.pom - Vui long kiem tra settings.xml 
[FAILED] spring-jcl-5.3.21.pom - Vui long kiem tra settings.xml 
[FAILED] spring-jcl-5.3.24.pom - Vui long kiem tra settings.xml 
[FAILED] spring-jcl-5.3.25.pom - Vui long kiem tra settings.xml 
[FAILED] spring-jcl-5.3.26.pom - Vui long kiem tra settings.xml 
[FAILED] spring-jcl-5.3.27.pom - Vui long kiem tra settings.xml 
[FAILED] spring-jcl-5.3.29.pom - Vui long kiem tra settings.xml 
[FAILED] spring-jcl-5.3.30.pom - Vui long kiem tra settings.xml 
[FAILED] spring-jcl-5.3.31.pom - Vui long kiem tra settings.xml 
[FAILED] spring-jcl-5.3.4.pom - Vui long kiem tra settings.xml 
[FAILED] spring-jcl-5.3.8.pom - Vui long kiem tra settings.xml 
[FAILED] spring-jcl-6.0.10.pom - Vui long kiem tra settings.xml 
[FAILED] spring-jcl-6.0.11.pom - Vui long kiem tra settings.xml 
[FAILED] spring-jcl-6.0.12.pom - Vui long kiem tra settings.xml 
[FAILED] spring-jcl-6.0.21.pom - Vui long kiem tra settings.xml 
[FAILED] spring-jcl-6.0.23.pom - Vui long kiem tra settings.xml 
[FAILED] spring-jcl-6.0.5.pom - Vui long kiem tra settings.xml 
[FAILED] spring-jcl-6.0.9.pom - Vui long kiem tra settings.xml 
[FAILED] spring-jcl-6.1.10.pom - Vui long kiem tra settings.xml 
[FAILED] spring-jcl-6.1.13.pom - Vui long kiem tra settings.xml 
[FAILED] spring-jcl-6.1.15.pom - Vui long kiem tra settings.xml 
[FAILED] spring-jcl-6.1.21.pom - Vui long kiem tra settings.xml 
[FAILED] spring-jcl-6.1.3.pom - Vui long kiem tra settings.xml 
[FAILED] spring-jcl-6.1.5.pom - Vui long kiem tra settings.xml 
[FAILED] spring-jcl-6.1.6.pom - Vui long kiem tra settings.xml 
[FAILED] spring-jcl-6.1.9.pom - Vui long kiem tra settings.xml 
[FAILED] spring-jcl-6.2.8.pom - Vui long kiem tra settings.xml 
[FAILED] spring-jdbc-5.1.4.RELEASE.pom - Vui long kiem tra settings.xml 
[FAILED] spring-jdbc-5.1.9.RELEASE.pom - Vui long kiem tra settings.xml 
[FAILED] spring-jdbc-5.2.14.RELEASE.pom - Vui long kiem tra settings.xml 
[FAILED] spring-jdbc-5.2.15.RELEASE.pom - Vui long kiem tra settings.xml 
[FAILED] spring-jdbc-5.3.12.pom - Vui long kiem tra settings.xml 
[FAILED] spring-jdbc-5.3.14.pom - Vui long kiem tra settings.xml 
[FAILED] spring-jdbc-5.3.20.pom - Vui long kiem tra settings.xml 
[FAILED] spring-jdbc-5.3.21.pom - Vui long kiem tra settings.xml 
[FAILED] spring-jdbc-5.3.24.pom - Vui long kiem tra settings.xml 
[FAILED] spring-jdbc-5.3.26.pom - Vui long kiem tra settings.xml 
[FAILED] spring-jdbc-5.3.27.pom - Vui long kiem tra settings.xml 
[FAILED] spring-jdbc-5.3.30.pom - Vui long kiem tra settings.xml 
[FAILED] spring-jdbc-5.3.31.pom - Vui long kiem tra settings.xml 
[FAILED] spring-jdbc-5.3.4.pom - Vui long kiem tra settings.xml 
[FAILED] spring-jdbc-5.3.8.pom - Vui long kiem tra settings.xml 
[FAILED] spring-jdbc-6.0.5.pom - Vui long kiem tra settings.xml 
[FAILED] spring-jdbc-6.1.10.pom - Vui long kiem tra settings.xml 
[FAILED] spring-jdbc-6.1.15.pom - Vui long kiem tra settings.xml 
[FAILED] spring-jdbc-6.1.21.pom - Vui long kiem tra settings.xml 
[FAILED] spring-jdbc-6.1.3.pom - Vui long kiem tra settings.xml 
[FAILED] spring-jdbc-6.1.6.pom - Vui long kiem tra settings.xml 
[FAILED] spring-jdbc-6.1.9.pom - Vui long kiem tra settings.xml 
[FAILED] spring-messaging-5.1.9.RELEASE.pom - Vui long kiem tra settings.xml 
[FAILED] spring-messaging-5.2.15.RELEASE.pom - Vui long kiem tra settings.xml 
[FAILED] spring-messaging-5.3.12.pom - Vui long kiem tra settings.xml 
[FAILED] spring-messaging-5.3.20.pom - Vui long kiem tra settings.xml 
[FAILED] spring-messaging-5.3.31.pom - Vui long kiem tra settings.xml 
[FAILED] spring-messaging-5.3.4.pom - Vui long kiem tra settings.xml 
[FAILED] spring-messaging-6.1.15.pom - Vui long kiem tra settings.xml 
[FAILED] spring-messaging-6.1.21.pom - Vui long kiem tra settings.xml 
[FAILED] spring-messaging-6.1.3.pom - Vui long kiem tra settings.xml 
[FAILED] spring-messaging-6.2.8.pom - Vui long kiem tra settings.xml 
[FAILED] spring-orm-5.1.4.RELEASE.pom - Vui long kiem tra settings.xml 
[FAILED] spring-orm-5.1.9.RELEASE.pom - Vui long kiem tra settings.xml 
[FAILED] spring-orm-5.2.14.RELEASE.pom - Vui long kiem tra settings.xml 
[FAILED] spring-orm-5.2.15.RELEASE.pom - Vui long kiem tra settings.xml 
[FAILED] spring-orm-5.3.12.pom - Vui long kiem tra settings.xml 
[FAILED] spring-orm-5.3.14.pom - Vui long kiem tra settings.xml 
[FAILED] spring-orm-5.3.20.pom - Vui long kiem tra settings.xml 
[FAILED] spring-orm-5.3.21.pom - Vui long kiem tra settings.xml 
[FAILED] spring-orm-5.3.24.pom - Vui long kiem tra settings.xml 
[FAILED] spring-orm-5.3.26.pom - Vui long kiem tra settings.xml 
[FAILED] spring-orm-5.3.27.pom - Vui long kiem tra settings.xml 
[FAILED] spring-orm-5.3.30.pom - Vui long kiem tra settings.xml 
[FAILED] spring-orm-5.3.31.pom - Vui long kiem tra settings.xml 
[FAILED] spring-orm-5.3.4.pom - Vui long kiem tra settings.xml 
[FAILED] spring-orm-5.3.8.pom - Vui long kiem tra settings.xml 
[FAILED] spring-orm-6.0.5.pom - Vui long kiem tra settings.xml 
[FAILED] spring-orm-6.1.10.pom - Vui long kiem tra settings.xml 
[FAILED] spring-orm-6.1.15.pom - Vui long kiem tra settings.xml 
[FAILED] spring-orm-6.1.3.pom - Vui long kiem tra settings.xml 
[FAILED] spring-orm-6.1.6.pom - Vui long kiem tra settings.xml 
[FAILED] spring-orm-6.1.9.pom - Vui long kiem tra settings.xml 
[FAILED] spring-oxm-5.2.14.RELEASE.pom - Vui long kiem tra settings.xml 
[FAILED] spring-oxm-5.2.15.RELEASE.pom - Vui long kiem tra settings.xml 
[FAILED] spring-oxm-6.1.10.pom - Vui long kiem tra settings.xml 
[FAILED] spring-oxm-6.1.15.pom - Vui long kiem tra settings.xml 
[FAILED] spring-oxm-6.1.21.pom - Vui long kiem tra settings.xml 
[FAILED] spring-test-4.0.3.RELEASE.pom - Vui long kiem tra settings.xml 
[FAILED] spring-test-5.1.3.RELEASE.pom - Vui long kiem tra settings.xml 
[FAILED] spring-test-5.1.4.RELEASE.pom - Vui long kiem tra settings.xml 
[FAILED] spring-test-5.1.9.RELEASE.pom - Vui long kiem tra settings.xml 
[FAILED] spring-test-5.2.15.RELEASE.pom - Vui long kiem tra settings.xml 
[FAILED] spring-test-5.3.12.pom - Vui long kiem tra settings.xml 
[FAILED] spring-test-5.3.14.pom - Vui long kiem tra settings.xml 
[FAILED] spring-test-5.3.20.pom - Vui long kiem tra settings.xml 
[FAILED] spring-test-5.3.24.pom - Vui long kiem tra settings.xml 
[FAILED] spring-test-5.3.25.pom - Vui long kiem tra settings.xml 
[FAILED] spring-test-5.3.26.pom - Vui long kiem tra settings.xml 
[FAILED] spring-test-5.3.27.pom - Vui long kiem tra settings.xml 
[FAILED] spring-test-5.3.29.pom - Vui long kiem tra settings.xml 
[FAILED] spring-test-5.3.30.pom - Vui long kiem tra settings.xml 
[FAILED] spring-test-5.3.31.pom - Vui long kiem tra settings.xml 
[FAILED] spring-test-6.0.11.pom - Vui long kiem tra settings.xml 
[FAILED] spring-test-6.0.5.pom - Vui long kiem tra settings.xml 
[FAILED] spring-test-6.1.10.pom - Vui long kiem tra settings.xml 
[FAILED] spring-test-6.1.13.pom - Vui long kiem tra settings.xml 
[FAILED] spring-test-6.1.15.pom - Vui long kiem tra settings.xml 
[FAILED] spring-test-6.1.3.pom - Vui long kiem tra settings.xml 
[FAILED] spring-test-6.1.6.pom - Vui long kiem tra settings.xml 
[FAILED] spring-test-6.2.8.pom - Vui long kiem tra settings.xml 
[FAILED] spring-tx-5.1.3.RELEASE.pom - Vui long kiem tra settings.xml 
[FAILED] spring-tx-5.1.4.RELEASE.pom - Vui long kiem tra settings.xml 
[FAILED] spring-tx-5.1.9.RELEASE.pom - Vui long kiem tra settings.xml 
[FAILED] spring-tx-5.2.14.RELEASE.pom - Vui long kiem tra settings.xml 
[FAILED] spring-tx-5.2.15.RELEASE.pom - Vui long kiem tra settings.xml 
[FAILED] spring-tx-5.3.12.pom - Vui long kiem tra settings.xml 
[FAILED] spring-tx-5.3.14.pom - Vui long kiem tra settings.xml 
[FAILED] spring-tx-5.3.20.pom - Vui long kiem tra settings.xml 
[FAILED] spring-tx-5.3.21.pom - Vui long kiem tra settings.xml 
[FAILED] spring-tx-5.3.24.pom - Vui long kiem tra settings.xml 
[FAILED] spring-tx-5.3.26.pom - Vui long kiem tra settings.xml 
[FAILED] spring-tx-5.3.27.pom - Vui long kiem tra settings.xml 
[FAILED] spring-tx-5.3.30.pom - Vui long kiem tra settings.xml 
[FAILED] spring-tx-5.3.31.pom - Vui long kiem tra settings.xml 
[FAILED] spring-tx-5.3.4.pom - Vui long kiem tra settings.xml 
[FAILED] spring-tx-5.3.8.pom - Vui long kiem tra settings.xml 
[FAILED] spring-tx-6.0.5.pom - Vui long kiem tra settings.xml 
[FAILED] spring-tx-6.1.10.pom - Vui long kiem tra settings.xml 
[FAILED] spring-tx-6.1.15.pom - Vui long kiem tra settings.xml 
[FAILED] spring-tx-6.1.21.pom - Vui long kiem tra settings.xml 
[FAILED] spring-tx-6.1.3.pom - Vui long kiem tra settings.xml 
[FAILED] spring-tx-6.1.6.pom - Vui long kiem tra settings.xml 
[FAILED] spring-tx-6.1.9.pom - Vui long kiem tra settings.xml 
[FAILED] spring-tx-6.2.8.pom - Vui long kiem tra settings.xml 
[FAILED] spring-web-5.1.3.RELEASE.pom - Vui long kiem tra settings.xml 
[FAILED] spring-web-5.1.4.RELEASE.pom - Vui long kiem tra settings.xml 
[FAILED] spring-web-5.1.9.RELEASE.pom - Vui long kiem tra settings.xml 
[FAILED] spring-web-5.2.13.RELEASE.pom - Vui long kiem tra settings.xml 
[FAILED] spring-web-5.2.14.RELEASE.pom - Vui long kiem tra settings.xml 
[FAILED] spring-web-5.2.15.RELEASE.pom - Vui long kiem tra settings.xml 
[FAILED] spring-web-5.2.9.RELEASE.pom - Vui long kiem tra settings.xml 
[FAILED] spring-web-5.3.12.pom - Vui long kiem tra settings.xml 
[FAILED] spring-web-5.3.14.pom - Vui long kiem tra settings.xml 
[FAILED] spring-web-5.3.20.pom - Vui long kiem tra settings.xml 
[FAILED] spring-web-5.3.21.pom - Vui long kiem tra settings.xml 
[FAILED] spring-web-5.3.24.pom - Vui long kiem tra settings.xml 
[FAILED] spring-web-5.3.25.pom - Vui long kiem tra settings.xml 
[FAILED] spring-web-5.3.26.pom - Vui long kiem tra settings.xml 
[FAILED] spring-web-5.3.27.pom - Vui long kiem tra settings.xml 
[FAILED] spring-web-5.3.29.pom - Vui long kiem tra settings.xml 
[FAILED] spring-web-5.3.30.pom - Vui long kiem tra settings.xml 
[FAILED] spring-web-5.3.31.pom - Vui long kiem tra settings.xml 
[FAILED] spring-web-5.3.4.pom - Vui long kiem tra settings.xml 
[FAILED] spring-web-5.3.8.pom - Vui long kiem tra settings.xml 
[FAILED] spring-web-6.0.11.pom - Vui long kiem tra settings.xml 
[FAILED] spring-web-6.0.12.pom - Vui long kiem tra settings.xml 
[FAILED] spring-web-6.0.5.pom - Vui long kiem tra settings.xml 
[FAILED] spring-web-6.0.9.pom - Vui long kiem tra settings.xml 
[FAILED] spring-web-6.1.10.pom - Vui long kiem tra settings.xml 
[FAILED] spring-web-6.1.13.pom - Vui long kiem tra settings.xml 
[FAILED] spring-web-6.1.15.pom - Vui long kiem tra settings.xml 
[FAILED] spring-web-6.1.21.pom - Vui long kiem tra settings.xml 
[FAILED] spring-web-6.1.3.pom - Vui long kiem tra settings.xml 
[FAILED] spring-web-6.1.5.pom - Vui long kiem tra settings.xml 
[FAILED] spring-web-6.1.6.pom - Vui long kiem tra settings.xml 
[FAILED] spring-web-6.1.9.pom - Vui long kiem tra settings.xml 
[FAILED] spring-web-6.2.8.pom - Vui long kiem tra settings.xml 
[FAILED] spring-webflux-5.2.15.RELEASE.pom - Vui long kiem tra settings.xml 
[FAILED] spring-webflux-5.2.9.RELEASE.pom - Vui long kiem tra settings.xml 
[FAILED] spring-webflux-6.1.10.pom - Vui long kiem tra settings.xml 
[FAILED] spring-webflux-6.1.15.pom - Vui long kiem tra settings.xml 
[FAILED] spring-webflux-6.1.21.pom - Vui long kiem tra settings.xml 
[FAILED] spring-webflux-6.1.5.pom - Vui long kiem tra settings.xml 
[FAILED] spring-webmvc-5.1.3.RELEASE.pom - Vui long kiem tra settings.xml 
[FAILED] spring-webmvc-5.1.4.RELEASE.pom - Vui long kiem tra settings.xml 
[FAILED] spring-webmvc-5.1.9.RELEASE.pom - Vui long kiem tra settings.xml 
[FAILED] spring-webmvc-5.2.14.RELEASE.pom - Vui long kiem tra settings.xml 
[FAILED] spring-webmvc-5.2.15.RELEASE.pom - Vui long kiem tra settings.xml 
[FAILED] spring-webmvc-5.2.9.RELEASE.pom - Vui long kiem tra settings.xml 
[FAILED] spring-webmvc-5.3.12.pom - Vui long kiem tra settings.xml 
[FAILED] spring-webmvc-5.3.14.pom - Vui long kiem tra settings.xml 
[FAILED] spring-webmvc-5.3.20.pom - Vui long kiem tra settings.xml 
[FAILED] spring-webmvc-5.3.21.pom - Vui long kiem tra settings.xml 
[FAILED] spring-webmvc-5.3.24.pom - Vui long kiem tra settings.xml 
[FAILED] spring-webmvc-5.3.25.pom - Vui long kiem tra settings.xml 
[FAILED] spring-webmvc-5.3.26.pom - Vui long kiem tra settings.xml 
[FAILED] spring-webmvc-5.3.27.pom - Vui long kiem tra settings.xml 
[FAILED] spring-webmvc-5.3.29.pom - Vui long kiem tra settings.xml 
[FAILED] spring-webmvc-5.3.30.pom - Vui long kiem tra settings.xml 
[FAILED] spring-webmvc-5.3.31.pom - Vui long kiem tra settings.xml 
[FAILED] spring-webmvc-5.3.4.pom - Vui long kiem tra settings.xml 
[FAILED] spring-webmvc-5.3.8.pom - Vui long kiem tra settings.xml 
[FAILED] spring-webmvc-6.0.11.pom - Vui long kiem tra settings.xml 
[FAILED] spring-webmvc-6.0.12.pom - Vui long kiem tra settings.xml 
[FAILED] spring-webmvc-6.0.5.pom - Vui long kiem tra settings.xml 
[FAILED] spring-webmvc-6.0.9.pom - Vui long kiem tra settings.xml 
[FAILED] spring-webmvc-6.1.10.pom - Vui long kiem tra settings.xml 
[FAILED] spring-webmvc-6.1.13.pom - Vui long kiem tra settings.xml 
[FAILED] spring-webmvc-6.1.15.pom - Vui long kiem tra settings.xml 
[FAILED] spring-webmvc-6.1.21.pom - Vui long kiem tra settings.xml 
[FAILED] spring-webmvc-6.1.3.pom - Vui long kiem tra settings.xml 
[FAILED] spring-webmvc-6.1.5.pom - Vui long kiem tra settings.xml 
[FAILED] spring-webmvc-6.1.6.pom - Vui long kiem tra settings.xml 
[FAILED] spring-webmvc-6.2.8.pom - Vui long kiem tra settings.xml 
[FAILED] spring-websocket-5.2.15.RELEASE.pom - Vui long kiem tra settings.xml 
[FAILED] spring-websocket-5.3.12.pom - Vui long kiem tra settings.xml 
[FAILED] spring-websocket-5.3.20.pom - Vui long kiem tra settings.xml 
[FAILED] spring-websocket-6.1.15.pom - Vui long kiem tra settings.xml 
[FAILED] spring-vault-core-2.2.0.RELEASE.pom - Vui long kiem tra settings.xml 
[FAILED] spring-vault-core-3.1.1.pom - Vui long kiem tra settings.xml 
[FAILED] spring-vault-parent-2.2.0.RELEASE.pom - Vui long kiem tra settings.xml 
[FAILED] spring-vault-parent-3.1.1.pom - Vui long kiem tra settings.xml 
[FAILED] spring-ws-bom-4.0.10.pom - Vui long kiem tra settings.xml 
[FAILED] spring-ws-bom-4.0.11.pom - Vui long kiem tra settings.xml 
[FAILED] spring-ws-bom-4.0.15.pom - Vui long kiem tra settings.xml 
[FAILED] spring-ws-bom-4.0.2.pom - Vui long kiem tra settings.xml 
[FAILED] spring-ws-bom-4.0.5.pom - Vui long kiem tra settings.xml 
[FAILED] spring-ws-bom-4.0.6.pom - Vui long kiem tra settings.xml 
[FAILED] spring-ws-bom-4.1.0.pom - Vui long kiem tra settings.xml 
[FAILED] nio-multipart-1.1.0.pom - Vui long kiem tra settings.xml 
[FAILED] nio-multipart-parser-1.1.0.pom - Vui long kiem tra settings.xml 
[FAILED] nio-stream-storage-1.1.3.pom - Vui long kiem tra settings.xml 
[FAILED] database-commons-1.16.2.pom - Vui long kiem tra settings.xml 
[FAILED] database-commons-1.17.6.pom - Vui long kiem tra settings.xml 
[FAILED] jdbc-1.16.2.pom - Vui long kiem tra settings.xml 
[FAILED] jdbc-1.17.6.pom - Vui long kiem tra settings.xml 
[FAILED] junit-jupiter-1.16.2.pom - Vui long kiem tra settings.xml 
[FAILED] junit-jupiter-1.17.6.pom - Vui long kiem tra settings.xml 
[FAILED] mysql-1.16.2.pom - Vui long kiem tra settings.xml 
[FAILED] mysql-1.17.6.pom - Vui long kiem tra settings.xml 
[FAILED] testcontainers-1.16.2.pom - Vui long kiem tra settings.xml 
[FAILED] testcontainers-1.17.6.pom - Vui long kiem tra settings.xml 
[FAILED] testcontainers-bom-1.15.2.pom - Vui long kiem tra settings.xml 
[FAILED] testcontainers-bom-1.16.1.pom - Vui long kiem tra settings.xml 
[FAILED] testcontainers-bom-1.16.2.pom - Vui long kiem tra settings.xml 
[FAILED] testcontainers-bom-1.17.1.pom - Vui long kiem tra settings.xml 
[FAILED] testcontainers-bom-1.17.2.pom - Vui long kiem tra settings.xml 
[FAILED] testcontainers-bom-1.17.5.pom - Vui long kiem tra settings.xml 
[FAILED] testcontainers-bom-1.17.6.pom - Vui long kiem tra settings.xml 
[FAILED] testcontainers-bom-1.18.3.pom - Vui long kiem tra settings.xml 
[FAILED] testcontainers-bom-1.19.3.pom - Vui long kiem tra settings.xml 
[FAILED] testcontainers-bom-1.19.7.pom - Vui long kiem tra settings.xml 
[FAILED] testcontainers-bom-1.19.8.pom - Vui long kiem tra settings.xml 
[FAILED] testcontainers-bom-1.21.2.pom - Vui long kiem tra settings.xml 
[FAILED] testng-6.13.1.pom - Vui long kiem tra settings.xml 
[FAILED] testng-7.4.0.pom - Vui long kiem tra settings.xml 
[FAILED] threetenbp-1.4.1.pom - Vui long kiem tra settings.xml 
[FAILED] threetenbp-1.4.3.pom - Vui long kiem tra settings.xml 
[FAILED] thymeleaf-extras-java8time-3.0.4.RELEASE.pom - Vui long kiem tra settings.xml 
[FAILED] thymeleaf-extras-springsecurity5-3.0.4.RELEASE.pom - Vui long kiem tra settings.xml 
[FAILED] thymeleaf-extras-springsecurity5-3.0.5.RELEASE.pom - Vui long kiem tra settings.xml 
[FAILED] thymeleaf-3.0.11.RELEASE.pom - Vui long kiem tra settings.xml 
[FAILED] thymeleaf-3.0.12.RELEASE.pom - Vui long kiem tra settings.xml 
[FAILED] thymeleaf-3.0.14.RELEASE.pom - Vui long kiem tra settings.xml 
[FAILED] thymeleaf-3.0.15.RELEASE.pom - Vui long kiem tra settings.xml 
[FAILED] thymeleaf-3.1.1.RELEASE.pom - Vui long kiem tra settings.xml 
[FAILED] thymeleaf-3.1.2.RELEASE.pom - Vui long kiem tra settings.xml 
[FAILED] thymeleaf-lib-3.1.1.RELEASE.pom - Vui long kiem tra settings.xml 
[FAILED] thymeleaf-lib-3.1.2.RELEASE.pom - Vui long kiem tra settings.xml 
[FAILED] thymeleaf-parent-3.1.1.RELEASE.pom - Vui long kiem tra settings.xml 
[FAILED] thymeleaf-parent-3.1.2.RELEASE.pom - Vui long kiem tra settings.xml 
[FAILED] thymeleaf-spring5-3.0.11.RELEASE.pom - Vui long kiem tra settings.xml 
[FAILED] thymeleaf-spring5-3.0.12.RELEASE.pom - Vui long kiem tra settings.xml 
[FAILED] thymeleaf-spring5-3.0.14.RELEASE.pom - Vui long kiem tra settings.xml 
[FAILED] thymeleaf-spring5-3.0.15.RELEASE.pom - Vui long kiem tra settings.xml 
[FAILED] thymeleaf-spring6-3.1.1.RELEASE.pom - Vui long kiem tra settings.xml 
[FAILED] thymeleaf-spring6-3.1.2.RELEASE.pom - Vui long kiem tra settings.xml 
[FAILED] sqljet-1.1.10.pom - Vui long kiem tra settings.xml 
[FAILED] sqljet-1.1.12.pom - Vui long kiem tra settings.xml 
[FAILED] sqljet-1.1.15.pom - Vui long kiem tra settings.xml 
[FAILED] svnkit-1.10.1.pom - Vui long kiem tra settings.xml 
[FAILED] svnkit-1.10.11.pom - Vui long kiem tra settings.xml 
[FAILED] svnkit-1.8.12.pom - Vui long kiem tra settings.xml 
[FAILED] tomlj-1.0.0.pom - Vui long kiem tra settings.xml 
[FAILED] xz-1.5.pom - Vui long kiem tra settings.xml 
[FAILED] xz-1.6.pom - Vui long kiem tra settings.xml 
[FAILED] xz-1.8.pom - Vui long kiem tra settings.xml 
[FAILED] xz-1.9.pom - Vui long kiem tra settings.xml 
[FAILED] unbescape-1.1.6.RELEASE.pom - Vui long kiem tra settings.xml 
[FAILED] jdependency-2.1.1.pom - Vui long kiem tra settings.xml 
[FAILED] jdependency-2.4.0.pom - Vui long kiem tra settings.xml 
[FAILED] jdependency-2.8.0.pom - Vui long kiem tra settings.xml 
[FAILED] d3js-3.4.11.pom - Vui long kiem tra settings.xml 
[FAILED] jquery-3.5.1.pom - Vui long kiem tra settings.xml 
[FAILED] swagger-ui-3.52.5.pom - Vui long kiem tra settings.xml 
[FAILED] swagger-ui-4.11.1.pom - Vui long kiem tra settings.xml 
[FAILED] swagger-ui-4.15.5.pom - Vui long kiem tra settings.xml 
[FAILED] swagger-ui-4.18.2.pom - Vui long kiem tra settings.xml 
[FAILED] swagger-ui-5.13.0.pom - Vui long kiem tra settings.xml 
[FAILED] swagger-ui-5.17.14.pom - Vui long kiem tra settings.xml 
[FAILED] webjars-locator-core-0.46.pom - Vui long kiem tra settings.xml 
[FAILED] webjars-locator-core-0.50.pom - Vui long kiem tra settings.xml 
[FAILED] webjars-locator-core-0.52.pom - Vui long kiem tra settings.xml 
[FAILED] webjars-locator-core-0.55.pom - Vui long kiem tra settings.xml 
[FAILED] snappy-java-1.1.10.4.pom - Vui long kiem tra settings.xml 
[FAILED] snappy-java-1.1.10.5.pom - Vui long kiem tra settings.xml 
[FAILED] snappy-java-1.1.7.1.pom - Vui long kiem tra settings.xml 
[FAILED] snappy-java-1.1.7.3.pom - Vui long kiem tra settings.xml 
[FAILED] snappy-java-1.1.8.4.pom - Vui long kiem tra settings.xml 
[FAILED] flying-saucer-core-9.3.1.pom - Vui long kiem tra settings.xml 
[FAILED] flying-saucer-parent-9.3.1.pom - Vui long kiem tra settings.xml 
[FAILED] flying-saucer-pdf-itext5-9.3.1.pom - Vui long kiem tra settings.xml 
[FAILED] xmlunit-core-2.10.2.pom - Vui long kiem tra settings.xml 
[FAILED] xmlunit-core-2.6.2.pom - Vui long kiem tra settings.xml 
[FAILED] xmlunit-core-2.6.3.pom - Vui long kiem tra settings.xml 
[FAILED] xmlunit-core-2.7.0.pom - Vui long kiem tra settings.xml 
[FAILED] xmlunit-core-2.8.3.pom - Vui long kiem tra settings.xml 
[FAILED] xmlunit-core-2.8.4.pom - Vui long kiem tra settings.xml 
[FAILED] xmlunit-core-2.9.0.pom - Vui long kiem tra settings.xml 
[FAILED] xmlunit-core-2.9.1.pom - Vui long kiem tra settings.xml 
[FAILED] xmlunit-parent-2.10.2.pom - Vui long kiem tra settings.xml 
[FAILED] xmlunit-parent-2.6.2.pom - Vui long kiem tra settings.xml 
[FAILED] xmlunit-parent-2.6.3.pom - Vui long kiem tra settings.xml 
[FAILED] xmlunit-parent-2.7.0.pom - Vui long kiem tra settings.xml 
[FAILED] xmlunit-parent-2.8.3.pom - Vui long kiem tra settings.xml 
[FAILED] xmlunit-parent-2.8.4.pom - Vui long kiem tra settings.xml 
[FAILED] xmlunit-parent-2.9.0.pom - Vui long kiem tra settings.xml 
[FAILED] xmlunit-parent-2.9.1.pom - Vui long kiem tra settings.xml 
[FAILED] snakeyaml-1.23.pom - Vui long kiem tra settings.xml 
[FAILED] snakeyaml-1.26.pom - Vui long kiem tra settings.xml 
[FAILED] snakeyaml-1.27.pom - Vui long kiem tra settings.xml 
[FAILED] snakeyaml-1.28.pom - Vui long kiem tra settings.xml 
[FAILED] snakeyaml-1.29.pom - Vui long kiem tra settings.xml 
[FAILED] snakeyaml-1.30.pom - Vui long kiem tra settings.xml 
[FAILED] snakeyaml-1.33.pom - Vui long kiem tra settings.xml 
[FAILED] snakeyaml-2.2.pom - Vui long kiem tra settings.xml 
[FAILED] snakeyaml-2.4.pom - Vui long kiem tra settings.xml 
[FAILED] zt-zip-1.15.pom - Vui long kiem tra settings.xml 
[FAILED] oro-2.0.8.pom - Vui long kiem tra settings.xml 
[FAILED] git-commit-id-plugin-3.0.1.pom - Vui long kiem tra settings.xml 
[FAILED] git-commit-id-plugin-4.9.10.pom - Vui long kiem tra settings.xml 
[FAILED] git-commit-id-plugin-parent-4.9.10.pom - Vui long kiem tra settings.xml 
[FAILED] js-1.7R1.pom - Vui long kiem tra settings.xml 
[FAILED] annotations-2.18.41.pom - Vui long kiem tra settings.xml 
[FAILED] apache-client-2.18.41.pom - Vui long kiem tra settings.xml 
[FAILED] arns-2.18.41.pom - Vui long kiem tra settings.xml 
[FAILED] auth-2.18.41.pom - Vui long kiem tra settings.xml 
[FAILED] aws-core-2.18.41.pom - Vui long kiem tra settings.xml 
[FAILED] aws-json-protocol-2.18.41.pom - Vui long kiem tra settings.xml 
[FAILED] aws-query-protocol-2.18.41.pom - Vui long kiem tra settings.xml 
[FAILED] aws-sdk-java-pom-2.18.41.pom - Vui long kiem tra settings.xml 
[FAILED] aws-xml-protocol-2.18.41.pom - Vui long kiem tra settings.xml 
[FAILED] bom-internal-2.18.41.pom - Vui long kiem tra settings.xml 
[FAILED] endpoints-spi-2.18.41.pom - Vui long kiem tra settings.xml 
[FAILED] http-client-spi-2.18.41.pom - Vui long kiem tra settings.xml 
[FAILED] http-clients-2.18.41.pom - Vui long kiem tra settings.xml 
[FAILED] json-utils-2.18.41.pom - Vui long kiem tra settings.xml 
[FAILED] metrics-spi-2.18.41.pom - Vui long kiem tra settings.xml 
[FAILED] netty-nio-client-2.18.41.pom - Vui long kiem tra settings.xml 
[FAILED] profiles-2.18.41.pom - Vui long kiem tra settings.xml 
[FAILED] protocol-core-2.18.41.pom - Vui long kiem tra settings.xml 
[FAILED] protocols-2.18.41.pom - Vui long kiem tra settings.xml 
[FAILED] regions-2.18.41.pom - Vui long kiem tra settings.xml 
[FAILED] s3-2.18.41.pom - Vui long kiem tra settings.xml 
[FAILED] sdk-core-2.18.41.pom - Vui long kiem tra settings.xml 
[FAILED] secretsmanager-2.18.41.pom - Vui long kiem tra settings.xml 
[FAILED] services-2.18.41.pom - Vui long kiem tra settings.xml 
[FAILED] ssm-2.18.41.pom - Vui long kiem tra settings.xml 
[FAILED] third-party-2.18.41.pom - Vui long kiem tra settings.xml 
[FAILED] third-party-jackson-core-2.18.41.pom - Vui long kiem tra settings.xml 
[FAILED] eventstream-1.0.1.pom - Vui long kiem tra settings.xml 
[FAILED] ion-java-1.0.1.pom - Vui long kiem tra settings.xml 
[FAILED] ion-java-1.0.2.pom - Vui long kiem tra settings.xml 
[FAILED] sslext-1.2-0.pom - Vui long kiem tra settings.xml 
[FAILED] stax-api-1.0.1.pom - Vui long kiem tra settings.xml 
[FAILED] 3cx-bonecp-0.8.0.RELEASE.jar-0.0.1-SNAPSHOT.pom - Vui long kiem tra settings.xml 
[FAILED] 3cx-guava-16.0.1.jar-0.0.1-SNAPSHOT.pom - Vui long kiem tra settings.xml 
[FAILED] 3cx-ojdbc14_g.jar-0.0.1-SNAPSHOT.pom - Vui long kiem tra settings.xml 
[FAILED] ems-1.0.0.pom - Vui long kiem tra settings.xml 
[FAILED] xhtd-1.0.pom - Vui long kiem tra settings.xml 
[FAILED] xhtd-ant-1.10.12.jar-1.0.pom - Vui long kiem tra settings.xml 
[FAILED] xhtd-ant-launcher-1.10.12.jar-1.0.pom - Vui long kiem tra settings.xml 
[FAILED] xhtd-bcpkix-jdk15on-1.60.jar-1.0.pom - Vui long kiem tra settings.xml 
[FAILED] xhtd-bcprov-jdk15on-1.60.jar-1.0.pom - Vui long kiem tra settings.xml 
[FAILED] xhtd-bonecp-0.8.0.RELEASE.jar-1.0.pom - Vui long kiem tra settings.xml 
[FAILED] xhtd-classmate-1.5.1.jar-1.0.pom - Vui long kiem tra settings.xml 
[FAILED] xhtd-commons-codec-1.15.jar-1.0.pom - Vui long kiem tra settings.xml 
[FAILED] xhtd-commons-collections4-4.4.jar-1.0.pom - Vui long kiem tra settings.xml 
[FAILED] xhtd-commons-compress-1.21.jar-1.0.pom - Vui long kiem tra settings.xml 
[FAILED] xhtd-commons-fileupload-1.1.1.jar-1.0.pom - Vui long kiem tra settings.xml 
[FAILED] xhtd-commons-io-2.11.0.jar-1.0.pom - Vui long kiem tra settings.xml 
[FAILED] xhtd-commons-jexl-2.1.1.jar-1.0.pom - Vui long kiem tra settings.xml 
[FAILED] xhtd-commons-lang-2.4.jar-1.0.pom - Vui long kiem tra settings.xml 
[FAILED] xhtd-commons-lang3-3.9.jar-1.0.pom - Vui long kiem tra settings.xml 
[FAILED] xhtd-commons-logging-1.2.jar-1.0.pom - Vui long kiem tra settings.xml 
[FAILED] xhtd-commons-logging.jar-1.0.pom - Vui long kiem tra settings.xml 
[FAILED] xhtd-commons-math3-3.6.1.jar-1.0.pom - Vui long kiem tra settings.xml 
[FAILED] xhtd-curvesapi-1.07.jar-1.0.pom - Vui long kiem tra settings.xml 
[FAILED] xhtd-dom4j-1.6.1.jar-1.0.pom - Vui long kiem tra settings.xml 
[FAILED] xhtd-flying-saucer-pdf-9.3.0.jar-1.0.pom - Vui long kiem tra settings.xml 
[FAILED] xhtd-gson-2.10.1.jar-1.0.pom - Vui long kiem tra settings.xml 
[FAILED] xhtd-guava-16.0.1.jar-1.0.pom - Vui long kiem tra settings.xml 
[FAILED] xhtd-hamcrest-core-1.1.jar-1.0.pom - Vui long kiem tra settings.xml 
[FAILED] xhtd-hibernate-validator-8.0.0.Final.jar-1.0.pom - Vui long kiem tra settings.xml 
[FAILED] xhtd-httpclient-4.5.4.jar-1.0.pom - Vui long kiem tra settings.xml 
[FAILED] xhtd-httpclient5-5.2.1.jar-1.0.pom - Vui long kiem tra settings.xml 
[FAILED] xhtd-httpcore-4.4.7.jar-1.0.pom - Vui long kiem tra settings.xml 
[FAILED] xhtd-httpcore5-5.2.jar-1.0.pom - Vui long kiem tra settings.xml 
[FAILED] xhtd-httpcore5-h2-5.2.jar-1.0.pom - Vui long kiem tra settings.xml 
[FAILED] xhtd-itext-2.1.7.jar-1.0.pom - Vui long kiem tra settings.xml 
[FAILED] xhtd-itextpdf-5.5.13.3.jar-1.0.pom - Vui long kiem tra settings.xml 
[FAILED] xhtd-jackson-annotations-2.14.3.jar-1.0.pom - Vui long kiem tra settings.xml 
[FAILED] xhtd-jackson-annotations-2.9.8.jar-1.0.pom - Vui long kiem tra settings.xml 
[FAILED] xhtd-jackson-core-2.14.3.jar-1.0.pom - Vui long kiem tra settings.xml 
[FAILED] xhtd-jackson-core-2.9.8.jar-1.0.pom - Vui long kiem tra settings.xml 
[FAILED] xhtd-jackson-databind-2.14.3.jar-1.0.pom - Vui long kiem tra settings.xml 
[FAILED] xhtd-jackson-databind-2.9.8.jar-1.0.pom - Vui long kiem tra settings.xml 
[FAILED] xhtd-jackson-datatype-jdk8-2.14.3.jar-1.0.pom - Vui long kiem tra settings.xml 
[FAILED] xhtd-jackson-datatype-jsr310-2.14.3.jar-1.0.pom - Vui long kiem tra settings.xml 
[FAILED] xhtd-jackson-module-parameter-names-2.14.3.jar-1.0.pom - Vui long kiem tra settings.xml 
[FAILED] xhtd-jagg-core-0.9.0.jar-1.0.pom - Vui long kiem tra settings.xml 
[FAILED] xhtd-jakarta.annotation-api-2.1.1.jar-1.0.pom - Vui long kiem tra settings.xml 
[FAILED] xhtd-jakarta.servlet.jsp.jstl-2.0.0.jar-1.0.pom - Vui long kiem tra settings.xml 
[FAILED] xhtd-jakarta.servlet.jsp.jstl-api-2.0.0.jar-1.0.pom - Vui long kiem tra settings.xml 
[FAILED] xhtd-jakarta.validation-api-3.0.2.jar-1.0.pom - Vui long kiem tra settings.xml 
[FAILED] xhtd-jboss-logging-3.3.2.Final.jar-1.0.pom - Vui long kiem tra settings.xml 
[FAILED] xhtd-jboss-logging-3.4.1.Final.jar-1.0.pom - Vui long kiem tra settings.xml 
[FAILED] xhtd-jett-core-0.11.0.jar-1.0.pom - Vui long kiem tra settings.xml 
[FAILED] xhtd-json-simple-1.1.1.jar-1.0.pom - Vui long kiem tra settings.xml 
[FAILED] xhtd-jsp-api-2.1.jar-1.0.pom - Vui long kiem tra settings.xml 
[FAILED] xhtd-jstl-1.2.jar-1.0.pom - Vui long kiem tra settings.xml 
[FAILED] xhtd-jul-to-slf4j-2.0.7.jar-1.0.pom - Vui long kiem tra settings.xml 
[FAILED] xhtd-junit-4.10.jar-1.0.pom - Vui long kiem tra settings.xml 
[FAILED] xhtd-log4j-1.2.16.jar-1.0.pom - Vui long kiem tra settings.xml 
[FAILED] xhtd-log4j-1.2.17.jar-1.0.pom - Vui long kiem tra settings.xml 
[FAILED] xhtd-log4j-api-2.18.0.jar-1.0.pom - Vui long kiem tra settings.xml 
[FAILED] xhtd-log4j-api-2.19.0.jar-1.0.pom - Vui long kiem tra settings.xml 
[FAILED] xhtd-log4j-to-slf4j-2.19.0.jar-1.0.pom - Vui long kiem tra settings.xml 
[FAILED] xhtd-logback-classic-1.4.7.jar-1.0.pom - Vui long kiem tra settings.xml 
[FAILED] xhtd-logback-core-1.4.7.jar-1.0.pom - Vui long kiem tra settings.xml 
[FAILED] xhtd-lombok-1.18.24.jar-1.0.pom - Vui long kiem tra settings.xml 
[FAILED] xhtd-mail.jar-1.0.pom - Vui long kiem tra settings.xml 
[FAILED] xhtd-micrometer-commons-1.10.7.jar-1.0.pom - Vui long kiem tra settings.xml 
[FAILED] xhtd-micrometer-observation-1.10.7.jar-1.0.pom - Vui long kiem tra settings.xml 
[FAILED] xhtd-ojdbc10.jar-1.0.pom - Vui long kiem tra settings.xml 
[FAILED] xhtd-ojdbc14_g.jar-1.0.pom - Vui long kiem tra settings.xml 
[FAILED] xhtd-ojdbc6.jar-1.0.pom - Vui long kiem tra settings.xml 
[FAILED] xhtd-ojdbc8-19.3.0.0.jar-1.0.pom - Vui long kiem tra settings.xml 
[FAILED] xhtd-poi-3.14.jar-1.0.pom - Vui long kiem tra settings.xml 
[FAILED] xhtd-poi-ooxml-3.14.jar-1.0.pom - Vui long kiem tra settings.xml 
[FAILED] xhtd-poi-ooxml-schemas-3.14.jar-1.0.pom - Vui long kiem tra settings.xml 
[FAILED] xhtd-slf4j-api-2.0.4.jar-1.0.pom - Vui long kiem tra settings.xml 
[FAILED] xhtd-snakeyaml-1.33.jar-1.0.pom - Vui long kiem tra settings.xml 
[FAILED] xhtd-SparseBitSet-1.2.jar-1.0.pom - Vui long kiem tra settings.xml 
[FAILED] xhtd-spring-aop-6.0.9.jar-1.0.pom - Vui long kiem tra settings.xml 
[FAILED] xhtd-spring-beans-6.0.9.jar-1.0.pom - Vui long kiem tra settings.xml 
[FAILED] xhtd-spring-boot-3.0.7.jar-1.0.pom - Vui long kiem tra settings.xml 
[FAILED] xhtd-spring-boot-autoconfigure-3.0.7.jar-1.0.pom - Vui long kiem tra settings.xml 
[FAILED] xhtd-spring-boot-starter-3.0.7.jar-1.0.pom - Vui long kiem tra settings.xml 
[FAILED] xhtd-spring-boot-starter-json-3.0.7.jar-1.0.pom - Vui long kiem tra settings.xml 
[FAILED] xhtd-spring-boot-starter-logging-3.0.7.jar-1.0.pom - Vui long kiem tra settings.xml 
[FAILED] xhtd-spring-boot-starter-tomcat-3.0.7.jar-1.0.pom - Vui long kiem tra settings.xml 
[FAILED] xhtd-spring-boot-starter-validation-3.0.7.jar-1.0.pom - Vui long kiem tra settings.xml 
[FAILED] xhtd-spring-boot-starter-web-3.0.7.jar-1.0.pom - Vui long kiem tra settings.xml 
[FAILED] xhtd-spring-context-6.0.9.jar-1.0.pom - Vui long kiem tra settings.xml 
[FAILED] xhtd-spring-core-6.0.9.jar-1.0.pom - Vui long kiem tra settings.xml 
[FAILED] xhtd-spring-expression-6.0.9.jar-1.0.pom - Vui long kiem tra settings.xml 
[FAILED] xhtd-spring-jcl-6.0.9.jar-1.0.pom - Vui long kiem tra settings.xml 
[FAILED] xhtd-spring-web-6.0.9.jar-1.0.pom - Vui long kiem tra settings.xml 
[FAILED] xhtd-spring-webmvc-6.0.9.jar-1.0.pom - Vui long kiem tra settings.xml 
[FAILED] xhtd-stax-api-1.0.1.jar-1.0.pom - Vui long kiem tra settings.xml 
[FAILED] xhtd-thymeleaf-3.1.2.RELEASE.jar-1.0.pom - Vui long kiem tra settings.xml 
[FAILED] xhtd-tomcat-coyote.jar-1.0.pom - Vui long kiem tra settings.xml 
[FAILED] xhtd-tomcat-embed-core-10.1.8.jar-1.0.pom - Vui long kiem tra settings.xml 
[FAILED] xhtd-tomcat-embed-el-10.1.8.jar-1.0.pom - Vui long kiem tra settings.xml 
[FAILED] xhtd-tomcat-embed-websocket-10.1.8.jar-1.0.pom - Vui long kiem tra settings.xml 
[FAILED] xhtd-tomcat-jasper-10.1.10.jar-1.0.pom - Vui long kiem tra settings.xml 
[FAILED] xhtd-tomcat-jsp-api-10.1.1.jar-1.0.pom - Vui long kiem tra settings.xml 
[FAILED] xhtd-xmlbeans-2.6.0.jar-1.0.pom - Vui long kiem tra settings.xml 
[FAILED] xhtd-xmlsec-3.0.0.jar-1.0.pom - Vui long kiem tra settings.xml 
[FAILED] portalapi-0.0.1-SNAPSHOT.pom - Vui long kiem tra settings.xml 
[FAILED] apigw-0.0.1-SNAPSHOT.pom - Vui long kiem tra settings.xml 
[FAILED] serializer-2.7.1.pom - Vui long kiem tra settings.xml 
[FAILED] xalan-2.6.0.pom - Vui long kiem tra settings.xml 
[FAILED] xalan-2.7.1.pom - Vui long kiem tra settings.xml 
[FAILED] xerces-2.0.2.pom - Vui long kiem tra settings.xml 
[FAILED] xercesImpl-2.0.2.pom - Vui long kiem tra settings.xml 
[FAILED] xercesImpl-2.11.0.pom - Vui long kiem tra settings.xml 
[FAILED] xercesImpl-2.6.2.pom - Vui long kiem tra settings.xml 
[FAILED] xercesImpl-2.8.0.pom - Vui long kiem tra settings.xml 
[FAILED] xercesImpl-2.9.1.pom - Vui long kiem tra settings.xml 
[FAILED] xmlParserAPIs-2.6.2.pom - Vui long kiem tra settings.xml 
[FAILED] xml-apis-1.0.b2.pom - Vui long kiem tra settings.xml 
[FAILED] xml-apis-1.3.02.pom - Vui long kiem tra settings.xml 
[FAILED] xml-apis-1.3.03.pom - Vui long kiem tra settings.xml 
[FAILED] xml-apis-1.3.04.pom - Vui long kiem tra settings.xml 
[FAILED] xml-apis-1.4.01.pom - Vui long kiem tra settings.xml 
[FAILED] xml-apis-2.0.2.pom - Vui long kiem tra settings.xml 
[FAILED] xml-apis-ext-1.3.04.pom - Vui long kiem tra settings.xml 
[FAILED] xmlpull-1.1.3.1.pom - Vui long kiem tra settings.xml 
[FAILED] xmlunit-1.5.pom - Vui long kiem tra settings.xml 
[FAILED] xom-1.0.pom - Vui long kiem tra settings.xml 
[FAILED] xpp3_min-1.1.4c.pom - Vui long kiem tra settings.xml 
